hTXZNh5k-nJvPKd0OVA1cA,Réunion
-5ObOZLsl1w9rrQ-FC-CzA,Réunion
fV3VB4XarWmuBmRcCtByWA,Réunion
xYN9Z3PgvoxoSfMUcuqbfg,Réunion
36NnGAl73mSTGdQkQtAkeg,Réunion
hpN36cakE0VItWzrxxKilA,Réunion
cLOowunPsG8bJnpl5SF_0A,Réunion
bd8bqZt38_mozSphEPdlKQ,Réunion
knlxxAm_rYe02q7xLOgwDQ,Réunion
eLvbpThutLWONDwZKAdCcw,Réunion
VK21KxWrJc1h1RKp5sVPVw,Réunion
ZK4KwZTMO1UDh9RPupjclQ,Réunion
ZesSStsDQHvFU0iYYcnh1g,Réunion
xkT3-UQAuoCQFa3RCzX-AQ,Réunion
Z4n8zIJPtVv7Jrn7wM91yA,Réunion
-LN71iXvJkjsqs52kTeEIQ,Réunion
i5MlS4FDTAgtFmA4FHQRgA,Réunion
BQeOExa8WxsFmnBSWlkLjA,Réunion
TQwplc5eUY1sbvBVtxbtdg,Réunion
08j5CZH2ejVemdx5ES12qQ,Réunion
apkq2UStIiBJJv7b0xjHqQ,Réunion
dYmWOuFB_QL3brHTzeqJfg,Réunion
VVobUik_8Rm_INL774leVw,Réunion
-7SeanI8DfsZ9t2jTB0rFQ,Réunion
gbfx6yLE6wbirr6rVkQGnA,Réunion
fpEDHZVetgVPkm1tRsZtAA,Réunion
TRl0j89dRr2uSgRy9uY8hw,Réunion
ULVpsgNR83kTD7S5apRNPg,Réunion
7KhebeExF7RA6B5mNigjlw,Réunion
7k3X87LhnwF__2bMFsM2bg,Réunion
cyqOpxJmlP2nKSAbNVFAJw,Réunion
Yi31KYn9QZ-eMwWbXVjIhg,Réunion
126NZiKiEaz9PSgi-ctvcA,Réunion
VUwXDRelYHyQVySZ-kPsvg,Réunion
XwnKhhUBMN3CYhpuDeMhgw,Réunion
rMCzXs29BiQxTR8WGvUf7A,Réunion
zZJi3-_KzKh0AoxW6s7hcA,Réunion
VwMD_bN5G80PKRR3MsVRKA,Réunion
6bvGoTe5l5VBcu8DbNkITQ,Réunion
c3b3grEdiQiNfLbKu3KQeQ,Réunion
-6J9RtFLXq4CGLLFGzhqJg,Réunion
gZO3cHDDHjMl6bfSe9t-1A,Réunion
-RcWFUgAHaeVQ0fcmS7oPg,Réunion
YVKRddnLrIJvQiT-CIoSPg,Réunion
dpcB9vXmHtoRm8YJ22Jw0w,Réunion
oAb0JYQF3m6ruZiJDIFFhw,Réunion
VBksGGulVXXATJzazh5Kdg,Réunion
rUAfNErQsK6IUS8j5ipOwg,Réunion
iwG1b01iRLW4moDS3Mwsmw,Réunion
vx4PVDoiNVS-tVkZOmwnqg,Réunion
TFgU9hJvZeLpwzGAEsrTPA,Réunion
VtWp1HfwaPgGsccNcD8R5Q,Réunion
kxXm8ZszxK0XTr2G9GG07A,Réunion
UzrsfcmRaz2iYEUSdhWo3A,Réunion
cwzvlrkrfKIgk-18bQbEsA,Réunion
_VAngJKJu0hbU-b1T1Hjpg,Réunion
-_HdOZkaSElv6oEA5hAB9Q,Réunion
gbr2Z9jM_FsAPqzlr7_G2w,Réunion
spNca4ZcUTwsGZEoc_rPZw,Réunion
TfyEhI7xW38f5UXkCgEboQ,Réunion
-B_w5y6747RVjtvnBwb6Vw,Réunion
4c-2QWKnVbVOn8LhjC6VTg,Réunion
7VMm2j9lKKbjvNx7wRp_hw,Réunion
Sd2_HRao_D_Rr_RODyp_4Q,Réunion
IWW5XsoYDYWDikMLvZIBLQ,Réunion
YxHlG-RpLVXFzWoTkaDbMA,Réunion
8P_oQfB7P6PBxqO4-OLlWg,Réunion
UMmKlOi3XsPi0mV3NSmfiA,Réunion
TcRB06BCZe7iWYruB8d6fw,Réunion
rH1TGKP1kbRCFEoAVRNNdA,Réunion
jnrrMzX9d7RRsCIevyQHUQ,Réunion
mp_Lybq_Gjege6EtgEdFkA,Réunion
07NKwYW68J865KHad3RtPg,Réunion
W-63njTg7bOekESlnYvrzg,Réunion
15FJ2pf-hjxVaj9jLTOCtQ,Réunion
aGSaJ5QFOfKXK4kRL508BA,Réunion
wChoGmGgzSmva_hImOHkRA,Réunion
TOyLBhHmOzQ1UHMXTUcdpA,Réunion
UpXdQcD7HPLFm0oz9tASvQ,Réunion
_-O88pJT5caQw-S3ExT16Q,Réunion
WAuV3Lf5G1jrpYyCn3p8iQ,Réunion
xIs_Le9xOMRhrrzswk6n-Q,Réunion
ht75XWTLcxEy8C6eYlBMHA,Réunion
0VfM1Vg8Mm0Byl-9neNJKw,Réunion
xkNxOjuej9PsrPilYB4CTg,Réunion
-hK4znxJjy7mdPEPC_1IJQ,Réunion
Usbubi-nP1j1Co4L2D49jQ,Réunion
jKGYfdOnl9iB_nPPbXQhTg,Réunion
mXrs6Ns7-oHRb5v53bS04w,Réunion
-ZV7eNKPsMKyClX8lU94EQ,Réunion
-qAguIo2B0QP6ZR4Oj9Sjg,Réunion
iuJs0bri_ujF5kn54VlWIw,Réunion
h7LxUZy4JwSXFRGnjJNqGg,Réunion
V-0F3MIn9ObeqNPGCGFSlQ,Réunion
cXzGKlFy1tChZgFzJT1Ipg,Réunion
XQpDe0C5uTP3a623KCVcQA,Réunion
gw6M3qxV4mMsbJC-DHO81A,Réunion
TdXSVV2dSMQQq7ZKSjvuXQ,Réunion
zkEZsx4qbflVnMuRdcGc_A,Réunion
ra4cpK0xwVSiczwoBsOw8g,Réunion
gBHiqaYehUXKfjSNrV8YSA,New Aquitaine
wfl-7JQAvzuGB1VoCsa0yA,New Aquitaine
TnUVoj-7JRwsQ3eX5rIrug,New Aquitaine
Xtrq2I00w1pMYIrQpeylNg,New Aquitaine
Z6KFxbcMu8ZVtqdV-NaHqg,New Aquitaine
ngOs4PNVYxnWNXMiBXQgWw,New Aquitaine
ZUiYtOca4xuQmjbNKwUs7Q,New Aquitaine
fOwC_r1gdIX92aiXiVUafw,New Aquitaine
qlbn31TONvx6JWocbH5ifA,New Aquitaine
hEASkST2XmMX_1Sz2u6mDA,New Aquitaine
WTHKomInS7WYbQWJohKVPw,New Aquitaine
ac3Dcf7rw-tsI5BNBQr-uA,New Aquitaine
yrbVR9tDM_ktHxrSnjyp4g,New Aquitaine
EbWmVAn4Y0g_zTuQd5fsJA,New Aquitaine
sa_XmKGzLgAF4MmFfz5KMw,New Aquitaine
cMx2-H2Fau0McEdn_cmE5g,New Aquitaine
foav2Y8dkjHvPRTbc2Qq-Q,New Aquitaine
JFLoVdv2BO_yNKFIqr3sFg,New Aquitaine
ehIt1S0tjsiHJ3J0W-p7mg,New Aquitaine
URc-OrBtitYXbT5rrhXXMw,New Aquitaine
HabFGxkAn09a1eKNRKbXiQ,New Aquitaine
JQqYsn2IzBWvW9NoNuguvQ,New Aquitaine
0EFblyvDzzpq8Tv53NTeMw,New Aquitaine
11iUzu8Yyis55wlZPRFbmw,New Aquitaine
X99oRw4pw-_CWaElqFqD4w,New Aquitaine
0Ki4Zpv4rcz_8RhwNZL2_A,New Aquitaine
1_IimIcTVynGTIHKITkAqw,New Aquitaine
18grS_sf1_zs2aIZuNyYDw,New Aquitaine
-o0w5ywsDLUa0QtihW29rQ,New Aquitaine
kmYLieMpxnuu3TuGjHStUQ,New Aquitaine
eh69f53FPbDVLH4nylz-_w,New Aquitaine
W0r5SRIOxdZrNLzWLjODIA,New Aquitaine
0q_w8krhVwVoScrA1KHP5A,New Aquitaine
xBR4SKhm3PYvS1dycWrJ2Q,New Aquitaine
b-HBmCQaunHEnHFCNsnRVw,New Aquitaine
Z5DQSPfMfAO7awSltmRh-Q,New Aquitaine
UofuJ6OiFZdVBQixSxHVPQ,New Aquitaine
9Sh_t4G1Srwy9MMmBw4s1Q,New Aquitaine
d8tkIyudz5548-FCJz1hXw,New Aquitaine
X53a8zT7cDHcL7vbOgR0Jw,New Aquitaine
luiZt3_zmTAsumpCvwntMQ,New Aquitaine
D-EYcxxGEM9wMfEH-BR9MA,New Aquitaine
0Q4zyIEtznYpj6p_kz7JzA,New Aquitaine
D5JrToWUlKlFVXaaO-wXQg,New Aquitaine
m6Dvyjqqa1ozfQSQ5_oEgg,New Aquitaine
Shx8deh5keIHwVBlw4C-Xw,New Aquitaine
aGKhiy7lCj3OZi4yXv1B8w,New Aquitaine
TcvWt-CH4X1kt6XCegjTVg,New Aquitaine
eWBSOpiornlJf2yZwfEQxQ,New Aquitaine
d5E-F1ND0vuJHoP5t4h8GQ,New Aquitaine
TFA6UdQJ0GXGt0T1rocNxg,New Aquitaine
U9MWTSJj9PAWLifkV5LkLg,New Aquitaine
WYOoFtQLz04V8d7awpWz8A,New Aquitaine
zTxixmGQB5x2io4Hv2lC_w,New Aquitaine
ZQMAa07hCW9oni3DzZdOeQ,New Aquitaine
03tKJBZ_QhqG4gTFh1S9Mg,New Aquitaine
SgCkGntAbYjvUTXS17_eoQ,New Aquitaine
2k6tfm9S3jQBbScbLPONbQ,New Aquitaine
_PH2qdzGzxrYERNvaXzl2g,New Aquitaine
WFmmHIZkdS3ujZsO98Kwww,New Aquitaine
V1GWxcE15FUa5LH31q3tAA,New Aquitaine
A9tUkqJgRzcOiRBu_djjuw,New Aquitaine
jeNn1shiyk3-rqBmkH5cDw,New Aquitaine
0DkDS4bDBYtPb8meWivstA,New Aquitaine
b4PHmzBK_Z8kDoBt4JFP7g,New Aquitaine
WLcAdGFF2PlVYjaF2gEE8g,New Aquitaine
WslPN-5ekNhgsaERw7Wwfg,New Aquitaine
nhh9ENdxca0b6GHqr7N2Fw,New Aquitaine
J9QRq7G95wnRH-aiULIWJA,New Aquitaine
i-9aMC_xL_VEQ3mlQ9T4yw,New Aquitaine
5yklWh2X572kU2Nnj9ZWgA,New Aquitaine
WdGaCdPZfRAqM6uEoajZ3A,New Aquitaine
fAQgKQt4lm_Sg-PBxPiuwQ,New Aquitaine
nhnRQloROBd3Dkbd2bvT-A,New Aquitaine
YaOWSQgm8ldFWG3A5FLhRQ,New Aquitaine
-NyehcYGCXRd8Z642sBieQ,New Aquitaine
x2nUprTBxngBNeZU8-MjJw,New Aquitaine
AGtXmswTssPpROwziztqMA,New Aquitaine
d2gLm1Nkp_IQG6m5mTFZUw,New Aquitaine
VwwXZvAxmI1nXTYRkEiE2w,New Aquitaine
lB6VDmEwwktQa1147WhV1Q,New Aquitaine
0DdvMTCqbGoR10KBPgSdJg,New Aquitaine
ZNJNhz1DxnboK94NeFciPg,New Aquitaine
Bbv4VPKDI4emVPCf54yxhw,New Aquitaine
eQs_KnWdaGZCrVI7X9E7xA,New Aquitaine
aqZUs7hsIBBW2IoxWtZWjw,New Aquitaine
bJXqXPXouc_NDr4Y5zCLhA,New Aquitaine
hek5dFOy2_yIspXYRw9npg,New Aquitaine
aYfvCm2NURsZ4MqFu6Nhyg,New Aquitaine
D497V1INu28wmifP03x9gQ,New Aquitaine
vnTD4OMhzz5j9ZFJGHzQVQ,New Aquitaine
6v43MdaQKz3Hf3UMiVKL-Q,New Aquitaine
Y8G8ct0uRwHrJRIpJGjUzw,New Aquitaine
CbqhU8WuZRozRa11VezZgQ,New Aquitaine
nFR8TfsgF283o5VeNNPHBA,New Aquitaine
WRsmElWSgNlZA-C9e5KM2A,New Aquitaine
YNmQ-5rayepuOOsNXxAh7w,New Aquitaine
r-RWpi4mFNRRCKuhvRqf7g,New Aquitaine
UfZuue5nN6dfFfEXSi-b9g,New Aquitaine
T1GlFFbarI5rn12FczKh7Q,New Aquitaine
s9aYXP3HR6ylwxcueDHcQQ,Provence-Alpes-Côte d'Azur
Tvr_uka4CLWGe3tWLy9R9g,Provence-Alpes-Côte d'Azur
0HoO_HJkrypAFMtPzNtcTg,Provence-Alpes-Côte d'Azur
Boi4EKqTeqFRzHjr_y-WQw,Provence-Alpes-Côte d'Azur
67TDee5xl4NOrEByzH-bWw,Provence-Alpes-Côte d'Azur
bBJVb5cvDi_llR9MKfgdbA,Provence-Alpes-Côte d'Azur
DQgzsrDLhPw_xBWrLasOaw,Provence-Alpes-Côte d'Azur
e4omz-_XfzCRi7B4VXI5JA,Provence-Alpes-Côte d'Azur
f_hsBDgWrEBvgGoPCz285w,Provence-Alpes-Côte d'Azur
1tktl4Yto7y8RG0KXPQcug,Provence-Alpes-Côte d'Azur
4tz8Cb33_JXpz_L3VMzGzA,Provence-Alpes-Côte d'Azur
ZnRY6hBmn18IzwGp1tCBZA,Provence-Alpes-Côte d'Azur
_2KKVwsz5iNq-U83igCfcQ,Provence-Alpes-Côte d'Azur
T-Wa00Q8BeGMixcresfs1Q,Provence-Alpes-Côte d'Azur
fIhnluky1GXQFFrUEbPhmQ,Provence-Alpes-Côte d'Azur
T5M2RFQA0vZD-CyxrJ5rYA,Provence-Alpes-Côte d'Azur
dcls8jk0GbMBzF3sKvGE-g,Provence-Alpes-Côte d'Azur
5zOwgfxCPgMs0r_zMsqNiA,Provence-Alpes-Côte d'Azur
TTATQJeF-ZHPwnxq15_TKA,Provence-Alpes-Côte d'Azur
kN8DoAcgtRGcaTa5QMmUbQ,Provence-Alpes-Côte d'Azur
0nRRWQQo_uFK4gxFngifNQ,Provence-Alpes-Côte d'Azur
1oHefQia8b1em2ialBB_TA,Provence-Alpes-Côte d'Azur
y1k8LM0xjJXFoSMEHXn9gw,Provence-Alpes-Côte d'Azur
bVWBidHUhHhohO5jL8iv7A,Provence-Alpes-Côte d'Azur
XntQ4PoQqT92On3qevK_sQ,Provence-Alpes-Côte d'Azur
iEcGP6mlAtZlfgc4__elbQ,Provence-Alpes-Côte d'Azur
1WYtJyyC6u6v1bvci8cj4g,Provence-Alpes-Côte d'Azur
VxYQeQsXKaU3hLbSBqYNog,Provence-Alpes-Côte d'Azur
jKpx74PRtHN0D6IVk4yelA,Provence-Alpes-Côte d'Azur
eSY4XbLjJ0WjuvHKGvBQ3g,Provence-Alpes-Côte d'Azur
0Lbtz73wxJ9hpRWR-O2YdQ,Provence-Alpes-Côte d'Azur
06MSeV-_Ypp0QJSndp-QlA,Provence-Alpes-Côte d'Azur
erCHdFJHkX_3hN6Ux7OCXw,Provence-Alpes-Côte d'Azur
eBCDzbimbKwbw8TrfBK5Ng,Provence-Alpes-Côte d'Azur
lvsaPIlM35dt2nqRKiUqRA,Provence-Alpes-Côte d'Azur
7zY8d5OCp_nxXJUOjouk4w,Provence-Alpes-Côte d'Azur
TuocYtt6YnhQH7Xfi0SmAg,Provence-Alpes-Côte d'Azur
8Hmk4mE8hB9x1W5yotZz1g,Provence-Alpes-Côte d'Azur
_UQqdETzIKCR-FAbWva5JQ,Provence-Alpes-Côte d'Azur
XmaXuOVbZk-LkGJQVtK6kQ,Provence-Alpes-Côte d'Azur
gROKnoAIS2SEbf-9Eerjew,Provence-Alpes-Côte d'Azur
emAsowql_9Rm2p6zrp0K1w,Provence-Alpes-Côte d'Azur
dlpXrK5vQbUxl4ezXOGEQA,Provence-Alpes-Côte d'Azur
XjjXinJKu-LL36-Y4yDyXg,Provence-Alpes-Côte d'Azur
-uA8q5qWCaKbz8G2tuufsQ,Provence-Alpes-Côte d'Azur
UFh5ldecof21DdmE2_BjIw,Provence-Alpes-Côte d'Azur
6PTBY62VxW9kggiTkelQhw,Provence-Alpes-Côte d'Azur
1vrOc2eoGNDveFXVh8IJow,Provence-Alpes-Côte d'Azur
iUNeDYOkS23AHfmpDhPeDw,Provence-Alpes-Côte d'Azur
3p2MSUOUITpCXaZT8zrXcA,Provence-Alpes-Côte d'Azur
rwmFUTq-wK3ZQJbAfdw4JA,Provence-Alpes-Côte d'Azur
ZTqDeO1V1JSa9gJjTIRbzQ,Provence-Alpes-Côte d'Azur
04AoAWLW-mMa64OPuXQiyA,Provence-Alpes-Côte d'Azur
ayzLoQ_p0zpjVPbkQpqEnQ,Provence-Alpes-Côte d'Azur
a3Y2ni8WcM1RxMCZqYffCw,Provence-Alpes-Côte d'Azur
Sv9RJnk9rZYq-_ax4nbAwA,Provence-Alpes-Côte d'Azur
5HdGZGN4IPO-YC8ZN1sP-g,Provence-Alpes-Côte d'Azur
lY7vSBH633kIFnONkkAy8Q,Provence-Alpes-Côte d'Azur
cQMPeSncHwnFf00wRoqBcg,Provence-Alpes-Côte d'Azur
_TgeReFIuGZThmMhHUGyDA,Provence-Alpes-Côte d'Azur
eJEp_DFvOC9lNDHiCHGEZw,Provence-Alpes-Côte d'Azur
b5pldWjrMgoKXOPSYPJ3pg,Provence-Alpes-Côte d'Azur
T9B1Vl4_xV8rkNqD1X_h2A,Provence-Alpes-Côte d'Azur
2jqICNkYSVdKhXb3T6rQRQ,Provence-Alpes-Côte d'Azur
dBvX8ZCWKDfBKXxeVB4U8w,Provence-Alpes-Côte d'Azur
wAwCP_Mij5_Ha-BSGEGVRw,Provence-Alpes-Côte d'Azur
IjghEQMTDZo7h3hRL7M69w,Provence-Alpes-Côte d'Azur
ykRkv4rbLUTo9Y8ppCAdOQ,Provence-Alpes-Côte d'Azur
wrMKsjsZGM36fe7qOWfKJA,Provence-Alpes-Côte d'Azur
iXbPweInEBIlDt3fW5aKfQ,Provence-Alpes-Côte d'Azur
jUDuXQ3xxqibG3LbbzE3cg,Provence-Alpes-Côte d'Azur
35NAqqosG3D3spEthZ2fbg,Provence-Alpes-Côte d'Azur
kXiseeGfAyLWA73lgl42FA,Provence-Alpes-Côte d'Azur
kv_oKET0Nh1OBs03tQ7j7Q,Provence-Alpes-Côte d'Azur
xsNO_04vQ6-cOUn_bSi0Fg,Provence-Alpes-Côte d'Azur
anSDcKytVxtIC_hPAOeg0A,Provence-Alpes-Côte d'Azur
mj0MHmy4OpD1q9FfDkkhfQ,Provence-Alpes-Côte d'Azur
hEIpOq1gqz2R4HZLrVehYQ,Provence-Alpes-Côte d'Azur
aDCxmqMhIp0ZcQlPLa-7Jg,Provence-Alpes-Côte d'Azur
sIW0WshbHR0YUAYXo8sNJg,Provence-Alpes-Côte d'Azur
SvkmzNuIsjflP5XPLYBGlQ,Provence-Alpes-Côte d'Azur
CYRFVH3ELGZ_5TwtpUyv2g,Provence-Alpes-Côte d'Azur
YKquGb29gGLSqAku8797VA,Provence-Alpes-Côte d'Azur
iwQnATySwmD0AHXsJmcbUw,Provence-Alpes-Côte d'Azur
W66Ci4y1Cjw--2H-X4No9Q,Provence-Alpes-Côte d'Azur
Tg0FriaapJCtELIuDglFyw,Provence-Alpes-Côte d'Azur
YqYIGV0Fv7G5dsOf94LjEQ,Provence-Alpes-Côte d'Azur
vx2KdHLSFNMKSW-3qZ7x5w,Provence-Alpes-Côte d'Azur
2j68VM3Di_FIrbwM0dgVcg,Provence-Alpes-Côte d'Azur
TS75mUwIixVJTa_Po-aD7Q,Provence-Alpes-Côte d'Azur
HS7FDMBPZw9_Cpw9J7g98g,Provence-Alpes-Côte d'Azur
gE5l3vdMQqYBmLjVhwudsQ,Provence-Alpes-Côte d'Azur
_n9GwQqu_r91ZDMOsJLiKA,Provence-Alpes-Côte d'Azur
i0g8al2nDQ4vNJXLe4lO3Q,Provence-Alpes-Côte d'Azur
ZTseT28oyDlNtzUOvgW3Fg,Provence-Alpes-Côte d'Azur
XrI4vX_oke4o2Vq5eymXpw,Provence-Alpes-Côte d'Azur
0ffULBKTZAZzu74j_bYLhQ,Provence-Alpes-Côte d'Azur
0xsIUb3fwP8CfGKE0NcxfQ,Provence-Alpes-Côte d'Azur
aqvQlBLOwLo52JDqRhtQOA,Provence-Alpes-Côte d'Azur
-6ivYjbfYNQ_7uRdXRYDJw,Provence-Alpes-Côte d'Azur
VnI8VWCBtybtyN5opSdZsg,Occitania
g0iHNlvALyxy9_oCGbjz6g,Occitania
ZTooB2LRJjwRMeupyd1eZQ,Occitania
-lYRCZSegNuxUGNcDlZBhA,Occitania
yTOiLl8v_8v-NjxRryAr-g,Occitania
mP8xGpfPZ8gdLUQNyEro0g,Occitania
l10uKEX8QMdaWz6KNtcSzQ,Occitania
Z2mg2k4vV3L0I5o-4puNZA,Occitania
XNK5XrurezAkp6a_cLuhBA,Occitania
z691Q5BPC9yYo1Pfb66AEQ,Occitania
ieGbsR8kGkxT1rMxe3NaOg,Occitania
8czkMgtNE5rhNE1YXA2Ltw,Occitania
lM3bshG6di7Ezed6Z5UCYw,Occitania
HMXU3pfh1zPyaFn7oTR9YQ,Occitania
VxCBuLq1KMv4MNmzO1QO8w,Occitania
0Zf_wmRzRgH_2XI7gVMcHw,Occitania
2IKYMrRQR9Sw9BzZnE6MPw,Occitania
w5XHPs3nfPrZK4a174b8Zw,Occitania
9cE2ci2zps0iMvORTJAkCA,Occitania
0x4B2lzTz5sbMlsPuAqG8w,Occitania
fXLkPO9r_w4nytpim8PloA,Occitania
Yl1vsWf1POzadfp4Q6D-9w,Occitania
0cR2h4eBYG8uAIa2pRcx6A,Occitania
YPFxxFFX2xR4ynaUY79hcg,Occitania
wx6JmQW51g-F7ezqi1DKwg,Occitania
d0s5WX3xo9OxbRb9gvf8OA,Occitania
sheDMSoxSm4zlIt7J4-dWw,Occitania
cZftWlS9Wtnk4CJtoMo_2A,Occitania
hiMKrziK-silJQSfXscffg,Occitania
X8gKIEafIQdPkOXZ74b3Aw,Occitania
a8KMzs4fq-LVVxXiZUj40Q,Occitania
0dEQaTSUq0Ztg-34fzYSuQ,Occitania
YZUkgYJoX31W06rDxH6hNg,Occitania
mD_1NeT_LdzkuUoXaNzWqg,Occitania
TkV5ZSfUw2aCo7ty_1lTMA,Occitania
hZePUXCoWnKKPVclGqEJ0w,Occitania
iJvt9X3PYx936M0jV4vCwg,Occitania
CAoaW-BFF66M0Hd-r9SHIw,Occitania
cdiEJhR6kXvXTO4Go-4pzQ,Occitania
WVc43DE_Uf1zdq0mQYgAng,Occitania
B4gJHVkoOEScm9JyOLGYSQ,Occitania
jvJ-8w2E6A4oEaOh84dpNw,Occitania
n-h1aHaJBH15GvwvMZYuEg,Occitania
Dx19qbYUEBvtr_KIaNDm8w,Occitania
ad9c0JVSf6zsgaMQJdUBiQ,Occitania
CAwhu0yK_YVWmGDe4IAV3w,Occitania
ewAG5ZaXqOrwnlxvFI4UPQ,Occitania
1WrUl2S3R1PH864OZB34yQ,Occitania
nipNP9M31z83EVzrQjRR7w,Occitania
TPY21rJ-0tBCdzw2CdR3hQ,Occitania
jGThqLiKsz4YAWtKMUx50w,Occitania
Tcs26RfuIadYv68YEKEV2Q,Occitania
chpHeOtBI6Zk7hWkV_SABw,Occitania
mQzhsmElb2Llna3F5SwL7Q,Occitania
-Ye51UWiJi_9uXt4IyKkSw,Occitania
-l3BPQI7nh7JuQoFtCBi5w,Occitania
VLknl30aF0dlEC7q0U533w,Occitania
14wyxWHbBjTibQNY07AM5Q,Occitania
YFPU7I_qcNKEszwQL9H6lw,Occitania
-pOB5w1H7Nh3bBDYc4QC5g,Occitania
wV6S9syMSr0Sxw-XCl9-8A,Occitania
VMcW-Vl6auKeUgsqRLnanQ,Occitania
YraE4Guifa5Ze1O6Db3q8w,Occitania
UJ88gD8AWiv74DRHJXJ00w,Occitania
7OHPThkJiaBwW78AUm63kg,Occitania
sOVUnTuSOjpG739jkkB7yQ,Occitania
A97_cAaKytjvtHR3DFyBYA,Occitania
l-g0vwDw9iexPUghx4I4KA,Occitania
X329DXnZdE_l3usR2NzvMA,Occitania
yOPZf-egcev1oaEW3Hv_1Q,Occitania
WtUhkh7qTVIebjwoR-5zlg,Occitania
-rAcGcvGTPXTOkV2XwT_mA,Occitania
Cfpr-L4mSmZZx_cw7SeJ8A,Occitania
UIaJk6uDXIJO6zly8L7KNw,Occitania
5EDdyPbmZTVrZ3rkmh2HFg,Occitania
X67lqvmCzvlD7Za3paQZpA,Occitania
xl1WzrBdRnq9VSB8DS7CPQ,Occitania
izstrvIEqkY0daaN_YHWBQ,Occitania
sX8UpWcEd_vY2prC5RTSpg,Occitania
49br2YUdDJWOaVSWVuFn3g,Occitania
_sKURGoEqJ15ATP3APHeEg,Occitania
I0o2zkhYJjJzLjsomNfEqg,Occitania
nyA7kyoWSVrCjZyF8bzTYQ,Occitania
0CPtAkth9NQ2t6A27WjTPg,Occitania
fSXvz5a5zKIqR_jNLMLnIA,Occitania
6Ys6MFZo0B293ayNEmSTnw,Occitania
Wt4uLidB6jYSSO0RQ5e_Mw,Occitania
j2GQiCwxsCOlXbdo6qgh2w,Occitania
Uyu07iiVyn9eaWOwTrLdsw,Occitania
WAG4qieRP7-V87EdmMJuMw,Occitania
_pfb1ln0eoT2EBmQDeebjw,Occitania
0_utToOJR3NQHhAb3mJWQg,Occitania
VF-LU0WKnHbQWLp8K9LktQ,Occitania
wFy39M0HdtPwJLTfIp_Pww,Occitania
1S_God8r4ZetMVjEglYSSw,Occitania
-rO0p4yWI7CrLPGvUHlwDQ,Occitania
XlBlWNJYlZ0VL4cLH7H0mw,Occitania
ET7VgbxQ4gww2IMEBwHOlg,Occitania
56abLA_1rXlRuQNvfXDoEw,Occitania
hqCfxm1nGbnSoTjyzc8EfQ,Occitania
0pFV6WsdGicAD1J0wQpwVg,Auvergne-Rhône-Alpes
TsL1_QKiLhGe8DKP-nGPow,Auvergne-Rhône-Alpes
rJbSuwXQr0w679QGlHQCFA,Auvergne-Rhône-Alpes
0cfFJ4Rc8y7M0nW_83MuiQ,Auvergne-Rhône-Alpes
YxhaIMONgjIGKKIvaIp6tQ,Auvergne-Rhône-Alpes
jhoXcj63QOPwQqVAQJC8lQ,Auvergne-Rhône-Alpes
07SEp0f-6yGQ7KCjWuQjQg,Auvergne-Rhône-Alpes
iky9yBnW3p8k7_n9pIFJjw,Auvergne-Rhône-Alpes
9xycVylNc17nQVxNRE02Sg,Auvergne-Rhône-Alpes
16_u8wV65JVb7p6L7yEiZg,Auvergne-Rhône-Alpes
8fRCQj6LHtk_ecxSfg8l5A,Auvergne-Rhône-Alpes
XVXz3bEV5l0Yl5IzGgAUvQ,Auvergne-Rhône-Alpes
XIFjMAGq_W5cqVf_Q5GQlQ,Auvergne-Rhône-Alpes
Tj9sKHiq-B3in9yENuhrSA,Auvergne-Rhône-Alpes
0YMO1dG5oYzTFL37AVEFJA,Auvergne-Rhône-Alpes
90e-1e1qOU9rNgZzQ6VB_A,Auvergne-Rhône-Alpes
nVcoKO0SYtNYXjCylVyVng,Auvergne-Rhône-Alpes
nh9Q_onvFQ24nd2jLtbigg,Auvergne-Rhône-Alpes
0yZw6j6xfnJPU-B3rE31CQ,Auvergne-Rhône-Alpes
hsDW5BXJGDM86qz7vgfIGA,Auvergne-Rhône-Alpes
nF77S-0Ra3x8lGsueXe1GA,Auvergne-Rhône-Alpes
CRk9IWsmqTh6yI85mQ_XaQ,Auvergne-Rhône-Alpes
08sHs2SunvSjx_cK47MIpw,Auvergne-Rhône-Alpes
dCcmSvph42V3ATXeT0p_zw,Auvergne-Rhône-Alpes
cvZgeeva3ETs1pYG7mhvkw,Auvergne-Rhône-Alpes
DevFoXavd0MNZIQkukbT1Q,Auvergne-Rhône-Alpes
eRdniw1acP4g4xOAP58_Iw,Auvergne-Rhône-Alpes
rHtiGVhqovO-n4jEC17qMQ,Auvergne-Rhône-Alpes
erTS5vfEmk3_W1-OJHcKSQ,Auvergne-Rhône-Alpes
WnEtbOCL1_eM94cgla8Maw,Auvergne-Rhône-Alpes
UVExsPMXY1rTEt_Ju1WEvA,Auvergne-Rhône-Alpes
UtZu1nubhMskqUcOaFD0SA,Auvergne-Rhône-Alpes
VJzMVH-Y6t1dGklinx_aNA,Auvergne-Rhône-Alpes
Tf1gY9nhSJu_lC9Q6kX31w,Auvergne-Rhône-Alpes
4Yye_UJxnFzy6yWNnPOIRQ,Auvergne-Rhône-Alpes
sRqqTfz1nOMfCEKoTuSP0w,Auvergne-Rhône-Alpes
C71PE_MCYT2UzDuMiV44kw,Auvergne-Rhône-Alpes
-XQ69Bt0YlQJ4MLfb0OWjw,Auvergne-Rhône-Alpes
sWLkWoUTOQKfVS8plB1OsQ,Auvergne-Rhône-Alpes
0qj0KqGu15cx9Hb3BozELA,Auvergne-Rhône-Alpes
iQarICZeIAfand8pnByCFg,Auvergne-Rhône-Alpes
khmlx1drrGzFIHcSHiyNGw,Auvergne-Rhône-Alpes
_GPK23yc8K6AbhEscq6Hvw,Auvergne-Rhône-Alpes
sf8NF3Brrn8_abuT-RbvDg,Auvergne-Rhône-Alpes
fPeoaa6DWmT2jnZCU84Nlw,Auvergne-Rhône-Alpes
h6aR2X_UdUil9-w3CkrgYA,Auvergne-Rhône-Alpes
ZKIgQjDiaYc2sqhFGPZACA,Auvergne-Rhône-Alpes
mFymPXgoQmtNo34Cxrj99Q,Auvergne-Rhône-Alpes
C1urxLky9P-f957pHG5psQ,Auvergne-Rhône-Alpes
meiMDDr6ZuOf9HDTThSfcg,Auvergne-Rhône-Alpes
1Dkz0zUK8two5lRJBdMfwQ,Auvergne-Rhône-Alpes
UKJ9jSUITaPYEQlvG5mt4g,Auvergne-Rhône-Alpes
-QpjmSYymT4SMQWUSo7E6A,Auvergne-Rhône-Alpes
ZSvy3oscxLUoUQqUmGXDjg,Auvergne-Rhône-Alpes
Ak-ocC13qzq_CKGtk3WrHw,Auvergne-Rhône-Alpes
WU3LlmlVdOFot8-RdtfCfw,Auvergne-Rhône-Alpes
hqcLikQ-a0dkx_P49K_atA,Auvergne-Rhône-Alpes
eL_BpXilNSTciqMAFnjSlg,Auvergne-Rhône-Alpes
TRlB-M5NxkBQWbifQZP7nQ,Auvergne-Rhône-Alpes
wi19BAzEXLPGpkQRzAV6Vg,Auvergne-Rhône-Alpes
aNaTbbFZ6wc_nET63DzDzQ,Auvergne-Rhône-Alpes
wpCIioYYuSCXjnoUauBchA,Auvergne-Rhône-Alpes
vYeXoecAeVAeHI0_Ka8Z-w,Auvergne-Rhône-Alpes
V9W3oVjK9cpJs1zrCLdi1g,Auvergne-Rhône-Alpes
n-d1l5QXVmQFjFSww2Z1Gg,Auvergne-Rhône-Alpes
T5b6CRzwapxWgv23XijdYw,Auvergne-Rhône-Alpes
UsYGtSGY0oVgLKNSEuKxcw,Auvergne-Rhône-Alpes
e_Iqwr9VynE8t6IvB1FNJA,Auvergne-Rhône-Alpes
57E5uyCUSG5KQEoSbEJaFg,Auvergne-Rhône-Alpes
r2DM_rVJfAEQGWGs0sYp9w,Auvergne-Rhône-Alpes
B55_dcXPUaFTzzRITBHxgg,Auvergne-Rhône-Alpes
bpZwYtZ7KT3CoQCFu7jcXg,Auvergne-Rhône-Alpes
TEnfgHvJwmn9kwnc-OdCcQ,Auvergne-Rhône-Alpes
cGsQUD1tQQ7i8mB2CEJbsQ,Auvergne-Rhône-Alpes
31ndex1kOhNaTVpfe0g9XQ,Auvergne-Rhône-Alpes
UKSNtG7t63Fy0Sa8HwbADA,Auvergne-Rhône-Alpes
2bu5-Z5ZXq5P-B0gNgNAdA,Auvergne-Rhône-Alpes
5PYmQX2B_kDzUItW7SP_Eg,Auvergne-Rhône-Alpes
4kEf4RYoJewoIIjdmgNyDw,Auvergne-Rhône-Alpes
WPN9IX_qkcmL08MfuhJi8w,Auvergne-Rhône-Alpes
HT0pc8Z0KqCHFHUdU_fffw,Auvergne-Rhône-Alpes
U3zCaIguM6ZQlxnJrN71Ww,Auvergne-Rhône-Alpes
oIw7sJSPZuMuJ8DBTRDaGQ,Auvergne-Rhône-Alpes
zWwwxPrtQME-2hah_QKesA,Auvergne-Rhône-Alpes
h5b4tQKVlpecFaWWqLqNuQ,Auvergne-Rhône-Alpes
eRGEzRtE9A61n7Wq9C9_Xg,Auvergne-Rhône-Alpes
-glHjQWqiKY0UUQlaIy66A,Auvergne-Rhône-Alpes
2sxAteZODTNqusd3Mh_6cg,Auvergne-Rhône-Alpes
56nYykrrquFw4FJTz4GDgw,Auvergne-Rhône-Alpes
l-wQ4mivJZXjvKMTFVumhQ,Auvergne-Rhône-Alpes
YzvCt1YyPSqP_1MURvpK3Q,Auvergne-Rhône-Alpes
6Gbe6_CZEjR1wuZPdb-53w,Auvergne-Rhône-Alpes
2uYgrI2TfKsL-J7NaLAV4A,Auvergne-Rhône-Alpes
0biFBkZUw3pbdYZF8cJzPQ,Auvergne-Rhône-Alpes
gGixFYFrv6YTZZmXpwmpXg,Auvergne-Rhône-Alpes
gVJsAkWQ1zZscqjO-yOV0Q,Auvergne-Rhône-Alpes
EC2huMKMBiI0ZZ6HVabADg,Auvergne-Rhône-Alpes
XddMgNP_XboBuTWItK6r8g,Auvergne-Rhône-Alpes
TIRfW08WFTQPfsYXdmQPXQ,Auvergne-Rhône-Alpes
3pVjWYEOewy7yk0V86pZZw,Auvergne-Rhône-Alpes
st4bd_yp0tzdZUrtixSASg,Normandy
XtbyyQSraL-CxJYqBkRhwA,Normandy
o4AluHBhiELPIkKCc9UfTA,Normandy
IPNIh7J-pwr29ZOt0XgIrg,Normandy
08x-elxYFqSKSuQpFzzeuQ,Normandy
0H2pg6Xy79ADRkCQMdFFaA,Normandy
VLmidT4MJR5zwdqUe36gNQ,Normandy
mMKdDnOc9w26ugD6cZVpTQ,Normandy
cAxLYaFQjEYJfU6gzuqm7w,Normandy
Use31e8Bc7aHeaVvJ0EjJg,Normandy
dGdSt4NemxLLz4-Sr_n0ag,Normandy
nE2e-dX9ekZSnOhcwdR0dQ,Normandy
bzHk2zfaBBdCTmKKugAqyA,Normandy
B5R8IFPVOKU17MEFr4k-Zg,Normandy
fc2X2RPrsIYpfbJlV6VBCg,Normandy
ZGmTRiffAUuOC-doVHol0g,Normandy
g92JtyrsEIs1CKksLixBZw,Normandy
aGdcek8Tf9CL8MjmFILaiQ,Normandy
fczg8_BPiSje1tHxYmbQrg,Normandy
Cf6PGv9zwKLODPGM-6Z6QQ,Normandy
k66rYCtuk6yDig7WDMJmqg,Normandy
rJhUlXOQKDrJkprN2EmtdQ,Normandy
TJeoMxwm67lbRPmnhW8Yvw,Normandy
qv_bE0jYYm8_roW4JT5Spg,Normandy
Wyw9NUAvGQwAjo17NZNiRw,Normandy
rBSpPiCnUks4A9OWO_B6gg,Normandy
xT7O4qleHGOsl5x1hLhvQg,Normandy
vzMEkG0-Xav7lX72fuo0UA,Normandy
9hN-vTJS4iVv25dNGgvxiw,Normandy
j1yHwcWNArimZuIRU-SGyg,Normandy
8CKt_VAUZ6AzxSqRCldmQA,Normandy
YlUAEZVMcEuZh3GlGFxkHw,Normandy
11dQ9djhPGmYsrwRZjyIAA,Normandy
Zmj9taGDqUJ0Q4wVV5PWyw,Normandy
cOiNHkD0VPMnjBds1YWvnw,Normandy
3M_aOS0JuVl2qYzAM1dqRQ,Normandy
Tx6dquiBhHoZ3ymB4wq0Xw,Normandy
zUFyIqEHq91t6N4tcnn-aA,Normandy
cW-7ehviZMAkipLU6Gj1_g,Normandy
l4Tve45EgH0eOQC06W42Yg,Normandy
Te17RS0YewhYQTdBYTgbTg,Normandy
Y4WbQJxdPRfNGgKsDD11vA,Normandy
nk2mXEPUR9RX7ClFd6TUNg,Normandy
j1pkl2vVmTXuoSsEI8Q-mQ,Normandy
hGe4ypmbKPulmWgroJfTNg,Normandy
hRhRwFVi6P4rpF8jfnVOVg,Normandy
kZ682RkaT7mOOUV2TKxP9Q,Normandy
0gCy9TfOxJu_CE5b750wDg,Normandy
bEn3p4LAbHKNS-obI8fPZg,Normandy
0QORsPNU6rJjn1KstPJ_Ig,Normandy
e9nJZo3Bfe9dyN9ubBkIXw,Normandy
-p4VT0Ngylx3FYWdL6jUeg,Normandy
h5h9bC_tE4T5YNPUZTO6QA,Normandy
l9NBn8TQqoEIqlPTkWRG3A,Normandy
lbiN-00y7_h5RNpRxVlkNw,Normandy
IxzGbMSOdn56dYiLpbGwqg,Normandy
3BfBsobq5JuV7GJ-EduZDA,Normandy
Y4qUS6wIrtzGCC1w3cOqUQ,Normandy
ys6Yz9FE9iGcXT_0M--aiA,Normandy
r02zozhvaPCUiZw3bbVusw,Normandy
SyXykUhOssw4zmovg1Y0dQ,Normandy
YVvC-6vR1Sep-Tbk7bwrGQ,Normandy
ijTiGRjDOd74vTQcp8utFg,Normandy
7nXH4UJCtKFEb--4DAsghg,Normandy
awfYPHJ5vJobnEBEbwA8TA,Normandy
UbIgKDIT8pDy3Zwpu09ezw,Normandy
XHDFktswxDYb360v3eFH5g,Normandy
fyq568MnGUrIINkftBldJg,Normandy
fCXXaybwoxCUiSgKXGLX0A,Normandy
BaTgkUK-uIhOJWsnRTWkTA,Normandy
yW3oxS1RFjE3xBtY5pUVDQ,Normandy
iQidluMLIWLdjaGN3_Xh-g,Normandy
-l4rTstVTx2JKF8lcxC0Cg,Normandy
xjcRC4be59Ec3BMw5-8-ZQ,Normandy
T6A_fiFJWyp72CCK5qGcxg,Normandy
TXQrwojQr_ZJIYEWAPwf1w,Normandy
XbBiLMSL24bkar4BdSy1sw,Normandy
YX5qnLOmtwRzipfsInxILQ,Normandy
ZqUbGBmVVSGuINaYpAPBhw,Normandy
1GQCLGxdU6pu1rysxqHC7Q,Normandy
5hpZwEflWSY0fnm1yRSxzw,Normandy
71w9p5fJV5CjARppL3e2pA,Normandy
jcFHjdtjtWWLycZ77taZvw,Normandy
0ZPUEeAB-Hj0un4cn16sSg,Normandy
aLj23F8kfISFUfPitl6OZg,Normandy
s98i8gLHpv0fOCcxK_3wrw,Normandy
XRyv-PJ1fkLf59UFosXqIg,Normandy
2pZoIY62PAqq-KzDtfVMvw,Normandy
gxbRJoneXgTDLK3ZYQmLsw,Normandy
TcMmDVJRYpTbdpPkB6aZ6w,Normandy
hjzTMe2XQLHVH6KVQuIlXA,Normandy
Wg5DagCdLvQjaxV_N7eA6Q,Normandy
81QnNTZ4Ccjii-TnCLmNjA,Normandy
gAbjpVqCuEvUZdvsjEs8-Q,Normandy
96UgwetpiTD0anewtVIsMw,Normandy
W0R3By6y8BdCsVIipA2c4g,Normandy
03kpkbn07XjbagXv0aGF5w,Normandy
_iuml8cA98m_ApbgekwJvg,Normandy
2HcPj9iRyNivclbEZoM9Iw,Normandy
zdj1XzAEOc9ke7L4UIguzg,Normandy
j2BS2sCsxFKd57grY6dCTA,Brittany
9Oz6X7yCwP9JqQqNJ0DvuQ,Brittany
-zurtKEkTopc01Hfng3_qw,Brittany
-tzEGccozARVAoEAq3wrzg,Brittany
cOMwwSBdj27D54AUa9SjhQ,Brittany
YcQ-vHXOo395woGPNk2-8g,Brittany
zNmVDnxnBFuecCJ8xROGow,Brittany
i75mqfSiIxmx_oKaPCBC1A,Brittany
DTSZ6LcjNuZwkcdeKUMyoQ,Brittany
2Dg5SzMJRmv9N1Dh0m_Hnw,Brittany
1775YJpYN1TVqdB6t6kHYg,Brittany
aDwi4dzhrXLydMPDqclR6g,Brittany
9tHt_2FkchBiD8KaTDICpA,Brittany
14aOLQhDpZtfZtxOvE94AQ,Brittany
3cUwMb6UTH1UXBDGUox1IA,Brittany
7WAo7ZU9byu1SEDGO2pKTw,Brittany
b-lArdilq9A2tqceKFdCRQ,Brittany
fZfF2WMcAVR0Eny99W1R_g,Brittany
7wmU3liN9chEIhQonzfeCA,Brittany
arZGi_22oPysnqfBjjibjA,Brittany
DIsgiuuJfHaM6GM8z8N_rg,Brittany
WBdhKTvlMVBKfsKlkIiWvQ,Brittany
Z46jK4tIk2VR8uH7vZwAtg,Brittany
8ImS_1trq0Vvg7VKocLVbQ,Brittany
VJi0SYf1zid1UYLtcoohWw,Brittany
k2-BpmESfzlIaHTow5g-yg,Brittany
f9wZ2CyyMYxrGl0Y3Ot8Rw,Brittany
vwkzfecFDPurxtefbwVoFA,Brittany
0qPTmjnX9ecStN6MIdlvtQ,Brittany
fUzBmv3uJWRIHoA3OWSwmw,Brittany
d-Q2rplp1S0UrUMn-TwpEg,Brittany
kTSuH0x_hY46Uhdm-Fpfhw,Brittany
efcAV9rf4y0mZNLbLBvlqA,Brittany
ZJ9UvQuFOCzAq5IMLM2Z9w,Brittany
ZKkujevhBWDzhtAUBsaoeg,Brittany
hJdEANY0Pow_t2Q5iBlkEA,Brittany
gPYXg3p_dCceda5xLr9p0A,Brittany
BaJ3mGrbZCDMa1jBR8EPpg,Brittany
2U6_ymIkdkIYKkmamiVZiA,Brittany
gxYbWPGOenPkfLK20sBzzw,Brittany
s8_D5SXjFFp7avJoqY7S_A,Brittany
YchKBuJj1ipA-i3bWRXxWw,Brittany
2FsWGArGI2Q33_P_D6YORw,Brittany
kVqjLSqcT44GSpBvWx4Tiw,Brittany
5HlmvTYg-uOGQOIf5IuIgg,Brittany
VWbhfT_n9XadDzr1oEjDLw,Brittany
vWVe1lVeESB1b7z1LvXX0w,Brittany
VfYAT2SdkjBt_zlZghR3ww,Brittany
0MQhaT_gu2L_r05EArUiDg,Brittany
XQrFOZSkg4VOBn2cK7hZag,Brittany
VigQzR_MSJZd931BGUUwug,Brittany
06qkV2MfnnUKo0fPI1gJ4g,Brittany
0jfy4DONcq0qHRyWHMhEAw,Brittany
4rdb3DriLlhwjODMcPojKw,Brittany
_5rUwzf_FgN02cy0RS-mzw,Brittany
mIJHBgXxV7f53evM142a3w,Brittany
0i_diRlYyxRIxfOeah8GUg,Brittany
ctn7djEp-psid37lviAueA,Brittany
XQmzak2TS2milQ4IUNAopA,Brittany
aKlkqTvHMWkOBGWcbGNf2A,Brittany
ioXMGGFDYC_dr7djVckaPQ,Brittany
-WekrqdAEICgWz4LGtv8qQ,Brittany
hU27ZpmAG7eIrKoAj8JKiw,Brittany
lC-eQqgnwfPc0vVv3PE5zw,Brittany
l6g48DHT2heaz36pZ8l2Ag,Brittany
7-14dwInVm-25NR_PkQqtw,Brittany
D8IiUf6mpghWpIdexiuAEw,Brittany
-Zb3SnaQ667RhXJ9ySp0Yg,Brittany
eUafAJo3iZPj6mk3xZzRfQ,Brittany
2Vmf9ll-Sfzni5SK-nPpTg,Brittany
7M4jhDvwyu1Ms-_fsELa5A,Brittany
_Y1axFJSJFHgNujBiHO2kw,Brittany
wrJOeegmA7C5Q6Es4kT2aw,Brittany
7JrhLdejyfL93sK_Prjhqg,Brittany
gsEVRGPZzU5-zdrUyIu1gQ,Brittany
nELM-mDdQ7E0Gxtl7aOn0g,Brittany
I6vqjNtqTfF3NQssVLjlrA,Brittany
ZPQnWtIyrYZO36eANy24zA,Brittany
jy5_9rGFe80AN7bnycssVA,Brittany
ZE831O3lCHYT4rd-oGzX-A,Brittany
UHI2cKCAlrn_uLKiFRTzsQ,Brittany
WFdVO-ckCicG_9L6XazdpQ,Brittany
bmta-jfzSuwWK1NH6nsxGg,Brittany
k5FNSun-MFvulPI7A7cPlg,Brittany
JKavBWzesOYndDKSTF0IfA,Brittany
5UEzvP3TBO2423LbUZBm9w,Brittany
xcIYzr9XFerSa5Hs_ojCUA,Brittany
bjAqmYWA-vxi1cpg35GuTA,Brittany
6ry07a1hc5YujDWAN3cdeQ,Brittany
jtCHw2BWDUzpl_TPYGBRLw,Brittany
0-Vrqbws4JJOJZ4XCUEgAw,Brittany
UVgmmC20J6J2KoHscv3m1A,Brittany
ylGLVRaJ7jXRQD3Qt8Av0w,Brittany
Tr8WjN3gRfWFYnLtdnibaQ,Brittany
U9N4v68ze9VWIjRsV9NjWw,Brittany
VPfAX34q_XAepr3SWtDomg,Brittany
TrvYfOzvEjafE9-bwuu4Bw,Brittany
dLpSbvDkXJWjSJJtSVY9kA,Brittany
hUVBugEn5p_L_XEGdZA64w,Brittany
hXxL0x30uSXjed-gDoEIUg,Brittany
-lqkErkBHR8DMSgIzTlE5w,Grand Est
e3vfsOMdCUMEGbPXkm319Q,Grand Est
X84-acWnurPS43uNXqSzxg,Grand Est
czbjtQUBgHzQ36ZqKEo6tA,Grand Est
YEOYyteAfmgpXWo9U6ms6w,Grand Est
J5eSbJtlX_d4hREN3qj5WQ,Grand Est
X_-79TXrRQP74QuHGCDjKQ,Grand Est
7_o-cie0rMVSZyXnPTuSSQ,Grand Est
HXJBQAzOY9Krdqi1-bfzLg,Grand Est
UW6jExJlX0cijm78SbeMeQ,Grand Est
-QxS_KvggGN1h8cZweBfdA,Grand Est
Ac5QWGf7y2j68HHAMqmZlQ,Grand Est
kfOHEhOsizeSfbFF7xi2Kw,Grand Est
cSq6MGjLK5-OofPUO5i0vA,Grand Est
BP3ACTO3JwXAsPYiY-J1_w,Grand Est
U180EIOT_Qcjc8SmWgnpSA,Grand Est
d5vvfjizTUfti-o-pLqdYg,Grand Est
fmmgg3j2jHEYeNaUYesVNw,Grand Est
U8eSyUfGAB-uh3mvfpkUHw,Grand Est
8pk57yFV_9lbiemP-K02JA,Grand Est
kpCth8Mr8Q6RZnDeFce5lA,Grand Est
a9jzstymUo4R0ZS7fLanww,Grand Est
VKQ5IYQyg5r6epuRaFLxew,Grand Est
bONc8Ka0nr9TL5Ur4IwrzA,Grand Est
28F3_2xMiOrYUF31nhSaWA,Grand Est
0IQcwfGhpTfbaIB4137Www,Grand Est
YxlM1Ozv-D1dgFiUpFlENQ,Grand Est
khRtrlKrYwbg7oDtwlOP2A,Grand Est
1lArODir1e3Xda5jsqX4gw,Grand Est
ZMgO-jjKE_GKk-XLzkCaag,Grand Est
dSPztVApM72s3Wy69e2deg,Grand Est
SnAeRf2IdWCHkeg-5vSErg,Grand Est
b5zl9M6XHll3wtgRaV-cCg,Grand Est
vOYXg9-y7RHpBClsRqoXog,Grand Est
B39x7oV91I7E6gb5ORkjtw,Grand Est
kUyCp2x4Ncztq3TuPrpr2A,Grand Est
37NQ-SlIPewfHloF-Drglw,Grand Est
xG3DEzTwVSIv_ERM3aQURA,Grand Est
rlG4HKEennyTzg88caJaWA,Grand Est
Sn8g_Y8249OFeAmOL8rOUA,Grand Est
nobOPsujBb8stSQbt-1sFQ,Grand Est
W3leBBzxWaEzCMSKuUQJqw,Grand Est
Ab_BBhwnkdgxcA-BimKRwQ,Grand Est
X5zwXZVWhcL8r0nKraqL5A,Grand Est
b6I_UsbGgEk2ourn9-mYTw,Grand Est
4QUKIT5lXNYDvj5qdXNTwA,Grand Est
vFusEpQNzKjXFhpP3XGRzQ,Grand Est
vIIAzO37c5SKTHij-EBKTg,Grand Est
CvYSz-C3IQG2PEDHXc6_iA,Grand Est
fr79I5BMR5gTimH3wbwKUQ,Grand Est
7y3MYDgnZVKpOnWlx1kfjg,Grand Est
aP6P_19bfsBjD_gjFK6rNg,Grand Est
3uunHyKMfKdJ1p8irnJ31Q,Grand Est
fZrJSo43rEstJa2-0xUXRw,Grand Est
0DuM36H8K5-_tHd7P2n0qA,Grand Est
_bs4BMlhWstf7L2PcBsyaQ,Grand Est
kzlAKJGCREqaA3slfGyf6w,Grand Est
e7JU8OxPLkmwgrEU3Z3iVQ,Grand Est
YA0vgpil2YT2Eo2pDPwRVg,Grand Est
_HXC0lUY1H_3dCsc9Glakg,Grand Est
lBHSyIUGOIJ9yxAJLUzGng,Grand Est
UVg9Dl3-fh2UQ1409sDO4A,Grand Est
7sblnXLZSeq4aC4bc4E1tw,Grand Est
gCqmMxqeR8Fwe2j_vGcIrA,Grand Est
ekVi64wuTU_-EjmW08OQnQ,Grand Est
YdG7N2_-V91yD1TYM9EFRg,Grand Est
We5qtMpisVa8_bKxtjY8BQ,Grand Est
lprhNslfNa9KEVhwIHKEFQ,Grand Est
yIX5rSVAOvoxQAt9NKtw4A,Grand Est
aTVIu3XQO-qC2czapHvamg,Grand Est
02YG0I0qQ3tgrZb9FrJing,Grand Est
HC83zYih2Znt3V-Y5l_ffw,Grand Est
aL3EBdIf1iFaTPt9VhsReg,Grand Est
bIo4w3m6RnniGT219BMH8g,Grand Est
U9mglDQsJOTs8Io1Yfp4Uw,Grand Est
XUXMs0hhGgYhhNLTV3YWxA,Grand Est
AV1UlYvMXOy85n_ufSPvdQ,Grand Est
7JKAHNENqZlm1zqtThI26g,Grand Est
UBOOgASvElgLGtMMebMBhQ,Grand Est
iE7MxdA5zO4pQkeCVug_yQ,Grand Est
DlzE5G6ZhkgLUSey_xsobQ,Grand Est
TxCkDLuhlU0x4ps0sf2oew,Grand Est
VxMpmiG1XCz46yveNMnZpA,Grand Est
o-wPOQ-RR09OjrO8tEAXYg,Grand Est
kKPZ4rGNQWNQIaZQuhRlZg,Grand Est
bYq6nUeOs9CKmQjpAwyLYw,Grand Est
ij9t85G8u9GxzBGxjk-kJQ,Grand Est
XGVbJrLCoAW099Yh17aIdA,Grand Est
WCQBjybDZL6URhJpIw8y7g,Grand Est
egH3PzCaLOgf_E_uuWroOw,Grand Est
2m84-9RbtqkAhFjNP9c6TA,Grand Est
dtG6qJDDtOAOahDLxzzXag,Grand Est
8gqXX6UBwfRB1dVIFTMfkg,Grand Est
xLkKgO0OQAGMGPtlokDYzg,Grand Est
A3Ofgxtz1TdF_x9YCR1XlQ,Grand Est
xvfmMAOeaa9nX3rjuKztFA,Grand Est
rM96xGhFEZFclNh2BhULXA,Grand Est
lc9xZR10Vde01Qel7rbZEg,Grand Est
SnGcOQ1Epy-gwghazB1hIA,Grand Est
_31kYSGL_GVhKqjlHyg28Q,Grand Est
ZD22WlrOa9mRbLUam_0MLw,Hauts-de-France
lBWMNRET2UdbL16Q4X8gFA,Hauts-de-France
-nVsaL_kPhC_JfW5y2u-LA,Hauts-de-France
aKwqmzowt3sF45qQczaP3A,Hauts-de-France
0RfFCOPMZD1sbJHFsPPSQA,Hauts-de-France
0Ybns5_SFYZUI6MEcoGGRf,Hauts-de-France
WbKXHjr0Eu6AnvsLRDciew,Hauts-de-France
bdcQBqSBq7GTgVglOi5mCQ,Hauts-de-France
z7PJemAweKzQJ084sl-rmQ,Hauts-de-France
yOpClZwJSypY-lRlOwAquA,Hauts-de-France
0P6a4ueYhgG8bh96NKNBHA,Hauts-de-France
VsGRtic0ZR736B5b4PeP3A,Hauts-de-France
TXeS7WOr60ZTv4hqi6bEOg,Hauts-de-France
jhapcTc0xdGpJxX1cz9H3Q,Hauts-de-France
TijC2sfoPuR7MhWGPByDFA,Hauts-de-France
o21xJJXghMFFyl3eGdUCzg,Hauts-de-France
mFxNE1wInn0Rznj2gwXLyQ,Hauts-de-France
ebdZ65NfjnbeSUqpBmIKVw,Hauts-de-France
5FWNtwJdD6tAKULqg5wZxg,Hauts-de-France
-Y2mpFtxTf38MbBHNPwV3Q,Hauts-de-France
nF-6aw6mN38_KNjoWIN7fQ,Hauts-de-France
sLEEMnv1-s063I64z3yQD-,Hauts-de-France
_HBsVObyuEom-Q3QJLEOWQ,Hauts-de-France
0hFpn0dOiSmgWocI795Rag,Hauts-de-France
CMBD-gfgyugLfqhLOOqT0Q,Hauts-de-France
vfZde_UjNvx-UWhmbfWEcA,Hauts-de-France
3Tjk6MEQ_WMdHxDW87cSGQ,Hauts-de-France
W9UPQwGmOhLdEyBcippjGg,Hauts-de-France
XjO0s-rivwkm1-wlumgLwg,Hauts-de-France
cbgSZY1_yCZv02Ka-xVTOQ,Hauts-de-France
jixgqBc-ILK6m9HbkMI6CA,Hauts-de-France
-O6pxaXDvkXduZg5hVfVTQ,Hauts-de-France
IycFbesptWzh3EnraghY5g,Hauts-de-France
06ssJaowjHw027JKwRv40A,Hauts-de-France
US-pgNL_coxQf6eiN_0csA,Hauts-de-France
Wgmva_6vy5uLwxYX1rcZ0w,Hauts-de-France
-9ERpewP3kdIiBRWFU4E4A,Hauts-de-France
fumLWLweGuGdYjPpUnvxVw,Hauts-de-France
bdfTC8zxWb8VYS49rmkMxQ,Hauts-de-France
U6KDyZCF0oCldORHHmmDFQ,Hauts-de-France
_5tWXid0cMPfE_I_HGCiTw,Hauts-de-France
IhZZWcXf3DTV48LHz-Zgcw,Hauts-de-France
bpR7-GleJrmztuwpgwpitw,Hauts-de-France
WEn9ByHSjU4aJFKJzQfl4g,Hauts-de-France
4apQ75klFnCrlLkWYGQO7w,Hauts-de-France
zQyjyDzlavFZi_ippp8M4w,Hauts-de-France
VgPGnpfmtlCs6m5EFCAOeA,Hauts-de-France
BGjDmD_Y0O-CWaopjfEq_Q,Hauts-de-France
0rk6HMJMoRRCa-Y0tmD9ug,Hauts-de-France
x5KBqw_2xgZ-X2WvXTr1HQ,Hauts-de-France
0i-VeXeXvn8LZttAp3f6ZQ,Hauts-de-France
0jk7dVq5GcQi35YlHDpqWw,Hauts-de-France
Ssk5VwtqbVKrNJnmvWgXoQ,Hauts-de-France
U00weuyXoUZ3ceAtdZsotA,Hauts-de-France
jTWH_qHNuKG9v0sg6EBwqQ,Hauts-de-France
TGcBiIDG5V0LKJd0ztPdyw,Hauts-de-France
0PPvF2DhLHp8hEoZYqEHaA,Hauts-de-France
hF39H60QzUMMmYPZ5cHbYQ,Hauts-de-France
ZnTwxRQEimZFV73NuCjqxg,Hauts-de-France
-7PbjWgWVL0LUCzOH2tzTg,Hauts-de-France
VI2jctoyPqSEFnAlx_aVRw,Hauts-de-France
oFqovl64iLFqGLloNNc6SA,Hauts-de-France
02Zzn78V5tW62wuFVnkYdA,Hauts-de-France
0Ay-_5HEdUFnYDtN9zOGVQ,Hauts-de-France
05g9YMbW3HQy_mx4o5ajPg,Hauts-de-France
ZFQvmsB5qw3nkzTkPA5SXg,Hauts-de-France
JIjHLvs6Oid_s65hxJE1CA,Hauts-de-France
ZEvXtqGWjzR1Vbc7zrqdhQ,Hauts-de-France
AyfKYfAvgdD-lyzXDt4t-g,Hauts-de-France
rbK9RG2VicDyKwOtlBbxig,Hauts-de-France
fW0xBXA2t9FSlzpbSjM8qA,Hauts-de-France
VdFv8fTwoSJ1ZfGz1dRUTQ,Hauts-de-France
ViZu7y51_7ZOKO4ugAL3Fw,Hauts-de-France
WBT9W-5TR86tcjCiN9U3Xw,Hauts-de-France
kmAfGNAcs310RWI5GHqW-A,Hauts-de-France
h_KKRYtdelkbbKxKSK2LSQ,Hauts-de-France
h22EKuFD5CZjXik_bWERvg,Hauts-de-France
WsjvBcEUskaRTdvBmTDbHA,Hauts-de-France
T3uZ02QEQvcrumLMwjB3WA,Hauts-de-France
4VKQDoaFORCl64CXUnYtcA,Hauts-de-France
6CZryj209iaTlGl9Y_o8Cg,Hauts-de-France
xiFePyRlkAwzmXOIllSwEw,Hauts-de-France
epAYKhvgtpocnfXgIYPu1w,Hauts-de-France
I33cqzvR5_Oq2fBhaLIDMg,Hauts-de-France
ZQSIVVq00w_0Wpo9a_DRiQ,Hauts-de-France
6PmD16Et0iJQNKapRNhvGw,Hauts-de-France
-T2f8bos6op6FvenMnbOoX,Hauts-de-France
Xscwfz5jE_vPROVDWrSAVg,Hauts-de-France
b1rW45kmlbu7wXWoUMbWcw,Hauts-de-France
V7dSnS-nd-6qlemXI28akA,Hauts-de-France
EsNl763RQR7vPHHkSA0lPw,Hauts-de-France
nzLQXquyrqCX8y7RXLgUzQ,Hauts-de-France
-E09Nuz61RDl8HnNwtfdTQ,Hauts-de-France
oNg1ZoBhEgs4mb-xIwBRmA,Hauts-de-France
1L7sqmMDSwfeLaOg96s3RA,Hauts-de-France
-LgkCDa7vmDGiaiolCnwEg,Hauts-de-France
VMzYnBxYmiqEoelc0JX6ew,Hauts-de-France
a5xjNEMMhOOSX5gUaRzGpQ,Hauts-de-France
7E3XWZmmZ3IVigMjNfwu5g,Hauts-de-France
fSrYIPzplDSFeXHb6fzrYA,Hauts-de-France
YTBKBcsMT6NfeLkEALKQnw,Mayotte
ULBM5iaIRLvqjVhemRsSLA,Mayotte
cHOIuMzZpb-mtb6j_lxoJA,Mayotte
TTt4nMkZJ4dDwDPloIr6Qg,Mayotte
YN1Jum1ndzRkWBB5tF9AhQ,Mayotte
l8oiLAyxuX4wjjJaVLDAwg,Mayotte
0o-qX9pJ6XDkJ-fZZ_DO2A,Mayotte
esg-dDRfu7nVCuJtwMz6Kw,Mayotte
gsuBPoVh4IkMXjMvccDR1w,Mayotte
TJ8SQoFr4vI49gCsJd0e6w,Mayotte
6_Iae67WVwzlnuU7HFWiDA,Mayotte
TN8nyGhu5Tv0NdCuvcRISQ,Mayotte
ZAxHhO6PEZpSEbNZZEoIOw,Mayotte
YH5JWon3cJQTD3_hrNuxrA,Mayotte
rSflx5pPYvoIC1bNx7cXng,Mayotte
h72OfSR2fG8Y6O4wTxQi5A,Mayotte
vwC29VMBDCFQwTao_l94nQ,Mayotte
DIF6a1BOXWjcMbwEbpBHLg,Mayotte
dyL_xNp54YyCOP5DW4zoOw,Mayotte
0zuMoXcXSNqDdrMf4aofjw,Mayotte
oLzV144roSBHGR-dufRX7w,Mayotte
XH7hwova37NaxdwgPTtx7g,Mayotte
3O1nrBzXdU-paD_y1cKWLw,Mayotte
gfEVxpYppphSyqTF6Xfh_Q,Mayotte
03STqAw1MFabsCxcVEA-DQ,Mayotte
VDbiDm8FfQvi0ySp8CjcVA,Mayotte
cZqeqWswuuGc1180ZOwIQQ,Mayotte
nPpUJI6JoC4Caod8bnBoLg,Mayotte
-XnWn7oi3UdPUaiQTQ9HMw,Mayotte
_2YVhIdSSLfty4MhCoQ1KQ,Mayotte
_hq3YkVD6Otpl94T1-wUJA,Mayotte
_3hbYMn7B77Yi_zvlRQSdg,Mayotte
TxSIZd3vSBKF7S6rcvGR4A,Mayotte
0wwp3SFGuZ1Sv6mtIIVOdw,Mayotte
10nICykvbfWdJWHeIrG_Uw,Mayotte
-loENWpmjIgvdLB1YOnh6w,Mayotte
f5VAm2vZf_fjDTtwWoDtPQ,Mayotte
dQLHsHjSBiEq0Ot4msmpmw,Mayotte
HvFy5Bd6mAqF5F3AzP51VA,Mayotte
0fYVVrDKA4o7ciyVa4mu6g,Mayotte
d0qICHxRZK44LjPRmD_IIg,Mayotte
WBkhNhg0CuJFq2W1hMLhQw,Mayotte
TJAxZq_zM02XMLJJ4Qz6-w,Mayotte
-2dE1Q8fDFDExH_HurfoBQ,Mayotte
WFeKo4nhyc-HZBHkjUhhOA,Mayotte
rIag9AYkxpJqQ2QU8vNDww,Mayotte
1A4xoDS8fsC2iSt7MJnSwQ,Mayotte
l5Nx5w0RMudJzs0zV4MmiA,Mayotte
ULDVlq_0Ym7pDoWOC8Zv9w,Mayotte
ankZNfV4AnzyrxgZ84F0Tg,Mayotte
-mlmZNdx8ctVYTsVmxXIPQ,Mayotte
e6s3QInFS4weKg8PpiU1FQ,Mayotte
1SfH_n2xu7heK8AwCD6IoA,Mayotte
w7cBKye40uvq8degcK9XvQ,Mayotte
_zxufu5yBTSRLR7KUgfHFQ,Mayotte
0N4Mtb1HdBOzBYJO9DB0nA,Mayotte
-8MC7y9YIzc8m2SEXzZstA,Mayotte
0M35F3TwVsljz8jVZl_lSA,Mayotte
zj8Qwv2pS0ocW3G__HY7FA,Mayotte
7x-_Z7JkYBf2kAhKYPDYyA,Mayotte
eVnEOB4Gdgl618PLzuivzQ,Mayotte
iGOxv7XWDrbRqOXrxtu58A,Mayotte
AUtN-PLenypoV4VhkoedcA,Mayotte
0KaiAngj_XCpfjkdgSpt5Q,Mayotte
diC3L76Dn5Qs_F-H6jhbFA,Mayotte
_rwWotUhFcC3CmTnEWcToQ,Mayotte
xHE62OkoJU8vFwN5hHpwSw,Mayotte
2RdujqzG0cCsO0hW3hwetw,Mayotte
TJ3wvDiSdMsQfYWmQObQCw,Mayotte
-TghTiVDWqZQW2sZeWX4CQ,Mayotte
-BSDGhkkQuKuvU-uRprJjA,Mayotte
B7_FXA0V-pJtgTX6vWEUcw,Mayotte
wjMjpd6Z7HNmzebsZD3_LQ,Mayotte
TDDUpIBihgcGLYx37QyaJQ,Mayotte
CC4AVJ5HrHQRxE4Nm9G5aA,Mayotte
VZQQqotlwdlPHAfg3UILEw,Mayotte
0506GARSbwsHVULchMmbGA,Mayotte
ZPKW1UMIr7chHDGuJ1e8tA,Mayotte
HzzYXsB_mSM7nO-nSyD-RQ,Mayotte
TLx5AHXLhh4QdhQdeRO02w,Mayotte
V6vU4n_fqWXeDmPCm-HjZg,Mayotte
1FLzD7hBRBRyxN3Avqdijg,Mayotte
-3WDfUoxDN6OHNWaoatlIw,Mayotte
X1wfvkabR6rLqqRh0JLg7g,Mayotte
Yr9eJjIYVJk5tveLhtMVCA,Mayotte
-D5r387xX3uIC_VOHAaamA,Mayotte
w6Gy_4bYU1k7Pyl7IDj1cA,Mayotte
gDz7uV8UXvRoFjNxwdzLbQ,Mayotte
sZGxEeWEJ24yoA_c7pXyjg,Mayotte
-TpfOoAMuERRxzXth9-WLw,Mayotte
UckN8BJXOTyp1uLYbAdWwQ,Mayotte
WF_544by5CUOIrVPdUSHxQ,Mayotte
fNgCQea20ytTj6D6-oh9VA,Mayotte
eGoOpJPRdwH-wbDYxLNQrQ,Mayotte
IwXWCso5tXbCyb01eftf5g,Mayotte
TiPHfvc_FpzkPr7s3uDZfg,Mayotte
SdIU18z0-govlPMV7Y2qDA,Mayotte
-QzlX1SuwTwSXf4sO1e2QQ,Mayotte
XdHrONa6ffv3T6gDBAc61A,Mayotte
z6VuoQJK54vSvl1BFqh98w,Mayotte
cOxioBq_RZuJyruWZP9z3Q,French Guiana
VFur9ge9sy-yuY7J-9mB4w,French Guiana
fg0JXTNhgFpkqO1sMzW9cA,French Guiana
0NqR-fV1h1F3cgVaCwHyiQ,French Guiana
0GL8TPCyoYWZijlJejwkPA,French Guiana
2c99YzsZ4CSSpMBIUWKTMA,French Guiana
Z-BvK_hyCdRBnsKX-FTpQg,French Guiana
yegjgX3dKnyJZ_bwIDpcGQ,French Guiana
TAuD7Z1xssMTZF38KguSgA,French Guiana
j5OL1p93fSisAfK0-7XkKA,French Guiana
1-9yWgoiqTWnvr6mArHUGA,French Guiana
1Ceh9r0gh6E-Z-Hs99CdpQ,French Guiana
SlWYkjrO8HeDWFOPURZoOw,French Guiana
TcdgXWl6TLN6k8ie2ja2VA,French Guiana
VLKgoTCXWRtR9_hxvrmCGg,French Guiana
eGeFwWZ16i99oKKYUuAoHA,French Guiana
xXSNMsSe61HWqYrCVyZeGw,French Guiana
3oAWd_CYwxO71enICMSPKA,French Guiana
gJ7lFm4Dnc-H-MsKDtOdfw,French Guiana
be4700BRjtHuvaKltljBQQ,French Guiana
39QJPdkRLf-EwexLVfvNUw,French Guiana
TqIr17SVL-P1YFNeq0v2Og,French Guiana
3e81N1OwyoB3QgqZEIHb4Q,French Guiana
rZaexEdGFDuUwckPysojWA,French Guiana
BfsUlbHcKdWKRR6LoHLPag,French Guiana
-lEHPE7JoJEuftydVsjvXw,French Guiana
W61f4JTbZkFEim4T2R8SJA,French Guiana
UU7AR-i9OqP3KdifGvjQ4Q,French Guiana
eZC8n3N1sEk5_DF5L41uyg,French Guiana
W-XW3li2Z4pLO1rEyqoGZg,French Guiana
4zSd51mWvlx2Sf90C7M6kw,French Guiana
nB5pspoTBG0EzveBVAwCBw,French Guiana
s3XddYsLsjGUmmgMW9K-Xw,French Guiana
VMQz-r81z9meJcOeuaIUig,French Guiana
VkaEd8Znt7effUCJVJGSBg,French Guiana
Zr2g9m1_IWYkJleGglwayg,French Guiana
ZzrLT4TqU7AMeXGdTSfObg,French Guiana
Wm3ljKzDq_aKSaeFnFIkQQ,French Guiana
XI7AigERaNjs6MJxWaNE6Q,French Guiana
1Lz2VteSoctybGT7IaBJ1Q,French Guiana
UWHXXCY9MVlJzj3umDKcAw,French Guiana
iC83LUXaQRGIVVy4V5ckHw,French Guiana
7UQFYPHipFM8Guq5lEWEYQ,French Guiana
UWmyn4cLR_4GcF5AFKg0aQ,French Guiana
0IAjhEbyQAKNZAPibG1Zqg,French Guiana
3CEnMnw157PxdVQQ_HrdNQ,French Guiana
--gnmzPEv135IsGHqiMP1g,French Guiana
fqogGeYSGrdkeew0R14FRA,French Guiana
-vi_6E3_OzrnJERu_yQF3Q,French Guiana
1aRQAxhuqCEjOWd9aOpHig,French Guiana
YSAaoQ2XF3IgRXY5BCLJYw,French Guiana
aIRehf1bqCmNs-JmK7tptA,French Guiana
-NcKbyubAp_UiGVqMQ5n1w,French Guiana
WjU1tT7RH9vUvdxZKnWm3w,French Guiana
-pYn4UNpZYux6Lh0Vyb5DA,French Guiana
i2mQQpoN3ALrMdapV8pSvg,French Guiana
zgFEXiX97_3VhvUJmLCF_A,French Guiana
-zSjkYEpqbTd34hC82ByAQ,French Guiana
IvxhKfKs1aAmX0E39qRrhA,French Guiana
vSkQFaSN1QvSZAROgQwxKA,French Guiana
sgG2OFdQCNWWS4RlXZdDKg,French Guiana
0XMESmo7-jYVdcdjzDZuSQ,French Guiana
6J773-8B56i0Kpv6kK75aw,French Guiana
acp9u0aIOSTOlbIG7v_5jw,French Guiana
l9-jDsxLghHYNCbDSiGriQ,French Guiana
TooysIw4iK8EgVSAPoWj5g,French Guiana
hOhGnY6uG9DVsQv_ReV89g,French Guiana
9D66SPijvi5G6Excdp3eSA,French Guiana
n49QPnMwIRjEqb78RWVNbA,French Guiana
ZoDYevpftH8t-pKAoFRWJw,French Guiana
iy7Vo_l3p5tFljEiY75I4A,French Guiana
rwRigiTzOsEZHc8rDuSEPw,French Guiana
Yt30I9cvisH2vEV--a-ojw,French Guiana
_86WM69QgMGG1ZF8wHRDrA,French Guiana
2z_a6WNyFLHp5Y2ykxWY_g,French Guiana
eh74AxO3w_k2YjLYG3OfJA,French Guiana
Ib6mqeWxbeBq5egww1iK-w,French Guiana
xzh4e1c4NkhDJY5Nkx4gdw,French Guiana
hkRqs5zFFVgjccsisbqU2g,French Guiana
ApZ9oOZo2JapY0TJU1offg,French Guiana
DLDR9QMyLKJeUwrMfZAMTw,French Guiana
5kAoQlMsuYWy0-aq0_28Lw,French Guiana
TYL20yRE1pmeQSB3t4wmDw,French Guiana
-ZqbKpaIr92GNYi-eH2StA,French Guiana
VnlcB8tcO7cQ4y6_Bjmc8w,French Guiana
qtJjA5QpqqpYh8xEiQE3GQ,French Guiana
aF4rOatR4fTW3RmrPo5wiQ,French Guiana
YQQrLtHqrAfM4BfTl0JeGg,French Guiana
2VOxZCgrISy_coMdCbyVmA,French Guiana
fBhlvPAQhsuLByExzrZBXg,French Guiana
lS5xenelJQzBDQhS14TPNw,French Guiana
9E4pFKJxxZ3pCzzIWPsnlQ,French Guiana
T0Nv_JB4Pq5e8Wn79Z9wjg,French Guiana
2dcA_6Kt7T-Qz2hljuNTuA,French Guiana
cERojrm5mW2K7O9wZg3I3g,French Guiana
g7Q-Jbjnz7E6J-mHoDlaiQ,French Guiana
_J4kMhVLNpGl6Ys_1b8RVQ,French Guiana
-BOFvKzYLqSAGCrsmXAU-Q,French Guiana
yGmxRdYHhZ8rrRN0qTkkXw,French Guiana
XB9PCnbwEovg8iSonYml_Q,French Guiana
fXBIh3vaFXhwnMW-vKxnyg,Bourgogne-Franche-Comté
UfHYcTcoQCJ1mnGHyWtL-A,Bourgogne-Franche-Comté
slZ6km84IGUg6okteyvpgQ,Bourgogne-Franche-Comté
vMCsYLBl3Vwn2b8fAXk0Lw,Bourgogne-Franche-Comté
11m2Gr5oLeF9C0I8sMqDQw,Bourgogne-Franche-Comté
UMCS1YjXDqdiIJ5YhAfG2Q,Bourgogne-Franche-Comté
TxRFtl2FcAgF4Pm5HUB5rw,Bourgogne-Franche-Comté
fg1tZm3f4ylvKQAuk1E2UQ,Bourgogne-Franche-Comté
iLBlpZUOFzabrXvp4e0PvA,Bourgogne-Franche-Comté
jHauNO7TvYiL0gO9MnkoCQ,Bourgogne-Franche-Comté
gu_x9usOOygbDPMemukQjg,Bourgogne-Franche-Comté
WQnG4AP2iqMVLaA3CtN6tA,Bourgogne-Franche-Comté
AqIpIXuTmHf89patnmlOrw,Bourgogne-Franche-Comté
bCl3DY4K1JX5G1bc2c55zA,Bourgogne-Franche-Comté
nXNxThallS9jcWw94wLLGA,Bourgogne-Franche-Comté
SvHyLaMYwwoXnvWPnO0F7w,Bourgogne-Franche-Comté
U-V9F3XDPKTNXPdSGJOL8A,Bourgogne-Franche-Comté
vXuO4E0GwRcXi9lviT87Yw,Bourgogne-Franche-Comté
XpKS89Ak3YQk7FmtL7HlPQ,Bourgogne-Franche-Comté
Vs4Aih5mTPYzg-h6ZdV_eA,Bourgogne-Franche-Comté
VxyB5CMrtoIaldKJpKhLmw,Bourgogne-Franche-Comté
Wj3BYquY8pA3EOFsEn_LYA,Bourgogne-Franche-Comté
_qe6sJQMx2glwhYj3Y0_gA,Bourgogne-Franche-Comté
eBCrC2tUMwAU4hv0zhZvvA,Bourgogne-Franche-Comté
1MVXziurTsbKGG0RBOlDYA,Bourgogne-Franche-Comté
Hgz7sOJvgv0cYhC-kRYbNw,Bourgogne-Franche-Comté
j0QU1nh_99oF3fSuhukX_g,Bourgogne-Franche-Comté
BCILlD74_p4jDNQO7fdqNw,Bourgogne-Franche-Comté
8teAUr9GgNDGD_7Tpgr7sQ,Bourgogne-Franche-Comté
DONnGfeSnsRbOTVW8FFxwQ,Bourgogne-Franche-Comté
aIFfS4BGHGeWB-aytqimcA,Bourgogne-Franche-Comté
X6_X4Ibo1hAMHaOoc1LRWA,Bourgogne-Franche-Comté
sfuEvznbQUeUKQ0-1yxnyw,Bourgogne-Franche-Comté
a9t3CBJ12bHO3yoyQ3zYTg,Bourgogne-Franche-Comté
xvJ6k4-Y_9dY1roNjDytpg,Bourgogne-Franche-Comté
ai3EB38aK5WwTLGEqQ4KGQ,Bourgogne-Franche-Comté
m7xbjRASQ0_I00lyP5qghg,Bourgogne-Franche-Comté
mJxW9xpnr7ETZD3ssbg6TA,Bourgogne-Franche-Comté
-z-FlMyOMmerTfiPLDfMCA,Bourgogne-Franche-Comté
nlryIUH7yMRXvWF5EEtpKw,Bourgogne-Franche-Comté
cTJov43LjLiVxRGaz0OKcQ,Bourgogne-Franche-Comté
rrp9xolJEjPQUYJtWNiTZA,Bourgogne-Franche-Comté
n19NCkqXIswSHsdgN24_5Q,Bourgogne-Franche-Comté
TQ84iz1lLjdSLW1ujHQ6WQ,Bourgogne-Franche-Comté
Ze7EUF36VQvYDsjkEXBk5g,Bourgogne-Franche-Comté
_YuWYCkGAOM0X0PobEi4JQ,Bourgogne-Franche-Comté
cmBfi5Bh0m22t1eFuzaygw,Bourgogne-Franche-Comté
wvKw2PAFBkVVI8uooljfDg,Bourgogne-Franche-Comté
lMLK-s6WuOlwmiYLsR_qfQ,Bourgogne-Franche-Comté
ZR79iCkFbVBt4l0bKzGYPQ,Bourgogne-Franche-Comté
VMHy-gocjU4nAyqV_p_Oxg,Bourgogne-Franche-Comté
Vt0uXqHxDTasRqjSy5-teA,Bourgogne-Franche-Comté
XEon6UAfwYJe6zqp_qGV3g,Bourgogne-Franche-Comté
UpooJHEAxTbONF7tkgrTTQ,Bourgogne-Franche-Comté
BjiCExuz4diMcgExJP8qJw,Bourgogne-Franche-Comté
bXlWEs6FMGZ0rw51IFaVmA,Bourgogne-Franche-Comté
WaMc23_Tjfc-_zs7SSQQCA,Bourgogne-Franche-Comté
_b77EoQwt03i2AQRvZGAMQ,Bourgogne-Franche-Comté
-0F-diVLWRQ8tSDn8S7VbA,Bourgogne-Franche-Comté
8Jqw08hS6DuEsaFSeUfujQ,Bourgogne-Franche-Comté
rWhr01KPNMOVyJHzxf0QdA,Bourgogne-Franche-Comté
rhdm89cszfdbeMQkWkGSVw,Bourgogne-Franche-Comté
W0qyHXqS1WpyH9W7JpPtGw,Bourgogne-Franche-Comté
6_D0xhzoe-TRgehG1hGtJA,Bourgogne-Franche-Comté
7bmzAD_xNMNn3kA0I1oNbw,Bourgogne-Franche-Comté
i7vyoXWEfnnZ7QS63wE7Cg,Bourgogne-Franche-Comté
0afEokr5x1t8INsZlZYkvg,Bourgogne-Franche-Comté
7T9A6I1LF5IaOahcJ6-V7g,Bourgogne-Franche-Comté
vRjRLD7LaVE9dekNdtOmgw,Bourgogne-Franche-Comté
1ERQ0f3f19ARxo9ZR1PHPg,Bourgogne-Franche-Comté
mc4k6IPQKGA8ajZu4WpsiQ,Bourgogne-Franche-Comté
z0hvFvcBX0J0D5ONY8wMZQ,Bourgogne-Franche-Comté
h1CHNVTfC052PjK31n7P2w,Bourgogne-Franche-Comté
SwPpEfWIe8sh9SNdptA8lw,Bourgogne-Franche-Comté
w6TQxkKuoSVAYgfcWnTaLw,Bourgogne-Franche-Comté
2E2d2NZfH9K2HqtxtYDq4Q,Bourgogne-Franche-Comté
UM3cGRwSkJu_TYZdRQ42Wg,Bourgogne-Franche-Comté
Ys54yfY3tmHPllXUZ1WT7g,Bourgogne-Franche-Comté
oMSPPh-a_utI3Gsouhk72Q,Bourgogne-Franche-Comté
7lOzS6H7Rw4FgQ_8tW-Wfg,Bourgogne-Franche-Comté
-FGAq_0_1WqP6Ru0eF8uZA,Bourgogne-Franche-Comté
aJvBIaeauT6ZNhVHkwTtlw,Bourgogne-Franche-Comté
_28NLLg7lqGelDgn79xknA,Bourgogne-Franche-Comté
Z11XL4zTqp0I7ZM1RHJaIA,Bourgogne-Franche-Comté
Z9BJR8RSkTowWMs_yQA4Dw,Bourgogne-Franche-Comté
66_wHd16NFdw794VijDi4w,Bourgogne-Franche-Comté
VzGm5wHY6kPvUEwuEnFp8A,Bourgogne-Franche-Comté
-qk42KzxEKyWscQgLl3nBg,Bourgogne-Franche-Comté
J3hR0Blpa9vy9MDDAJfuAg,Bourgogne-Franche-Comté
xGtdqiLzq58pR2u3-EGIFw,Bourgogne-Franche-Comté
1F8hrzxU1Xr919sPojTIAg,Bourgogne-Franche-Comté
2Liud9ePCy9kXRTV0FoHLA,Bourgogne-Franche-Comté
c-xBCEVRbutxfXyVByA9NA,Bourgogne-Franche-Comté
TJUQrlyVNcOzURmpY8pO8w,Bourgogne-Franche-Comté
DWqTOQf3DM2S72a7eUceZA,Bourgogne-Franche-Comté
jd7V5dvmpjAylPIDtQzqrg,Bourgogne-Franche-Comté
HUxjg7Pt7j7qfzUyhIzJrQ,Bourgogne-Franche-Comté
XPRVzJnqXe0R_KLHgu0Dvw,Bourgogne-Franche-Comté
8E2UHC5NTDIRh2_2JNFt_Q,Bourgogne-Franche-Comté
aQWGgj4HCL5Mx5uavcdqkw,Bourgogne-Franche-Comté
0btmMQIJMMWXB548CP0-gA,Pays de la Loire
-RN0zbe2-bThEc5aQ3emMg,Pays de la Loire
1A6Eay7AdT4eRvzvMPrlCg,Pays de la Loire
-tJTkLcgVHDb-qXMnhxuxQ,Pays de la Loire
-d5J-SZ-DZ3693pYUKu7UQ,Pays de la Loire
UHe34cCRb6IoF4cZRmPkMw,Pays de la Loire
SlqVQalOy63UILnnt6qyuQ,Pays de la Loire
Sc4P2LehEJIvalpnkVeCGg,Pays de la Loire
TO44zFz7GwsrX2YJxV5W6w,Pays de la Loire
WSvZZy-46kfWoKwfSDEEnw,Pays de la Loire
X716K_f5gTc5LWJO6wgJ5A,Pays de la Loire
WkCcDHLRT7Hbe4xqPH-NaA,Pays de la Loire
VMLrBrWJHYtp9EQ42sURDA,Pays de la Loire
V9gvkpR6PirTP3SmG33hfg,Pays de la Loire
YVzzGcUxNwS3G6ez9eb-fg,Pays de la Loire
XnpQVkgHrnobfpJJ6J9deg,Pays de la Loire
ZH4RZQ-VXtwWi__diDxEDw,Pays de la Loire
Z6ioxyY53V4epJluOFlQVg,Pays de la Loire
Z5MQMjhi_N1JZPXNMqKL6Q,Pays de la Loire
YUyQRhXcMulXrYCU31Wwag,Pays de la Loire
XYEUaNItjuYFfhxrjP895Q,Pays de la Loire
ajDwmN6yxVZfkOgVC4nydA,Pays de la Loire
Zj9XJcvsxhnTUC2AjL_zWQ,Pays de la Loire
_tSALsr4efahbFXGz44ebg,Pays de la Loire
ZZxhhvIc3HTdY6MmxGsQJA,Pays de la Loire
aBjrhy4uaqRZUakyLX1o8w,Pays de la Loire
cFGQLnG310Pv4aNEgEI38g,Pays de la Loire
d0uEhE_49RJooVL4x0gfww,Pays de la Loire
brzWycB3fm4pNKR3XeZygg,Pays de la Loire
auOs53gsnVxWdJMZ3Xq6Ng,Pays de la Loire
em3myNGa5MOR623E5jiRwg,Pays de la Loire
ecKuzcL6Z0hG2Jzn1jpvjg,Pays de la Loire
en9maGlP6thVgZ0UNXIt5Q,Pays de la Loire
dJLp6r1Txk5I6ee3kAUQYw,Pays de la Loire
d_d-2jZrSaRHCW_VhrYPAw,Pays de la Loire
2vePMUWFR7VHTEvrUBiT2g,Pays de la Loire
1TRys8VqpbHS4HZX9pKHeA,Pays de la Loire
39HDswo2a_u7RNWuVK7LQQ,Pays de la Loire
2UQ4f5rAgW_xJ3aj9NyuQA,Pays de la Loire
1PIZyylhEXVSTrGJEF2eYw,Pays de la Loire
2FAGZNzU5GZr6EnE2agzXw,Pays de la Loire
3K3RTzmISGmafn5-rLDHXg,Pays de la Loire
fqAmVvv4zL4Zi0QFr-CnNw,Pays de la Loire
g0B58XtbM2MIHCZwlEaqJw,Pays de la Loire
iHchqiS83N7yBeXVQLXRHA,Pays de la Loire
jdksI_pfbmgSTZgtp8FzWA,Pays de la Loire
iYvuLftCcfanVbwqpuHC0w,Pays de la Loire
kWhsAApPwZKhUnupya7tag,Pays de la Loire
k-b09zaZy_QndpHEwzhm8g,Pays de la Loire
m4jwZSxt6SzcNdTxU6AGJg,Pays de la Loire
oQYO8orShCbV4wklWLjVNw,Pays de la Loire
mZB0y6AuTsEPMvaLr7g7tg,Pays de la Loire
nggF2ZzsJQFUHZrWXF9Aig,Pays de la Loire
qmA1R8gybbCaE6P3ogt64w,Pays de la Loire
sM4zE6knh-QQnGt09SqI_Q,Pays de la Loire
rYdnOpnegJE8hxhCDzpUPg,Pays de la Loire
sLskbCw1BJPItnL2dLrs1w,Pays de la Loire
xCFV2HBi4jG3GVDYjnEERg,Pays de la Loire
xGlJ9ZkyeK1RamJ8SsSYtw,Pays de la Loire
3yMfNDuYH3SoS0sd603UvQ,Pays de la Loire
4w0l3H83HNDWQUlputyTIQ,Pays de la Loire
5JUGZl605sWngSlztMHgDA,Pays de la Loire
74wZcCxh4T8rf5rVYBJAQg,Pays de la Loire
7yqkiqTR3529X3SRCNka8w,Pays de la Loire
7874tXH7RShmnKacRNTbfQ,Pays de la Loire
9MbC6KXGQ1I19J1f_PnJhQ,Pays de la Loire
BHBktQKkO1hV-qkll2EKcQ,Pays de la Loire
AjJiXff6jxrXhoDdLnGRuw,Pays de la Loire
B5P63Pg3g-0wW-zax1-9Rg,Pays de la Loire
Bctg71X14luffKe4G_T8ZQ,Pays de la Loire
DA-vnsa-bVVLdm1o7Ua1xQ,Pays de la Loire
DPqdnOnD4lJhAncxyZp_jw,Pays de la Loire
Hh_GRdBo0Lj-8CaKJxF5BQ,Pays de la Loire
0AjyTptk6szC8P-5NTRQ6Q,Ile-de-France
-ow14UnMwNGXD6N7QiASBg,Ile-de-France
0w9bFNCJTkAXUGYt5q0cHg,Ile-de-France
-Tf98bX2oSAHCEsFz0HFNg,Ile-de-France
-u62pmRtoLaITyuxm0ptvw,Ile-de-France
1FVengL8dlhjWQ88J9fX9g,Ile-de-France
0CrbqFVAqoUVFgzT5lsnQg,Ile-de-France
03wyYlW2q2YKWl0vCTTY-g,Ile-de-France
0hQntU_PezVHPlsmEP3Zng,Ile-de-France
-KjcXW7jHi4lUW45sH-7DA,Ile-de-France
U8wHj_3XaKxLrTmTGnimuQ,Ile-de-France
UU39w6WSZQeGiUHLxeTgQA,Ile-de-France
UCG22sT-vQIUDQuF1xiYVQ,Ile-de-France
T4sWjncXTqu9krFBvOHHBg,Ile-de-France
TKi_jlRYiSLcrDT1bj39WQ,Ile-de-France
UFa_1jKSUZo9mcXxqRV2tw,Ile-de-France
Sx8qMOlpkXJcpkJcoAvIkA,Ile-de-France
Tpgxv0-yt_08qClIHJfgbQ,Ile-de-France
Sh0JCWNM5mzC5YcyYb42WA,Ile-de-France
UP8nbe4rgqK084zz4XNlSA,Ile-de-France
SniYcEPAEQIYHfMICj0Vcw,Ile-de-France
TLyTaE_GUYJLUMk364feWw,Ile-de-France
WM_EXchi_pDDLANV6T_S2Q,Ile-de-France
V2Xh9oWrb43PeSltJTT-YQ,Ile-de-France
UvaVsJDD4U-7xBLmRALMCw,Ile-de-France
VGVbGujiOObXBZw_DfR2pw,Ile-de-France
V0Gca4eFdMjSgJIoF0N5jA,Ile-de-France
YDpTpX2gHWmJnpPgx8f2Kg,Ile-de-France
YiCdjcKbCndCl6QBxwJUYw,Ile-de-France
XddefITz8sX775LtXjS0Vg,Ile-de-France
Z9vQqn2gE-cFI7ybIDb1vA,Ile-de-France
XoylaVdHIQFreze2R19ByA,Ile-de-France
ZS1tGZnDe4No6XyKhB6ftQ,Ile-de-France
XzjB9Pg3ewXjtF3ayvTviw,Ile-de-France
XiMKYKrIyBKt3v-t9vQklA,Ile-de-France
afZ6jM13IuWHf5FvBj2vEg,Ile-de-France
ZbN_kNYoFrfe0w1qXW4OoA,Ile-de-France
bguRYNw9aaQLx1w3gfw5bw,Ile-de-France
bYLvdsgrq28fUi_2zwQIAA,Ile-de-France
b3IMiB8wnzhDeGTtaJuSnA,Ile-de-France
c7pqq1Y6R7C-bP3uFYpTng,Ile-de-France
cOkAgRK7zqKK_XLgz03sdg,Ile-de-France
dWI-a1w7nr61UB9B1odG9w,Ile-de-France
d7CX2LSj_2m_eKktZnyYQg,Ile-de-France
dkKzymmDO8mt4B6M9cjlmQ,Ile-de-France
dQuGp1qHBb3TbXYp3mO2-A,Ile-de-France
eb-01IEa0Eo1A15gRnI9Ig,Ile-de-France
f7y25_9J1FrR5Yy-PIRQ6Q,Ile-de-France
ebjsu6ZEzICOjGLaDnmDlg,Ile-de-France
dcJjjds8lRp9t6yIR5yDXw,Ile-de-France
1kLB7oJWNAFWiDFx0nM6Uw,Ile-de-France
1cYcjqFp0opDsRY08OAG1g,Ile-de-France
3-8bb4OG0eHd0X7t2zCIQw,Ile-de-France
foEVknyNN2dhOHnYZ4tCug,Ile-de-France
gsQyAafL-LkiYrDXC8apiw,Ile-de-France
ize2aLaXH8cM-maq87DFIg,Ile-de-France
iyqiuEwCx0haWzY-obbAvA,Ile-de-France
jeIXZrTtpkhFvPS2GUDHLw,Ile-de-France
jcNgApAD2AsMpAnlUYAw1g,Ile-de-France
k6WA1Dwxsekg8KH8_gX-_w,Ile-de-France
kfd3ntjwOXySwy_oXLROHg,Ile-de-France
kPEOfmU9zS4-yjbg20EdBQ,Ile-de-France
lqwUU68os8bpyiG7TTkHsQ,Ile-de-France
mfZYamNrdQMym4T2xXOwuw,Ile-de-France
o4YselsCpGvCqUrn1SzrWA,Ile-de-France
mwq41d9qx3zgzAdH_uaXmg,Ile-de-France
sPMXUU9EbmJTPXKmHRSP3Q,Ile-de-France
rbBA1qz53qo4Y7GVwtqAOA,Ile-de-France
s1GVwPnGQ53pVnTLyNaz-w,Ile-de-France
rK23hZB2Caf9_AhmnTmDFQ,Ile-de-France
qjS8fvML_yEPu5MimcXEXg,Ile-de-France
wIjxhJ9dAoX6HALTjkEjeQ,Ile-de-France
w1mS3dkeyLE_1UqZCKCYjg,Ile-de-France
zUfiDEA5xpHww30F_dnpow,Ile-de-France
59gQj_jL1Wzb-nA9NMyBdg,Ile-de-France
5bqawp67fiGNCNOe2uxS1g,Ile-de-France
64TXzP5eO7RFDBS1W521uQ,Ile-de-France
7qqfpBiJvLhMJBjY9nAlWQ,Ile-de-France
8NQT9Lm1Eyie4ianh7PUSw,Ile-de-France
9yeAp-y0SHjW9GV1zXcbsg,Ile-de-France
A6dbytavnCYh5NptHNAsQQ,Ile-de-France
ATuCEDQIFX6yvMZumIAF7Q,Ile-de-France
C3C18lJ3Y0yN-x-Ej3ksvw,Ile-de-France
CaOjCS64Kg3sEsYg1fD54g,Ile-de-France
DbH0WGCD4UCf_-_AE9TY5g,Ile-de-France
IeFDqFwjinQeHTe2GIK52A,Ile-de-France
0YPfEgSJy3qnskqBo27otA,Guadeloupe
-10eB_4L4nPkOm3RtlxGig,Guadeloupe
1-kDZXRNFRp4TzSLKStI6Q,Guadeloupe
0PnBHRtrDu0u_XPog2hxiw,Guadeloupe
Ta3sc34E9Zr76fGDO3oi0w,Guadeloupe
SsBlLBgW46N8OIE8SSCpHQ,Guadeloupe
Uo3sUwKi95O-WwthaQHavg,Guadeloupe
TW26Z5napVdg7Bk7lZGlIQ,Guadeloupe
U92c0f4dS71p4C67FLUv2w,Guadeloupe
UtZ1R-M4TFJHa0zGHxFIaQ,Guadeloupe
WD9O0emVezrP_TscluuVGQ,Guadeloupe
YacaNwi2J-PzL1fNLUBVXg,Guadeloupe
YhiKd514TIk-b9QYv9yWvw,Guadeloupe
YD2xD6ON2osVRscxmYF0-A,Guadeloupe
a7NJnoOztTBmLM0ik_op2Q,Guadeloupe
_YKh8zhuJpNu9vYgk91Fjw,Guadeloupe
_S5fYTwmbjlyw5hcyMFoIw,Guadeloupe
brebQze_CpAWnh6nBMVn-w,Guadeloupe
bTaMd4_a_Hv1vWO79vgOYg,Guadeloupe
bPS0akoTjEFXmQTl0jTPeQ,Guadeloupe
boWlK7Ozq8j35LbipILwOA,Guadeloupe
e_ONZ-kbUq9J-7FoNOuc-w,Guadeloupe
dhELZMQUNQxOOUK0jXtSmA,Guadeloupe
fIliZmfshsbUXaPDsniRug,Guadeloupe
eQSk7NvWZdLLIsAFz42ubg,Guadeloupe
ewxvVIz7r1ZCKHA5GmTYxg,Guadeloupe
1h4jjUrgpLg_E-mdopMs_g,Guadeloupe
hCTT9xkW6Bv0KVlYFybswA,Guadeloupe
jZICMNL2NG5oEKEq3NwgrA,Guadeloupe
k0p9JcR18On_q3v4Feso8g,Guadeloupe
o-3V5A11P2K9RXVApQA7CA,Guadeloupe
mZ5K-fz3cb5jXffAGGycVA,Guadeloupe
vdPkOeMVR8ur5t3ixZ4D3Q,Guadeloupe
5YQINYXslDhAIwqsKId-EA,Guadeloupe
9pO1FMoEJ-44gb9oraUDLg,Guadeloupe
9Jgec7FbsnRPLZLfjhjg4g,Guadeloupe
9MQfpEbfCqxNhHhXL5qn3Q,Guadeloupe
0-UJSdGKm3oPFc2_CVrjxw,Centre-Loire Valley
-f6sWT4vfyEe9L_but3aIg,Centre-Loire Valley
0irQ_Mqp-zkv05sig_ba5g,Centre-Loire Valley
Tqi9165ypvjgnuGNNWHzrg,Centre-Loire Valley
UK-E_XMivpmhVikSsioVfg,Centre-Loire Valley
UTXRxwmD6MmZDN5I6ePZxA,Centre-Loire Valley
U7Hh9CC14GwIOmKSgj8FYQ,Centre-Loire Valley
TZy8t946n4uaGQ1ypaw7mg,Centre-Loire Valley
U0ApKu_KZh4Pa8ThxOo6vg,Centre-Loire Valley
VCu2ithHFT1WIjTJj5Wf5Q,Centre-Loire Valley
V8wFgZuNKDtiXYixgq10gg,Centre-Loire Valley
YhuIc_F9N8POEiZQokAg8A,Centre-Loire Valley
ZGMW0mVdwWPJS7TR_1Fmaw,Centre-Loire Valley
Yy77sWtRBZu8RwBnMAwmvw,Centre-Loire Valley
XUJMywbAIYbXadF8TZQpdw,Centre-Loire Valley
a0vphELOUJ13htXcJNBv8w,Centre-Loire Valley
_jZShgdoT1sJLxl4_vZynw,Centre-Loire Valley
b5XLOcL2RnrpeRw9HUUuiA,Centre-Loire Valley
cbwasL_2IH9-aXnT1e0rFg,Centre-Loire Valley
c2l13VDEIyT8UG-6FgbFMA,Centre-Loire Valley
deVhYJMsqtej577gHcoMoQ,Centre-Loire Valley
e1ecaApW7tjYcNfkgEfUiw,Centre-Loire Valley
dFcZ5BmkMdk52nOpXmWl1w,Centre-Loire Valley
1aQa4m1xovHn447SElnAzg,Centre-Loire Valley
1XdwCZAnEiBm4wyBhMLwXg,Centre-Loire Valley
3VWt8DUVWYOad0Ymy9_noA,Centre-Loire Valley
28Mz79tx4lD9m73UKXDfcA,Centre-Loire Valley
h0-boVwBykkggEFUsXudqA,Centre-Loire Valley
hlHtBbL4WfcwHDppKD5R-Q,Centre-Loire Valley
iX3Qm6Vg0K7zNfJDdL0T8g,Centre-Loire Valley
i4y2g2j9Cl4Dn39OH0L8tw,Centre-Loire Valley
jgVtMQz9kvuGlzqPf8NASg,Centre-Loire Valley
l-DIN2DwSz_nXoYHpPpsLA,Centre-Loire Valley
lr_oErM036e2Ok3mT0mJ1w,Centre-Loire Valley
s2VPTAa81dXhQaz7w1LIiQ,Centre-Loire Valley
s-4-OdcLNRdfbNWXhphtWA,Centre-Loire Valley
xSEj5sLlSAgQcsjFow9dYA,Centre-Loire Valley
vYb1KWP7cjBNCvwYSHPVAQ,Centre-Loire Valley
wUfx7u40Vs585kvytG_YAA,Centre-Loire Valley
wWW6dOLZ512nMT8TLwYneQ,Centre-Loire Valley
ydGgrYWTMmqPiFiiQ60jrw,Centre-Loire Valley
6K63y76Nkqr3b3n-vyfPEw,Centre-Loire Valley
8fRqycbqS22gtJOvpJBZvg,Centre-Loire Valley
8LaoBMbKW2jRWE40qrrSsA,Centre-Loire Valley
8XSuw5PUEgIu6byxBQ7OHg,Centre-Loire Valley
A26PgzODhAgZJnmlFIZP8Q,Centre-Loire Valley
BSdFeOR3SWxhKxp2jUNcjQ,Centre-Loire Valley
BYnYkVdOu-A3M7bOGh_zCA,Centre-Loire Valley
DdNUibirNwvjTx9yRb57BQ,Centre-Loire Valley
EGUPTcdX2cC6G1e9L8UiyA,Centre-Loire Valley
EfmxHBe06Mu-iUPpHnft3g,Centre-Loire Valley
DERIt6DARyANqaGBLAKHog,Centre-Loire Valley
-NHIRToBtIQQtmU-kAnujg,Martinique
19t64j8TMFT2D25MdAJSlQ,Martinique
0AMB-y8siNxNN1s80btfcw,Martinique
-WZAXlYPqvrIUQr7I0f3uA,Martinique
-n27MU6miQPXr-b1Hbem9A,Martinique
So2WTTj2tNTSmECgQ7ftdw,Martinique
Sbr2AGGizTiXS6ZOkDPZgw,Martinique
TFSxUiDzvflOSY8Iz-giSA,Martinique
TQix9OiAJtv4s2ze9tGRew,Martinique
SynvcfJvxdu_CMxziTcFJw,Martinique
TUKfMer8_8vul7GAwpx2lA,Martinique
UDNnIFc21yYUijzqz2it7w,Martinique
TT113ojPijsORoZ2jtaLXw,Martinique
V1vjdXdj75ezE_CN1IQ_XQ,Martinique
X6OYKTlXgfd68VGYF7OyZg,Martinique
W1rNw8RIyidALJCEWnobMA,Martinique
Xonu0Ze0fHY5IofcHdjK7g,Martinique
YYCAg7ORRH0xJm-X0WI_Jw,Martinique
Xl5N1g5j5vCVd9uQ1THSzw,Martinique
__7wWUps3aS3e-Ntbqs2Uw,Martinique
_E9XHhpDDXDG-IHCIlCdYA,Martinique
aFXumqLK13lHyzArtiNZLA,Martinique
_AENRZXehta8nfCrvlvatg,Martinique
bm8B_faAnklCioXO4NWH_w,Martinique
cOAdCtuxKtF7f8Eu6DBcJA,Martinique
akDwy1_iIcEs4WDsJLsEUw,Martinique
egsm3oT_7OzCmWJslm1ziw,Martinique
eNR-B0GrHtLY_JdV9NAi5g,Martinique
eekdHqIl6F2ZvHW0UPfF0w,Martinique
210pMYJDFddi_bajvh3vgg,Martinique
2I2wXltWugvCvIfA2nRnrg,Martinique
h8DjUONMI4ctHvVhScieAw,Martinique
fKM5YHw6Zw3wiizxX4H0Ww,Martinique
idCEgiLbBTO3tRP1VcwXwA,Martinique
ltMz39QBs1okko2J14JfWg,Martinique
nK-I7do4heBFisS4D0MljA,Martinique
nL0k4F4gvqsDFXb6VFh9sA,Martinique
nW8qaRCa9Inu3oxOoEWO-A,Martinique
s5JdPgMmt6kKFmRM5G5HYA,Martinique
rYm711dIuYxV43AiH6jYQw,Martinique
rwukrYRqnpNn1N8XmyELig,Martinique
xDTR4hziHH0slqK02SmhsA,Martinique
wARzUuOp06xLfQzlYAit5g,Martinique
vzFi3PIqtzHxubfHW4APFg,Martinique
zG9Yg7ep7TmeEJvOgEm3Ig,Martinique
4YoMuE-LIIz6hvqBwOf2oA,Martinique
4mePXFT4GGd5xcmDCrTGiw,Martinique
ALDQnrpTISBCjQRWVf3g7A,Martinique
CKrCNiEb_XhQV2D1a52gOw,Martinique
BwiXzNntVSTHODyqiCjY-A,Martinique
EOA0LdTcB_SAR8_4lEoegw,Martinique
HqoT7TBGO00U_P-x_zyHrQ,Martinique
HQFDIQZRTsG_jC8bYSukWg,Martinique
-o0zO_D7bq7DgVRzB2pW5Q,Corsica
-SHQQp6pOe4IVplEL2orUA,Corsica
12fXJI1fRGShiy0cXWr2HQ,Corsica
054CqdTlZWmDq7OFYDwyuA,Corsica
Spbp0SQ5TT49PqqYf7QVZg,Corsica
WS_V7IX7TH1MxEQVJWEj7A,Corsica
WO13-Om2PghnARXT1AjVlw,Corsica
VpuIU0Jao6NL7tkjWQqUSQ,Corsica
WkbfRRsLdAYs2rTa13TNGA,Corsica
XJfDHUEyLjZ8xeXiyNcZdg,Corsica
XE9IqpkD5Qh-yWQ-FBqKrw,Corsica
ZHU-4XYEVi-U2Mxw-QOaFQ,Corsica
YSkYU0aNxBwRsAZXzolvsw,Corsica
ZYCLSxrFYmpYEqa8KUvNXg,Corsica
cqXHUi7qDT2TLZxgEbM4Uw,Corsica
bsYjy6CGDL-9g16vTbHyuA,Corsica
bW2FUtGqhA0MZDZGrXYi0Q,Corsica
bttC36QuKxOCMXlqr4Bb1g,Corsica
ek0zu7r_cUHedUnPyMBBpw,Corsica
1jklluf37La_6n4dy5jE9A,Corsica
2bCiwAA7pSU4hIg17Uv-jw,Corsica
2Bi4oXZJSrcpTxEp18WYDg,Corsica
iKfB8nER89B0uVUxy4ZEUg,Corsica
iRiy9gIYoUn7moCmAC2_cQ,Corsica
kk3rAp2Wc8zeMwQ-gk1Djg,Corsica
l7CzTRDyTJHISASfs0DYng,Corsica
o2ylK9hA9Wq7xBkFV_5EOQ,Corsica
mKGbF5IXotxa8MpO8w5tqA,Corsica
nIlthlhvDNxHzdYwqmDLkg,Corsica
n8pgph89U4R0TXWsL6rthQ,Corsica
rpDDjf7hokXeyDhmuLisfQ,Corsica
s2tIpelfNVFEP_rgYIqJpg,Corsica
wAk4ySi5rl6svweOQCEh2Q,Corsica
yyIDHOV986PNPf76bota1g,Corsica
zQTOlC57E13v5APfesBfKg,Corsica
4nlQcBIwcp0YPU-5VrhdaQ,Corsica
6yeRxyZ7jPgX0u9PfFeA8g,Corsica
E5eb1ZNRdISDYdj_tHrX6g,Corsica
