EKChJzeYKqJkm20Z-MuN4g,Washington
TspFKi_KbecEXuYuv041xA,Washington
6ielO4E95AAtEmPV15dFPw,Washington
evXWBD9dtwgaKA8dofKOHQ,Washington
TgdYllJPU8jRbFNxcPzSmw,Washington
g1G5M5oxGWXoxZUiwKZJjg,Washington
44j2lK-45-zgVh9WcRy_1w,Washington
4aS76YzMBkesSEySS3W62Q,Washington
4dSDO0TC-Shk_gmzf4Fh0A,Washington
W1OM7XUBUuKqXTbtEQg3BQ,Washington
kDi0tFhiDqFV4gaiVqXlsw,Washington
Tm4pBhXUrAY-oZrDttQ4Yg,Washington
bewZw5VH0PnyW39NQpcz-Q,Washington
Yn1XKCXRcPQrI0mFJi7kHg,Washington
VrEPNxaRaYVx6avTXwJbqg,Washington
2YSu6xZCxGFM0FcLzH2DqQ,Washington
7FSmpgvQ6gB6R0BYloANxQ,Washington
zWzeExc6-6YzIVOCXCJ4WQ,Washington
HO_TOLgE6M7oFdcfqcR9XA,Washington
U0SmUi9epnNzMjBdhwkH0w,Washington
2Qkh9wNITBe8-bJ9-ZGI8A,Washington
whrfxkLM4PD1O3H7_xkgRA,Washington
20QE1zMqImXBBLt-Tt2ZVw,Washington
_hfgzQW5Thva_ifvZLMSpA,Washington
-gIxSHb2diRI6Cu5rIAD-g,Washington
XpXIs6vG5UusR0fYjtz-oA,Washington
Z41SFeW3icJ9GzMVgQxBEQ,Washington
nqV7jSOgibwDfKzfStbQ7g,Washington
slU9m21zMfZjbq-GiRf37Q,Washington
dFWdVP6ALECXPsExIs_AEg,Washington
TXmmP6693ZYZueCJV6yTJg,Washington
iA-0ZDDp1tdyuXus6bB59w,Washington
VYI87WW8He4t7RsSyNxnGw,Washington
xuTL7KPVzJna6TKTdbdOMQ,Washington
_pE-e2YSgFVGeViBpvkN6g,Washington
nJbjB9H1MCZC-69sheY4nw,Washington
dIB8Q3MYukGSzsth5j3Odg,Washington
VUZrQ_3Od_UW1GPk9cSN1A,Washington
19wGY7jHdV7GQpNRV17i_w,Washington
0Iftps9yrDFMrlC3iq4HWQ,Washington
0EC0vdgBiD9iY7AluajjvA,Washington
Sr5_tFFN4N07uu7DaiRRRg,Washington
4WdWzFJqliDisuWgQUpX7A,Washington
-yLUwKBM7Pgm0PxFroKO3w,Washington
6vXPMs55WjX3PExqTrtMdw,Washington
1aXWoKumPoVSrjYuYxN9OQ,Washington
006pOw7KLm9tUYpiKxikLA,Washington
ajQjAkc_rz9E07sP-A8QLg,Washington
jB6aVdftUNwdGQ06phoz9w,Washington
bnWBtAxscYn5LnfyQnkijQ,Washington
D8QCUqW9PyeReOAhxhrIAA,Washington
XS4vaa-MX-4-cF2fdY-ySw,Washington
mxVMkpSWOooWUAV6lHmnog,Washington
jk3oZ_KwVnW0sANP6SU5WQ,Washington
bTvkLfPNdNXCDVWT4NKGnw,Washington
f5wGQeOpQVa_hY-XPIlc4Q,Washington
B2vy7ekphdH6rryXl2HWYg,Washington
aDmrgDiKmgkqj1r0OudQ9g,Washington
8-kM_FcGZv6zCfY2s7bkSA,Washington
TI2ZWvTKu2FhBgiyaTJh4A,Washington
fpi7Nubn74UBS_-OrJGU1w,Washington
WRhTVgpsf9Knayu6xEtXSw,Washington
Un8EjCChw4IheCFz9HoLRQ,Washington
0K2wKSarf1zjQo72QdIo0Q,Washington
dADTv5TGQXnIbBF4xqqcgA,Washington
mEnqpO04omlt3thWWk0LQQ,Washington
fM8nOQBa61aCZbLKtMtQmg,Washington
2pAbUA4-knewtmRdZs4qtQ,Washington
28yAJLJiHTQnZ2sYNys1-w,Washington
XZK7lAoDAD9FL-FZQMn1AQ,Washington
r8Vg3bRWqrqBAzE7H_aklQ,Washington
avWr3HHDtbadVlaq4uNHow,Washington
WLyiiTmhW6XZzs0ytKNkuw,Washington
0v30XvQVT9FNnYpk_cZHPw,Washington
8MW8WPwZsiS35_PO8kxP2w,Washington
jBYCSr7fp6of48a6kGlwjQ,Washington
cPaikFxiC86HQPzd7NhxCg,Washington
hdvlE8VPQ3BiJiJ-15zCjw,Washington
hpAjGXyugsjcX50xVoMF0A,Washington
9pudS-MWEUPr1Lq43QIb1Q,Washington
gkD1J6SqXmIW3SC6CEtp2g,Washington
ZjdI5IZktblyTsz2v1whew,Washington
JQii8DPflnStUBAasC_Xyw,Washington
nfE-SfLS-ifjWJOsnBGFMg,Washington
6Uy0XoPWBqvB73fdsfMmkQ,Washington
Ee5UDb4moBjnn2J7s5qeNQ,Washington
zLFjXsQLm8MRBZnoaFYPKg,Washington
3UeNEkwl_dhUt11EDdGGgQ,Washington
VYZ6RfOLYE4T5gxPZIf0Lw,Washington
WHU-6z3VYMlEpnDBCmFuRg,Washington
CiFZtdfJ0L0eEyCOGTxeng,Washington
9hfMnqvSnohIeadvYYTCjg,Washington
Z5rQ67CjbjZ1WmTQPG-nlA,Washington
TC_YqzTYCbzNS7bgtTf7Pw,Washington
XaawLGzf0lKUN7T7VMpVtA,Washington
nf0GLoCHfTdCCJy7WtVs1A,Washington
IAb5ZzMpGAJGbRjA5OM0vA,Washington
USliub720V_ydOqTPe8zrA,Washington
0NR1rLdpjo8BKfalJXL8Jw,Washington
judwYpf5ECPgCUUprRSBEQ,Washington
WfXuOeasVJddalzCNcwrzQ,Raleigh
biPrOTaHraPzdXAoRvadXQ,Raleigh
4dmOyZbwjnYq3gViEkmJYg,Raleigh
nn50NgMkgJAVv4-0Faxyxg,Raleigh
4jgO5bspGIeb44ITGmUCWQ,Raleigh
YrEbAOdOq9IO63v3vOukGw,Raleigh
-CU-pGIyIpQexwdVvmcfzg,Raleigh
ZG_U4sGd7vQrKF23hFVpIA,Raleigh
a_BcWWo-QiNHRq5_xJaJSw,Raleigh
rxopIHlvKC_ZNiUiWYRVyQ,Raleigh
ZGigeoky_sGqHxEKJ9-N0A,Raleigh
EaIAwyKXY8AUfEX7s2SHjw,Raleigh
8_aSDx5pJkdHc7nibqjbxQ,Raleigh
jro3b1kFh5fo79Q5kSiNqA,Raleigh
52oJRRSw_VR-Furzd0wzmw,Raleigh
6m9j0tasE2xMZs5ryZe0CA,Raleigh
ghKYaJYXUZBAeE0FfEtQ1w,Raleigh
mt5p3rn6jG-1fzHH1Nj4Rg,Raleigh
xmsS7SVd4FY58WBbMOKUgg,Raleigh
hJVqnCNp4ApZToFIAouZbg,Raleigh
AgKInjAe23oKumnCOvigbw,Raleigh
03A89QO1jEEFGLhFzURAEg,Raleigh
zSpZAtrOgfkVj-LPwIJLLg,Raleigh
wBaOF8foOoBnvmXlOCELPQ,Raleigh
-W-a8tak5NsGDEor1pC8vQ,Raleigh
cI-mAHbGXTTI9pCIcSmjhQ,Raleigh
UgV9F9htRNeEEfPHe5h7Ng,Raleigh
wzDBTDEzM9cMpXaBxHW4gQ,Raleigh
x5invHppjVnEM-1VzdjL-A,Raleigh
nHCryRtHug2qOJv2NJbAqA,Raleigh
eZCp93y4le8IeOfyi7oHYA,Raleigh
gGqaicdjme3bpLxZDPmNdg,Raleigh
_sqs6BwNLmnp1yfeSrmBzQ,Raleigh
ksrEsOzPwcTnoF3zlBB5FA,Raleigh
XITYv_N9WAsaY81Fncv1wA,Raleigh
V2wRhqXe07ILRf-hZAOqww,Raleigh
xCws4ExwLfmhZraz3s1TPw,Raleigh
7p0630XeHqt-3d-gc4003w,Raleigh
Y06-8Km-mTKA1WIusxkzsQ,Raleigh
-Kg4oydf3wwyMXskRLMaRg,Raleigh
DUev_4aX3U22f1nzWUd5KQ,Raleigh
ld09Atx5jAcaHf1p8BQVNg,Raleigh
WsXNnJE9Wew-hJ5lxPWt5g,Raleigh
4rpWrDPJ4BGyYpS2MWNSGA,Raleigh
485wAZFMQC0OdyeWsdrTQQ,Raleigh
fIiOpLn3DiOrsIWosf1RLw,Raleigh
wAb8Zgp8-UKJhKhGuDi4DA,Raleigh
n21DtE_ZQhwsXXk5_aJ2wg,Raleigh
mPIFBHAFZy0mhnwQZdB6ag,Raleigh
W392K3SbBCKMeHeC2cxvTA,Raleigh
VbmCtCAoS8pDKf9I-NHmFw,Raleigh
c-WY872Yt_zGNRPFUWP38w,Raleigh
_SsPbzhUugmbLeSIDAMxAg,Raleigh
hCwHO1C1SRJRfUUq3tLD4g,Raleigh
gV8JN_8-8X0EEH588MG23w,Raleigh
TQp07zUAnS7KS3j-FDs2tA,Raleigh
YRsA0aqUXOusKeN-uvrsmA,Raleigh
-uUbANHJcmtaSI7KRLAlgg,Raleigh
_-VC9IQr_WWmLA0rhgXa2g,Raleigh
dX_57epZy3N0GAjnjmFkzA,Raleigh
YZ7JzeU6M8n6cEm1qRmBBA,Raleigh
rryHxnZCjvT6aUmnus_xUQ,Raleigh
kbN8qIX4dBgdLc3tzoPA3w,Raleigh
nRFvWG-fxcgrck8MJX_G_A,Raleigh
0okpmLWI72dWks1xgXv0jA,Raleigh
rw6IFokSt3Y5Wza2Xn9mrg,Raleigh
TI83AS_3fEz-DW9tQUvYaA,Raleigh
BrBvSXR16b4P8qFZwo274Q,Raleigh
1ABy0XTvNL1iPzRstBni5Q,Raleigh
fcaiqRunys3p5iMRoiJujQ,Raleigh
-O02LQUVeWGMn1yfOWagRQ,Raleigh
68j1EGEgtBtLAC3EdPZAfA,Raleigh
yvNrxdUK5v4293Nxuo4QWw,Raleigh
nnamf9_2yQFsmpf9yeE85g,Raleigh
10nUKaOr-Z3Go5Pk9ya95Q,Raleigh
bmElWu02Dx9VPjFBvt35xg,Raleigh
2IO0jQgSlVdEXaSVEd3u-A,Raleigh
VrJG73dwAkXEKfwHDU85OA,Raleigh
wODHFASW8yhHezSp4_AopQ,Raleigh
WGsmUMfMIFT5AcwFIGp74A,Raleigh
UIMrTqiUVGfLHFDqD79aJg,Raleigh
Ui9TsYKKIHrM-SaeifiPhg,Raleigh
HLM9jmjliITWh4rga2pe0g,Raleigh
3KpZ_zMllwIoBbNCFrWlGw,Raleigh
URCbWlAZlMkFHXCWy5Sj-Q,Raleigh
-r08n4621MQXcKKgSv1DOA,Raleigh
gwpBL0j42KxAQdkzeOyWYw,Raleigh
VFpzhRYsbeHEL9EwsM0thg,Raleigh
eN_emk5juu3F1rWz1AXkYw,Raleigh
muRqnJs7cC7yObUskjOv7g,Raleigh
8P0U4bJ7Q4Tk_9FlClxHzQ,Raleigh
3NRmrM9U_qOU6EijQ4Va8w,Raleigh
nv97-Kgkh04EbUbyZdQ5Jw,Raleigh
Y_VFC6b_qdpfan6ZFiBEvQ,Raleigh
rtPmwARMNwdYp2c94EiPyg,Raleigh
zY1yNC4oLSY8LDSGYRa8uQ,Raleigh
1BouuYQ0DoHm0CAwi9ndHw,Raleigh
ZEUL17929TcUJVBeUH6nEg,Raleigh
WTzZX5RZXubmRu_54LySpw,Raleigh
_8J9gL2WRVJ2xBQp8AXXIA,Raleigh
EWFrx8QJRKZvVrKEYUiyGQ,Clovis
ARaPRzJTYw0Gh4kl0QUXAw,Clovis
_1vYrWgiXoNfNE-itUIfEA,Clovis
Y190pPrhUkbsMYwkDA71qw,Clovis
xOD-CkNBJZbK_tr4tjhMLg,Clovis
XUHX4IW1UFb-rhvIOpmpow,Clovis
WwIK7lDHwlY9UmyIc-svlQ,Clovis
cBnfvGfOJW8iZcM29ZxvMw,Clovis
WqXas0EfcuXN661wjnhr7w,Clovis
VfHYT-_kdN2SPoNyVx-FCQ,Clovis
UXqIo8jPV0seoERIprjHqw,Clovis
ex6IKt_O_dieWDojZA5v-w,Clovis
Y2AreDUVKrn8QSnUK0o7_w,Clovis
4fFzhmIEWL3N3fEywdDqDA,Clovis
s_4OkFDqw6DFHWrpwYL6HA,Clovis
3OSWZcA5GIDkDcGYZ2WemA,Clovis
3NI2LuUzmocAwBMzh1WMkQ,Clovis
hIIyNcX3l6lNYs6emw-X_A,Clovis
eDujqSOz_Vd8d_fxi-6Jig,Clovis
U89JdSghMCbm3XHFoVDOEQ,Clovis
bq8M9xi1hU1aeeuTk-NX6w,Clovis
9i1MRIJHwD0S7w51Ur24OA,Clovis
7_chNR6eeII-XcclYcaIdA,Clovis
fsG_Jzqpd5e-yi2pkstJCw,Clovis
m8dWzqrL17aXpsVDG9coFA,Clovis
iXd64T4oUBm7-qiKHjQgPA,Clovis
meooDNL0T0xWOB02yEMfxQ,Clovis
WD78MpJO41ehXs2W3fbUlw,Clovis
kJ9Mci_l4acgvCduEd3Yng,Clovis
ybgVUnHC7jAGqZxu6qPCuQ,Clovis
_pp8GdYvTwd7WD2v3CWvxw,Clovis
eZRejEjvQjuy3bFWjFt55Q,Clovis
15xlSG7BNQsKaymcWZsSrw,Clovis
ZDAapvCyZEHcsSC9UIi2Ww,Clovis
08Mz4CiB0YO41BbKxJ_HfQ,Clovis
ZejZcoeECraahr8AcfMEqg,Clovis
-ScNQoCjgYCEdpBPsV1MPw,Clovis
hIoDMBwe5ksfgZv3qwWi6w,Clovis
BpWBtLXOJrzDvCuXEC6uMw,Clovis
kATFLuML5lh-fUUR4cgRFw,Clovis
TR_OWvCLWyo16dVN3s9n4g,Clovis
eU4mo0tiRs3s9GNCg_wAfQ,Clovis
xpwkMW38Wi8oB0fFAbiMPg,Clovis
YEmBs3BDESOsREAnmWzQPg,Clovis
16Hq0Qqmg3OVxmtDYjKxNQ,Clovis
1J33dmtrYhqowdzkRodjHQ,Clovis
kBNP8X1OXG-Igl9Ddpcz9w,Clovis
J8AZ2OmGOq4a1Epu5wuntg,Clovis
0lmLcBrwxmKjApDKj1YYbw,Clovis
WTxS9yinoID6oxlkjXzdWw,Clovis
Z6Nrc1rNLjDTfXXtKxseBg,Clovis
TDXudn3AfZ5NHW3XsRPYyA,Clovis
WLkoEs6iIWTr7UMHfEy8jw,Clovis
eVxrfY61RvXD4iktv0ra-Q,Clovis
Hu7Me-u3RMxSFsvR-BkHPA,Clovis
0VsNqY4MihFs9WMV5pjlZw,Clovis
4VzvcIg66uxtRsmm9Wv7XA,Clovis
jT_2L20Wu-mz8q29ugjYJA,Clovis
0Jueq-z5zGn_OxTfd3e6Cw,Clovis
CtM9Tk_uysp8zmmjbpshPA,Clovis
a5nduBKt46qGDP6gerc1FA,Clovis
Xli91_PVH7hKEfUDXRHySw,Clovis
VTm_HsHUe9L54UrQaHmSvg,Clovis
2zP46Qwy-Qy4EY6IkJarjQ,Clovis
Z0HKH96XGdxnL6Jct00jIg,Clovis
aBWW0AtABYPTbXDYNQ2juw,Clovis
0vM-9Qk4gG3cM35XED8mUQ,Clovis
Zw_BUwVYnozD6eZX9GuP3A,Clovis
rFfLifRB4sL1zdYoPaeEZQ,Clovis
0qZOFYy2QN6RCddAN0sfbw,Clovis
-8xOUTFzk5zRSe7BST0mjg,Clovis
0UB6m7hfAkgjpWUN0yEU5w,Clovis
xBteSo7VmKT1OSdVVP4BBQ,Clovis
4hWcpQl7-TNLmMimK3-VfA,Clovis
W4n8UHIgYSu2ifG1xbJpdg,Clovis
2NfCYXVqgjFDBkA590xbmA,Clovis
zFdM64HRaGqTqRspRAyg0Q,Clovis
UVQ5jdT8h7zSifcyvQgdeQ,Clovis
WAepx2KT7dcmwkTkSfnNjQ,Clovis
5xsQ00hpIZjG_mWLty2zTg,Clovis
2qC_O-5F_FUdj23S4Nwhdw,Clovis
hjZvgS4_s12eq-hsfSdwug,Clovis
dnxL37dpV6gk1_6VgOWxCQ,Clovis
iCn2FPiApkGSL5va7dKkQA,Clovis
6rPo2V_SM2800SApKsJ9Qw,Clovis
VSOR7SYB1gvdMYt2l98Alg,Clovis
7GUh04g-0sR0J5LCtli1Zw,Clovis
mwFHJnvOXzC0oWWmoyf45w,Clovis
T7pfQxRq9huFqze6m-Pb8w,Clovis
VVIqxaTx8VjrxZN_QSeWnQ,Clovis
enQ6qAPUSR3tFDARDMIvSA,Clovis
VJAPCNVmzkA0ToZNbQsohw,Clovis
05BNL2ApVzycutItk_w7pQ,Clovis
V6tEKrgJ2S2Xo1-K2vFu2g,Clovis
cMAwnc1k2Adl2Rcvs9ynwA,Clovis
0KKIOm-vH6SvEcJyOYXBJA,Clovis
rJ-Ay9xxYIVS7Qmh9yBY9Q,Clovis
-ag6VWE4zJR6zQoCg4XMkQ,Clovis
UWicBRV63WDgufHgRN1mQg,Clovis
IGZVFU1BSkLAryIud4_t3Q,Clovis
mIugj-QjlJtm70SLnQO2kA,Hayward
0jp_djijXVXsR9yHFw9eHg,Hayward
XLMMwjKJeCuyJPBk6JceNQ,Hayward
hXIrukjNDjSCvMV9yTQh6A,Hayward
WKl1yBpt56yEnzvw-ocwcA,Hayward
-PfJXrFB2fnAXxeOogqE7w,Hayward
TIky7K43HMqO4k013f0ItA,Hayward
c3Q_5r066fcNnEUyZ-uDqQ,Hayward
40Dk9kjskKT1T6hheo2rVw,Hayward
TYLjOe09VsL7mCn701irSQ,Hayward
B1UrJ3jbIoMCHRqk8tyTkg,Hayward
niep0Mw1nJFCsjse5CD8Pg,Hayward
wxM3FSKRPDiuGXcKt8ad6A,Hayward
U497nEUC8CFl25pza9DPWQ,Hayward
h57S3dcIeWSZpEV3GFeQQA,Hayward
DFkr0mfcBNogTftn6qIG7Q,Hayward
kqpf0-nLMqGv5IkTT8EShg,Hayward
ZaEpgc3goPWp8NfGuLzOXA,Hayward
a6IOClQU-IfsJ_6WjJj6qQ,Hayward
0YnNBTAksND_p6ItAJ3aCg,Hayward
XFyX9zky4tqjTF4eoZ6Tvg,Hayward
SsUjwsbdirU2MWpFAzOblw,Hayward
c7UVHHKPQgW351fXBIgUeg,Hayward
frY6uW_F0nLWcGClquWwig,Hayward
zOZGprTS-ZG4aBq8I8j5Yg,Hayward
nawbyJMv9e-ykVItMIJNcw,Hayward
0icZlUNIaDu_4tSymfbdTQ,Hayward
-Cg3B3-O3Z7x43UNRAWcOg,Hayward
UoXwV4AODcH7OnjLVfqFYw,Hayward
gshJNmaxzgIlinnQ4XqDUQ,Hayward
1kVP9S3ajmgS4ZjYyZ8nRA,Hayward
eJpHVKK4hcSTn3iB2S2ylw,Hayward
VxPUR2V76YvprcRcQe5kVg,Hayward
xhxyN7tnt43aYpF-IMtYPg,Hayward
VEPvqXnF74norubiPDWaFw,Hayward
dK0bbteHI0IAGfs9lS4VlQ,Hayward
g6mxPxy_7Py52yfHxLa7IA,Hayward
eTg3g9HaocE3TpyncW3KGg,Hayward
6E5s0Az3i9L3mR2KsQh0wQ,Hayward
_ajOOXoL2rmSYyFxv5cGJw,Hayward
TUs_BslFgEeGGs8Kx0Z3Yw,Hayward
ZmG6VCBu7bFg5SEiSd1_vw,Hayward
3DtfgmyNg3gs8mSXfqBneg,Hayward
XNt5g-OT5bytFXihQyAyWg,Hayward
xag_mKR3LYmCl6l1nK_uvA,Hayward
x5csIJOK9OujRpQrj_3ikw,Hayward
3-k8iIIrMg4eJpKcgtlDRQ,Hayward
dhSLSxn75TZ3SxsBmfN1aw,Hayward
n-DO_6SCijOCbETuLS7rkA,Hayward
ZMX-gmJkh-Nr_dRC21rb1A,Hayward
mrZH_U3RGY4HW0Wp_iWPdQ,Hayward
gGe3sVtJ3cxdMzTC-yy_5A,Hayward
Us2_bDxY7Bj7Ia7p2kSAYw,Hayward
oJxylUHa-lFSCCYxZg0-uA,Hayward
ZWhLfoCV_msbnkn-MhMM5Q,Hayward
0UAYSxLoTttGY1IABCKS_w,Hayward
jMgDccWRKWMbBPHKGpzi3A,Hayward
ziZc8P7C-eXRjAW2y2yJNQ,Hayward
zTNFcAeQYiLgO9jqAJuUhw,Hayward
5GQnR8aX_2IYlqE66KEyvQ,Hayward
WS01oMuiUP84dW13ctCa5Q,Hayward
Sf7YMQHMAqlMMsPrrLr61g,Hayward
YjWFeqW53xq3PZYhUuLMow,Hayward
87H6w6aGTbrzSAe_nUGg4g,Hayward
ViEDDujOExwuigfqWp6DdA,Hayward
im2aPHCzfve3nXQukgAHwA,Hayward
0GCt4PkHI5mPmYzvz9nuKg,Hayward
e3RWTK9T5T8WOYTercZ04g,Hayward
0jKgmlP6gm6x-XHO5mXhjQ,Hayward
65RRjNtpRKboXId7k_Qv0Q,Hayward
ay23MDgiqF4NHWMuG0DvtA,Hayward
XtknZSYKuf8MmyFuX5u1Zg,Hayward
jy7LBxr_QCKf0jmpims0Yg,Hayward
XY-sxMxWblBOzcSgFuEk4A,Hayward
VLuIvLoZY8n0vCPZskCExg,Hayward
9k3iI5Y_yZaWZ4t_4sO8cg,Hayward
mmuDCxYgNrSCfHDsCZL8sg,Hayward
sKRHlLG6SDV6w2U9ihwXQQ,Hayward
exxgTIaTvmNPswVU9qr72A,Hayward
SjcCK_TXYsqLKr8ny-Yu2A,Hayward
gh5KIhBIbFiC5U41FeOVpA,Hayward
djaki_cly2h8rfaqcTPNcg,Hayward
ACYrPQzytW1nYQoihhlgIw,Hayward
Sr29DnWecEWEXTatub042Q,Hayward
BQhHUiXyRWMQoM89IvqRgw,Hayward
dN9CGHTOwtrT7cGn4piasg,Hayward
r0jy7-q7DDqMz6tUrtYSJQ,Hayward
5JU-IARGI0vzXPtrX0rGnA,Hayward
Zocry1xABtEWkn2pUKc5Vw,Hayward
xcMa_4pY5SgJslhhOimldQ,Hayward
zNPjCbTxfohrd05FuC6FIQ,Hayward
jQJQluO2ERjjrq5FlVV0EQ,Hayward
ejytIbLX-PAXRrOU4y8tJw,Hayward
5UESlELZn3C3rORGehP85w,Hayward
YDl9-e6vUTYMih6rnvzD7g,Hayward
vaZKGH1aduqPwY2JN3MW3Q,Hayward
TCrNPyxYe0pPIkngW4jWyg,Hayward
dUWBnNkVGIYNkCGkw0EbVg,Hayward
20pQUgT-cswlA5e8_qPf8g,Hayward
TaFFrmt7coafpUaW_54eWw,Hayward
WfP2-D4og-SQLzGzguGvCg,Los Angeles
AMEwErgv5Q9ujywtxi5NyQ,Los Angeles
nnxgAW71atRI-9e-g2-BlQ,Los Angeles
YcREOwVHhUa_4lzoW-AEqA,Los Angeles
WDAm5n2Q5XolBAmH0sWVmw,Los Angeles
fbIoBXMY8imV3rbKNeqV-g,Los Angeles
fAftGnoueDKd9XgdJlfx1A,Los Angeles
ZujN7W7WqAbLSBKVWAzb2Q,Los Angeles
_kB0XIeYamUHcFMjf6mbdQ,Los Angeles
4uZBzd69QdSYzWMRUO1C-A,Los Angeles
6RPpRrdT4n5XSWz4atyvFw,Los Angeles
XRSSN10GAFi-1YBwEHqr1Q,Los Angeles
s18F_MG2gq8tMmbU8hd_JQ,Los Angeles
cLt0FEMaGYi0YybqJv1lOQ,Los Angeles
VmpNOSWJT7qic4MfpPR8Ew,Los Angeles
TXUOCe0kQUgYzzeWFIZjTQ,Los Angeles
2WGsctDLuzvMWP6MOQnjrg,Los Angeles
IfT77fjH-LsOPaLx1vm4gw,Los Angeles
-cW47c64JE16WObyX-5_3g,Los Angeles
oOweJKZo4R8XIM-cUJoiPw,Los Angeles
cWrvRVPEIrOgrw8NCQU-Rw,Los Angeles
3ucbzpksOYmWDKQ5Ihad8g,Los Angeles
flHHmqKphS0WzX1QktRrpg,Los Angeles
65OMqfwAMnZt7D_oJqnYYA,Los Angeles
XM316r0Faf6bQ_v_PdlRLQ,Los Angeles
am64JWC8wrsAR9gvKHmIfQ,Los Angeles
8-pzTJqoPQ4Szca9mGxN6A,Los Angeles
kpEtCmSIOiHf3rtmaHJKoQ,Los Angeles
XWrGagUlImjOAAYiM16dnw,Los Angeles
eHT9XlwCbnsQR3cqMiUz-Q,Los Angeles
mojF-OEfR76-s1GVGTxRSw,Los Angeles
-aoGoWib253dZx_YEY4u_Q,Los Angeles
XgU40a31lrX9Ib2wfh1ysw,Los Angeles
ekFUErZHlMBRzBneCXcojQ,Los Angeles
eAqgI32ivj43kJ-9Pt8EnQ,Los Angeles
fX7mP94R9BKbsiKGq2zdIQ,Los Angeles
mYAQORdTCOfe_yKwOp1AnQ,Los Angeles
X04WDnl2tw4BfqrMZQrt3g,Los Angeles
322xglXmHrkpDjbTx7kFxw,Los Angeles
clIHQTmmp4O6h-srRVW_4A,Los Angeles
cxXf3kN6UlS3FeqQk_eldw,Los Angeles
08SYeGgOX4z2qQhrhgsWYA,Los Angeles
UkbbL0k7E2AZe5F-xnNzJA,Los Angeles
TXgnSEcy2sBU5Ot0sOWKUw,Los Angeles
3GpzG8rziUJg8eFngZ9S9A,Los Angeles
Syy_Ige-J8Mo_Sj0Y-XJuA,Los Angeles
5T6cSMDnkPt_ejT02z5EoA,Los Angeles
zNvDLDZ-5VOg0MpP82u66w,Los Angeles
_qn1T589edzuNjYRQQF81g,Los Angeles
UlkU5lN6vQCP0oTdKPDDUw,Los Angeles
Ao_NeuK2Yg5TDqH05DNTCg,Los Angeles
U4XpRlvSgSS6IA1ohlX4xQ,Los Angeles
dhTHqw6gcO2BJksq5Nikug,Los Angeles
JKo66DfYtGVF59FEFQ-bWw,Los Angeles
mS0UhkxaTXd38QRTyxEfaA,Los Angeles
T-Gj0H1gl6HLs3aGzhTFQg,Los Angeles
gKkJO952RtELhQ1d5jq9lQ,Los Angeles
cJSThg0CRzlEYOmpALY2ww,Los Angeles
AZaScofE3ZIUIpJs8kddCQ,Los Angeles
0zQVsNeqGiAItuw3gCiouw,Los Angeles
CclsFMifZy2CfC1uDHqUPA,Los Angeles
JMwaVmzwUdDsbMVmaLumRg,Los Angeles
0YZwz4wVe2mgQOV06cqpBw,Los Angeles
04QWcyuPywvv7c2BGCsmYQ,Los Angeles
nXNZPnYPx0CJ9tJ93IyyeA,Los Angeles
j140lPLdPdh_VsitpXVsSg,Los Angeles
gNMeXOm55lCI-9Wh-7o8Wg,Los Angeles
jiVHjdHp8XwRs08C2mGRvw,Los Angeles
2IWeRAOCzlutZ2Nc5uO3jQ,Los Angeles
5S8Ru6MHm5F6B3-UOXzzYA,Los Angeles
yhLMaJTkyERRnrU130_KsA,Los Angeles
evU_JLDlB_8WDrqY8q6mOg,Los Angeles
6NCUc1zUAufmq4uDO3013A,Los Angeles
BSkZmQhIZEEkYm0MYjCwlg,Los Angeles
nxhz0TKxzUVJnjpdritGRA,Los Angeles
U4XtQRALKxeMCVoqehWrTg,Los Angeles
_eeXM6aHS3gdpfW8zkZ4Cw,Los Angeles
BK27chXcQnUxsb4qKS9kPA,Los Angeles
-i26BfJ2twy5Szq6kDIaCA,Los Angeles
ejwPFrBY2rsI5MoD6JYgwQ,Los Angeles
1UJzaSIUlaOymPGM2c1Clw,Los Angeles
b7Li3PMGfW3H-0ErQHNX3Q,Los Angeles
rcq2y543vWJXQksUM9xjBg,Los Angeles
6WTNz1cJKkeg7Bo8MFPvFw,Los Angeles
vz7uYrdXhbSu8otda6lwMw,Los Angeles
St8Ik9aBwqVfJ5kpWQt3Dg,Los Angeles
cs6MJXsAmjOB2KmHpxVOug,Los Angeles
bqMjF_4tvZWN112nP72ssA,Los Angeles
6HY7v1iBJwjmJKPGAGFK2A,Los Angeles
1QjKA83XXM60gEaUb9ovlg,Los Angeles
Vrl5jI3J7eernJpO0xz2Sg,Los Angeles
mw3CRmB0ui3PMsqiyL8sMA,Los Angeles
25QUFcJxBi6qb4g0gjPJPA,Los Angeles
d55wrY_X3QqaqXp-PLsgEQ,Los Angeles
e_IGZU63Ykq7GVaWWcyUiA,Los Angeles
bAaOPzcJDam4rgjsmsfd7Q,Los Angeles
BZz2N9iSlDAq-TMuDOd7sA,Los Angeles
iekD1AgP_kZ-lkbosAtEJg,Los Angeles
69aFMLthTt1Dti-ijyIfVA,Los Angeles
mKOCiCoy1LAIb-mgDERzsQ,Los Angeles
236H2-5VHZX2qK1LOh15sA,Detroit
aWIfpZGkZTl9ho_zdv1YAg,Detroit
3Qqc3AYDL_26iGIpfx8lrQ,Detroit
Uc9c7jeqWCMPC_LohXz5FQ,Detroit
ijJHskSRL13jenn8lRCwGg,Detroit
-4yENdhEe8_bVwHprrcnrQ,Detroit
_V0eHsXUYtZx90Vr3Ea80A,Detroit
Yp6vujYleYVgv31XOtsbMw,Detroit
gVttd-nIjHDYm74PvmxWig,Detroit
c7fTJoTjYHlLaaaes3rRJA,Detroit
fuMcLkZkD29TPemKOCNN6Q,Detroit
c5QXSp0qv3VbobZqHvi3uA,Detroit
YCh7igqLbjUVuH4hSx7bRA,Detroit
VPQ6731yhIsQ7d8Zu5BC8Q,Detroit
_LHHuWYz3GZLtm_cSxEpdQ,Detroit
wZ4d8m7eegCNq8b3GIZnGA,Detroit
bAj8PqBtFNDRUwB-8gwLSQ,Detroit
gVyC3kAIQQSk-7AD_6Vy3A,Detroit
dGA-Wx8LI9Nih4ho36FuRw,Detroit
0uuZunlGKmlD1DfKxKGKKA,Detroit
WQhJwdfRrpe0OLAQ-6Xc5g,Detroit
w8FZo0VAqolROxQIi4RPXA,Detroit
JLoeYXIMxC01IDImZ1o4gg,Detroit
-Eay6oeNTazaD2NQP1VpaQ,Detroit
UjYr-M0r6vpveNViI4CByA,Detroit
iyH2VsxUHzIG2Xc9QNiRuw,Detroit
eHQQcPSYLr5XJs4ah9hgEQ,Detroit
d5rJZ2PUbNklLTQoSqVy4Q,Detroit
2O0bDKhJZw6k6l3oafqrRg,Detroit
4wdpP3TjPPF-fE3hR9irgA,Detroit
WV17DELdIxY7v3PyINRe2A,Detroit
4nF1PtpnSDWX_pv_0Rrwtw,Detroit
yy1e2Z5hnCRBCnrE8MzMfQ,Detroit
ltQVHZgSOp_GCaDxcRHipw,Detroit
cygcVyZrRK2meYJHskODcg,Detroit
2TmmiZ_IRTcS2ZhCwJwG5Q,Detroit
a1KRuhufE3bIV98h5dgvPQ,Detroit
wcv5bj3IwuXSajEWkQhayg,Detroit
iTllHjs04_cHw_qNHKJpYQ,Detroit
-PD7zXH7pkXCLUwiCxRl7A,Detroit
Uye8snheQ43wV6aRvfNP9Q,Detroit
iCg33Yv3vZ-vLREu_CV51A,Detroit
a4DjFV7sVKdmvI6kQd0P7g,Detroit
TeStADl9Y3CDL_nkIqvFJA,Detroit
vnrnvMlnv1ePCfgbvlJEtA,Detroit
wY9PMEi1AR2duMXrCfKufg,Detroit
0Vy6Tj-54RV2zDmjgFprdQ,Detroit
BcZdKibpcGcwOXw2IRKFbA,Detroit
YQu5SdCaSyhaPOBpwzcqQQ,Detroit
YTMGWVpG_dz0N25MYqI6Sw,Detroit
cmtYfOSv6uQJf-tKFq2vxg,Detroit
0SmeYheKLSz485X3xAKmnw,Detroit
iUIqlcfpZCoYpzWB3edAqw,Detroit
_SoUPWGA2LuhINkyhTeo7A,Detroit
WXaUXesUePXbDX0V3s0ymA,Detroit
h-7yUpDBMyPBVdaHc7gSfw,Detroit
UzF05XijKtnf-Zoygu_HgQ,Detroit
0c1gr-_Wt5PqANJ2i2fXhg,Detroit
jCmcbwK538EE65HgUXpi8w,Detroit
94f30NfTGlcxAxfwFHFFQw,Detroit
6TdqRZwB483oLB9K_tfIgg,Detroit
TPx7GDpBOCswBcBNhGuGvA,Detroit
VOkOE7MTnbbIgTyfBWCRww,Detroit
fBFbhr3RL_YMktOBLDmMGg,Detroit
BPIP3jX9PJFjDpvNeMnhZw,Detroit
0K9Ucu0ab3nHCpCZN9f55A,Detroit
EHQ3QnUGed4MFyx-BVayJA,Detroit
dZQ-5XP9gQdfSZSPqo5iUw,Detroit
_JHe0k92s_viE9ik9Z-iTA,Detroit
yGDUd2BcAydI34v5oTw6bQ,Detroit
Ve0pMF2oWGHaorNuEw33HQ,Detroit
-75YGkt64rRoa36-_9vpYg,Detroit
-v_JfLs4fPMruHoedG1jUQ,Detroit
dFgJ9K_7lhODyHl0zvYxdA,Detroit
oLSLi49Sv2uiZRYR1sdadQ,Detroit
WSm0-fLn7_7SUDZBVLi_Aw,Detroit
TzeyRsk_dYquoICLrsbWKw,Detroit
dpi8OnpaUdonDAgBV-indA,Detroit
a0Q7JZO42GVfnykekH4fjQ,Detroit
ZxqZOIK3kAdSxqjAaBEvrg,Detroit
lQu3qzn24j5kQxgV2wn9zg,Detroit
l4xgZSIR2zWErRcJ7PARaA,Detroit
TesmrYs0pHKintQEBwmW4w,Detroit
SrDMsMkgl5LzukzqIh1v_g,Detroit
Vp2192Xmij4UWqIdTq9o7A,Detroit
moyv_xTvMV3WrOvVBeROEQ,Detroit
rrTj5klOclMKkMk389a8pg,Detroit
aG3gp9j97zpqkKlLU7pChw,Detroit
aNtzAHqMRNTRhd-ZtTZ-Rg,Detroit
moQkIeWj9AtGM2v7vLI9lQ,Detroit
JIuZjud2-AURcGJi5kL4iA,Detroit
EJglX8g101rSnZZdzC9Xug,Detroit
k8Y1P9whyZwCehKwB5qjbQ,Detroit
6SbMFNyrdDGujkDqD1sDTw,Detroit
gdV4W34GivaIbcT1kfdYzw,Detroit
fwxgVhhvhp7tIWjqQqN3zA,Detroit
00u-rfK-Hm56MnbXJXT4ug,Detroit
fsOLE8eA6wc3zzYBKafZTQ,Detroit
9HGSkRHs16aOAo9fe71blg,Detroit
-EHC4z9IF6YwWT7-4RKJDA,Detroit
0IFhuubBVGVfDuPODZCkmg,Elk Grove
XIxjbT_faVhzV9MQYo52DA,Elk Grove
x84U7_SYpD2QVnUBEIm7dg,Elk Grove
VwoA9qYSi2xd4CRESOmDBA,Elk Grove
kzjqsjoYQIxHmY3P6VJY9g,Elk Grove
TFi69u6wmFDlQXJyCrqVSg,Elk Grove
xyID5hKyXC0c-h1txTEIfQ,Elk Grove
T4tjtSWi1YYMOj7itxaIQg,Elk Grove
jdtGusTr_P21Ee0u-gooaA,Elk Grove
Z2lLEoR6rvkeQoS4As2-dw,Elk Grove
DsNEiUC_d7teqImAyp8_4g,Elk Grove
xRXwgCp46_QtACs_Ri9QKw,Elk Grove
V63jetJQxQ-V53pn49PlUA,Elk Grove
AKUNFfHH0sfJfL9Vz3yTAQ,Elk Grove
xOm_GBujg5GZxbGVrB5Bvg,Elk Grove
XcEKMRAKgXrs5DiA6vNzUw,Elk Grove
YaW2i_ZNWkl6Cgk6E6U1Mw,Elk Grove
vN_nyAeTdljo-Y84hNB_iA,Elk Grove
fXOjrDc4YfDOalS2lspjRQ,Elk Grove
XLu3rxhffIQChal_Tc892Q,Elk Grove
ShiSrKqmlVJh-UrDG_EGWQ,Elk Grove
9pvufQl7yVFVNofKCFobwg,Elk Grove
J6mHGmVLBtNdTUyD3OEL-w,Elk Grove
VhSldMGo5v2hxDZtyJdp8w,Elk Grove
8vMuMfGwaTVr2eKMwNyhPg,Elk Grove
4xZWTPMef_DS8OmbmA2Alw,Elk Grove
j-Lve7pjLv28IJxr33gtnA,Elk Grove
33VzKptjGcN7FIQPsBxMxQ,Elk Grove
0RmZrRuEdDTPNVv12Y_L4Q,Elk Grove
Ag54yIvuL9pa1ZX7nGDYTQ,Elk Grove
vtljIP7Pc37bGoFARgXNMw,Elk Grove
e7Vm25lhLCLhJiq8Y6Ebyw,Elk Grove
jXbziT1EOMHnpNyR4Pu_8A,Elk Grove
rZ7M_Z4d4wOu_JYvbLramQ,Elk Grove
Y8i9U8_-DS1rllzApEt3EQ,Elk Grove
TkBh-8hwWmqOwWrjeWxPnA,Elk Grove
5E9IfWlM2g-l18j4IBysaA,Elk Grove
nTWm-HMCUMUM5ww6iaUXxA,Elk Grove
r_qtlXEanXLTFXTDJ2mT0A,Elk Grove
190DCH5GB00NKgzrv5l98g,Elk Grove
mBlJTzzYboJ6ZIUIH-H2-g,Elk Grove
r51IRdSu52Ppaexkk--VnQ,Elk Grove
0gbKAm9JU7RmEb-FL_psbw,Elk Grove
wI-M6A3yqaZVjZcWRdTkrw,Elk Grove
0UAsZMLqBJUyfYCj23iACw,Elk Grove
-cMvNLBVTKLlU02te2t93g,Elk Grove
02btE0cwOX4TZmTcbe4ifw,Elk Grove
Wn_hgD_2NtVG2cnx547Eyw,Elk Grove
rg48346cj_wmcsHAYZw-lg,Elk Grove
75OqZGq5eBp-XpDZjTvRXA,Elk Grove
9oMM-GwMCqvJ7D_RDCs_gA,Elk Grove
rlPaD3qtnWLZSzCdlF69uA,Elk Grove
6C9oeMzk64hWYUUCWjntdA,Elk Grove
qzyx91Ua3qZ0-xN9pRa2oA,Elk Grove
xiahGMRNyXZSuzs64LXtVg,Elk Grove
3YHB8yndGpRz6PiDZ6226Q,Elk Grove
Z9r52MBsDDLO_nfC1tYTUw,Elk Grove
hfCnRrw4HX3P1E-IOXCrcw,Elk Grove
duZY6CWWh3WVG6zO4NQ4CA,Elk Grove
yDAs7IvQB14PssCO7_OgdQ,Elk Grove
dpCrVLHlyJisk3vURM0sRA,Elk Grove
VcOFAa3QjDqG2X4hGvYTJw,Elk Grove
3JrZ3u76fUn3AuD6VhsI_w,Elk Grove
agkXYNPYNBJe02oouqWEuA,Elk Grove
DUMrVWoOtGlu4IdsouH7yg,Elk Grove
levhpMi-Uv0BGrAfPb5K6g,Elk Grove
nfkRUMDmKJ59CtA96amYnw,Elk Grove
mUJXrK2uft1w9U4rMjhEcg,Elk Grove
CjAacRRDoMON1_hjZLnZNQ,Elk Grove
TYGiPJXsVA84zsPhkJCWkg,Elk Grove
1v_ugZNWfkRg5S2D4F7VlQ,Elk Grove
7b-hRR2l-__OgWYTFiApIA,Elk Grove
Tnxv4tgCferYpDUu23l7nw,Elk Grove
V2IxUtQtcoB2bIvhgQQrnQ,Elk Grove
yGJsjX3qDYOQVO_UlOWupg,Elk Grove
3P4wQdiKopdXpeJHPFz_bQ,Elk Grove
mbVmSAwkaYMIGv95pJxWNA,Elk Grove
TT7wQR1iFlVMDzO5G9iuKw,Elk Grove
0hUdtJqdZKdT7DL6h9nHLQ,Elk Grove
DhEM8yBqacPcD11MQBpyGA,Elk Grove
-YZWwZGCAOo1mTzTtMiayQ,Elk Grove
hOfblI5-732zjhks85KWWA,Elk Grove
jOWlKIhBdEOKSder8k2q_Q,Elk Grove
-xsShn-Fn0LumEF7xaOknA,Elk Grove
TidmEKxlLcInxWWZV4ldpQ,Elk Grove
efZCb84xJt4bh5rHGFE3eg,Elk Grove
iJL1_S97urtJSJn-ET5-0w,Elk Grove
CvXnqq_v_OmNhsUjFQ3_sw,Elk Grove
3Psw5WrB_y9qce5yYL0DCw,Elk Grove
qrvYZfdaTdfKxOgHoQK5Pg,Elk Grove
xMcTQXw4TK3FwNaqWUswxQ,Elk Grove
_pgVxk9olE081aqHjkR89g,Elk Grove
3SsfMYvlCWrd8mByCy0t1Q,Elk Grove
c_3XVMZVq7x3V1ryThEZNg,Elk Grove
4wpNE6fjFnQH0kVq8XF7nQ,Elk Grove
oJRr4I9GBVX1Cuga7XpLlw,Elk Grove
evAhe6No35z6ecvCgWpHEQ,Elk Grove
45gqOczjneHZ0wV7AuZgrg,Elk Grove
dwSnaclX_5QlK9INrjMARQ,Elk Grove
w3vzHsZptsvPJBdDcAhfvQ,Elk Grove
fljEVpIbnMjqRwzxfe3BqA,Boston
59Dd7vjt4Xi7Cy63dRF_VA,Boston
C3C36Qlj1jVtdQxc1FN74Q,Boston
VBSrosvtFjZzoxl2RaR40w,Boston
ravSAFBVraAvVBbZbajGxA,Boston
mgKoUPVW4hMQuHkdP2v9Tg,Boston
-rEFaVXA9Ik9ehO8aL073Q,Boston
0zIjNGQ-YM_qyYUZqOb2sg,Boston
T1rNEuuWoqC890bWY-w4DA,Boston
-5d0ehRUsvyRei52IFaHtg,Boston
ZKH7QuxYHxmP0catoMjhYQ,Boston
Y8aExc-uT_b6nBQny1MH9g,Boston
21UbFVO8Q9dOJ3eLhsZxwQ,Boston
6l1G3qUsgTXUyiqdU6ivxg,Boston
xPA8d0BAx-SuvUgY9vRl6A,Boston
a08IjVx94d-FLdnxsdks6g,Boston
3iJsV6rPoJVSvcFG4k-pwA,Boston
mXZHyB0vejEgcMI8S1auQA,Boston
iIArlfiGaC23BgUQshzvzA,Boston
HNCphFBClLAwwwKxWxUCFQ,Boston
U3T93Bg1UDIRWxblaldQmw,Boston
-IVqlCpt73MOMimg76rRVQ,Boston
HORTOW9fn8rSUJ_Y3f8iSA,Boston
0TF_CqPWkW37JIuwox7Vww,Boston
1ZN-EzNxc5ta6S0SEJ8LoA,Boston
SeLji1-oLH_aKA4ilT0l5g,Boston
T81lqDj-KmbGqmefkZfIWA,Boston
-P8QrEqqxYd_5DuQkglkiw,Boston
wZcUDdOMf5uAfpAjEyxWWw,Boston
1A_SlsW-HL265pdHLVUsJg,Boston
WcoJLxtY9gs8eJn2hAuoew,Boston
iAG-b-OCo-ABXDXqP90RaA,Boston
VMg3tUjxep3W_EUyNxlqCQ,Boston
hfVhqr3UXYQMlqB2bOHNMA,Boston
1NZU4CUU38Lj3q6NoxDDVA,Boston
c-kovt_1pUdG3eX5SnII4w,Boston
mWTmgJeBNeUesOzoeyT74w,Boston
i6rZB5Zl9Mvof_RPvuSyXQ,Boston
0gCw8tWUOW-t1MF_6U12XA,Boston
riQvQYyzknKbdrQs9FM4Qg,Boston
skWv7e0GrrUpHpf3Mycqpg,Boston
XSU710qk0RsOMzOsVju88g,Boston
_3LwNqi-_C1ogRP2MzigEA,Boston
W3k26swFohxygMRz_XH0hA,Boston
3TO8oj9L0d-v1DB1s2hnmg,Boston
bXarOxRyAULXeFW3O3bzzg,Boston
UnH1wq45oAg52d-2-U8IuA,Boston
AjIzj1bYwJ8RkgkqOHWrVw,Boston
DDzGSEEeM1cNDvOfUJdOUA,Boston
snhLJ4j5zmDN_9ZTZ_6vhg,Boston
jGKCa_2gO9OAj1ZiT1r7oA,Boston
X2hxX-EiR0hqxhTQ3MnmrA,Boston
-xkFfVLjRFzOaKkSQRbitQ,Boston
zcleQT_Ln7s8wuI4FcomTw,Boston
zDJLBgwD9_ckMvXvaC4gPg,Boston
Y7rNt3QVLlKrGdjoCn4KYQ,Boston
Ebym-Vo3DpcLJCYlUFuLdg,Boston
ZHJ60mb8SsZ19qhXPPGAiw,Boston
U2bPJkcffKeWHZutZ47mrw,Boston
TaWYoMPMCVrTWabNGzJgCw,Boston
UxHjQGWcmztim4AZldpM8Q,Boston
cwgvt20moLt6ba4N9Jvw6Q,Boston
3B1p11CawOu1c3e96FDDcQ,Boston
csQ9IYB6UXfZ6bo_yPtQLg,Boston
a0PyyQySSHJbcAva84ubWw,Boston
VlcUG2fKydGKankhKqK-HQ,Boston
Uc8ltMg93kTVYHI29XVNHw,Boston
aJp4sO-CpgI64xF7uO9n1w,Boston
g94yc2hJlZ2zE7Ezzt7BBA,Boston
0TePnC5spMpYiYr54UuJDQ,Boston
TFp8JxouQWZTCnKDhic4Mg,Boston
HJIoWfCslyvc007RzBNkQw,Boston
UipUrbsu74jBCg0CdXeuFg,Boston
0GAluAKBgOsYZmg2GRv8-Q,Boston
zauRdt2SZjWAgfPHWA_UFw,Boston
Xyo0zwvIiE11-oVr7UICrQ,Boston
c2dCxvXmK3mw6K3z-3uPHQ,Boston
4fvuCGMfHbJfM0w1qI9QvA,Boston
YTrcyBOgCjaV_7AfXvT3wg,Boston
raxK5IJfa2nhUKL5ROsynA,Boston
UHFmWD3UBcJHt_i81Q_OqA,Boston
13nDK2YP1867GIndxRIH-Q,Boston
3inKUrRxuQ6s00BE-OysoA,Boston
5niMpYB_F3irHizaBlivOw,Boston
VxEqkKUlHEAZOC7DNr0S6Q,Boston
aNnnfGzs3jgdI_XKOxiVkQ,Boston
-7ovpgMUWVJgzVcGg-VWgA,Boston
DYvC09u8u7pznw8Eqa9bYg,Boston
VKJWOQMGqUoUhBeF0mtbrA,Boston
Z9xSAWgeo8Suwx8rgsFFPA,Boston
StgQVq3r_bf86SDDkIQ_MA,Boston
-XIe5gWgvyoESH1iq9GEFg,Boston
T08Ma8KmZfTaet9ZgQbQxA,Boston
bsgj4UkbzCqV3mkJY1eG2w,Boston
mtqQzXWm6d7AH0Xo44SLuw,Boston
ajxdW13jwC-uG0KXpChdDg,Boston
nPTn52_qIGq9sY_YK9WwJg,Boston
wkhlrHv2t9_lfAHrIF7qJw,Boston
UwcATJWYYo27hBvwOuwy3Q,Boston
5EtDVFfzIZrUahWTL2J9GQ,Boston
hp0Moot9MM0vMM8Xko4EqW,Bloomington
bjkM9fnf_9Z1kvu05t8Xnu,Bloomington
5A0AHHmEitvM5ZfMutb9UN,Bloomington
00Uc1ybUWxbTQxloBHzOuq,Bloomington
9Y8tLw4rRSR1cwtUSGGlX2,Bloomington
TaIEgpmz4GLBMf2DLfKZ1x,Bloomington
UCoiRwm-nocL1fmAZhVoWs,Bloomington
XDDQ8GAAALjCv4vCq-y_9b,Bloomington
nGM_4T_z1qakE5YMTd6IYi,Bloomington
UYA6iXaa1Ubg6njttB55MY,Bloomington
-Mz9p4gr7EIr2FLETegHdU,Bloomington
h2qmi5kVCsOxlwPAQ1zg0S,Bloomington
jdiom9-2nV-b1DczlKYz8h,Bloomington
XoPFSx87mhxsUM28kmhVCs,Bloomington
-JW0AchOHgBkPYt1Egwht6,Bloomington
3ZVXqa7FJR2NOwMS68yv6V,Bloomington
bS5RcCQ5w69Z1hpTNnjUoD,Bloomington
Tdu9PK41ivD_a6Zs_A8zPK,Bloomington
goTSuo4BEb7TujCZbIGSQ1,Bloomington
DdEnFqFGvnrLCm4ImSHuKQ,Bloomington
I_sYmo24HIFrsvaDCffUeh,Bloomington
hCc5Mi_V8Hlas1jlzfdN3d,Bloomington
_zvtt7FK3nrXrqhBxRqKQZ,Bloomington
-meOG-jD7jtBHkwpfqLz6S,Bloomington
7JNVru0mKgl5lIGB2E1K9H,Bloomington
2diRbwSgmkMDgna0pe7eO_,Bloomington
dLSb0qg4s9dA4mBZsyFBJP,Bloomington
z_0hPGvLtn2xhMCBdcPAmQ,Bloomington
a0_miwa1WMdqfMmohllOlQ,Bloomington
TXUKLQo1zD4Ja4dmoNayvy,Bloomington
HGr73W5WdcjtxIffOlbE6d,Bloomington
-ufGsR_oOYZF6oOprh0EvH,Bloomington
ZnYXj0tRbl7YLYtEZph5Lg,Bloomington
YtPtlUeaP_g5DkzocJKFbp,Bloomington
17xhtlJadAEq7MjvvuHrDn,Bloomington
cyS_u-yCye-KgaJv7ZUgs4,Bloomington
-1xN7KiBoeufQlduesyBZO,Bloomington
WLk6Q9wvahgnZTmW4SRLwW,Bloomington
j4QF3Ddf75-om6jq-UWVyh,Bloomington
aR4eB351ZpaYdlKh_LcWI1,Bloomington
14KXLJwbhWKiQ10fsE5IfQ,Bloomington
_8F1f5IWvW0X63_73d2SgL,Bloomington
UvaI9LTtdC-Z2FeKVpM6n4,Bloomington
gXcIkzDSXkK1MYnnupzG8w,Bloomington
edFFWpTG_SEBDc5g1DU41D,Bloomington
18Calyr8jkpPjoYFQx_sBl,Bloomington
0detgIDsKUfT6XK5Q0PjM7,Bloomington
amZwq1pyaZXrGZVAGVaHsl,Bloomington
b2A-KZVM3OBf20yUmHBIww,Bloomington
1Ji-1Y0lXjQRPN5jABDeLR,Bloomington
bokECLZK2l_H6Z8W83SrjX,Bloomington
T6KYjicA4KsJ_gH5YZiCM_,Bloomington
UnU0fzrbNluUolgLClDzPe,Bloomington
yC_Jrn_CnQ5JYKm2tF42Fo,Bloomington
32RRRHqz2-Mxq7HUEDL8v2,Bloomington
Brxv4iSg7ioGb-l-kEoN6G,Bloomington
0QrZ-q3SusoT-hXu9A-1HF,Bloomington
-vzioBaItVEQPvvXNrqDWf,Bloomington
jX4DHG_3MjbZG8UZQ3oekQ,Bloomington
jUuLztwqewX-qHe1RLmeRM,Bloomington
ZF_K5EeNx7Al5hTuSHzGEn,Bloomington
0nFAj-dOWQTxYxSj8UVMch,Bloomington
X95y31zepXBZ3tqmHUWwEx,Bloomington
V_fHFhYRZtFeQbUG7BGrao,Bloomington
SctSMZyXKOjus3PWeeKQep,Bloomington
_u7UyWhlObLjCkmb2XB7cn,Bloomington
AB0-yuOVzeSVPAPYJ4Qyvo,Bloomington
eMwdqzX0wYVDA62AVkjdsp,Bloomington
1BSsDr-Wv5uf48nwzlSt8e,Bloomington
ZBMLasFaaWe0oeD9MPadb4,Bloomington
XpWYSJ8Nc6cSkANQfKwk5y,Bloomington
XQt4yWqiyfl63rXRrIjQNf,Bloomington
-NzizW5w65IT4qdJjiyUm-,Bloomington
UrT_RyeoIQ-vyJ_Cmq0pVw,Bloomington
VKlmf1xzssKIoT_P-DRRUE,Bloomington
SyvLf7wj1oUv830qtthEJt,Bloomington
bDMsEvgbhGRpd-HB-JPOLY,Bloomington
0ke8yJFO3Ffpox2E5V3fpu,Bloomington
AgT5ZRiSU-tnJ0ZDhFpOng,Bloomington
Sl5P_77Vy22mB-aDfewSFL,Bloomington
k9PwepS5zhKUSi1g7BggcP,Bloomington
03Fojp0mk4miMVoBNlT7rJ,Bloomington
-7VYbR0vRenFezfE0teQOR,Bloomington
j-cKbC7gOQW0isMaaxh96_,Bloomington
WSMZglbGtnMm2KLxL8d_Io,Bloomington
sYH5y1G_mil2OCOF-rnj8A,Bloomington
a3T987LSjGlRSh1tpfiKvA,Bloomington
Ub9pVmU5sSP5EMIkIlQ8Bm,Bloomington
-mEjTEPdBlJWwMeQBu27_K,Bloomington
0n8-amytEdsQteapDsAR77,Bloomington
iEJeDRy_G9KvIdqKdMnmWL,Bloomington
smQIhjHXZqFTJD-QnHz7om,Bloomington
4yGTZZRgWku8ecsxOT2iRP,Bloomington
dZNCqeidypq2G0cNDLEZmZ,Bloomington
vtFbQn3Nqz4PvRfU-YSn5m,Bloomington
rO-T0FJy3ck-ITU2HnI4wC,Bloomington
dnqsYyRF-qbv0P2kLQP4Hu,Bloomington
2B5aY3BJuomUn81_VYOzEe,Bloomington
3CIO6SS9jFJk1IXJI2g_RE,Bloomington
k221Fp7RrkTlCS9gYFNLMi,Bloomington
DwE6LFJFLc6i8rWwlghkcQ,Flagstaff
SmouzDucwGyl_a8kXeM1hA,Flagstaff
3mqvk1s7o4Q72INE9xFjew,Flagstaff
qrw1NbTkY5xTaZzvez6K9w,Flagstaff
064qMqq0Jkz4AHm4-dUr0w,Flagstaff
I7XG5m9xHCnx8JclGkpi3A,Flagstaff
Z0hbLJy9GkJ7_tELPUckeQ,Flagstaff
YS9pDAI7kLWJjNYOosDuJw,Flagstaff
0YycZ850lRBPh5e8zW0N9g,Flagstaff
k9F7Ow75FzUQbj3axX4myw,Flagstaff
-0rSoc1N5rsgT509yqmGSQ,Flagstaff
Zdpc49UGh4XXWNoeysgjBQ,Flagstaff
_UAZYiS0f1ewxJFLOmM9BQ,Flagstaff
VGTuASnaLiTYzXhJguDYVw,Flagstaff
lAcDq52amlCMzOt5tRlGTg,Flagstaff
-Hy9xf0xP35wYUcAZJ9aKg,Flagstaff
AVFTwETurRmLt6PgzfXfTg,Flagstaff
DGt9efRnv9fNa--4lU4XyA,Flagstaff
Vq6QVykhY_mrs95EUXscmg,Flagstaff
VROfqh3pehffWx2BJ3bhLg,Flagstaff
-Pqg3xEkLk0hvlWI6i0Q8Q,Flagstaff
mew1T3i3f5vYf7yaq4GCLw,Flagstaff
U6N9uY96GG8hVFj4oO_DBA,Flagstaff
VKQCTlYvYuMRrpdy5njSfA,Flagstaff
ZsLlG2r3TQh6K498Gu3N6A,Flagstaff
WJyKcKARu-0zQyO4TX_mQw,Flagstaff
03Ac7jehpa-lf-Dk0skcdg,Flagstaff
TPwED6ylxuyabsk5-uGPRQ,Flagstaff
VbymLHw7gC89TcCacZ6Dzg,Flagstaff
TE3tCw0PJYlbcc2nV3XKzA,Flagstaff
kREQT3G7M3ByNRGcxvpP3g,Flagstaff
dXuvsbPuN0OvxMZ0cWN7zg,Flagstaff
UsSRjb_6jU6ws2FvV8AoYQ,Flagstaff
j0pDEnvZkX9RfXMvkhXYdg,Flagstaff
kED8EPAvroDE8nXrtUlcMw,Flagstaff
VOUoHMsVXHjX2VqKgZHrdA,Flagstaff
XgyxoNGJdpkDDfi00DB8Kg,Flagstaff
86VCWtq40hQLcIq3ceBuFg,Flagstaff
35vlQHHGmeHvugzjw3LB_Q,Flagstaff
TlkDJQj-_x5dMx136_4eiQ,Flagstaff
sviCe2hFs_Me2AONfua7sw,Flagstaff
keHTaQkAL-roEpUWs2uhVQ,Flagstaff
I6Inpl1XngGGsd4eryjDwg,Flagstaff
0VRtAhBy6wME4ho24buEGg,Flagstaff
0D-qdQV85ROyFMoFyvPibQ,Flagstaff
IsAQE93PDAk-jeIyoYGHDg,Flagstaff
83b068DaDrQu1VY9LbOzEg,Flagstaff
0_oMSjBgUPvcmvjLl1D_QQ,Flagstaff
-PaFeTED9JkZzy_CnB40CQ,Flagstaff
3wzrMJfjmmc3p37jgN54zQ,Flagstaff
0A181DgRVO_3MruKsK2SYA,Flagstaff
17MdvTCtGnjZb5HPjbJH0g,Flagstaff
ke6iXAq5X2SQ-uGDRDKjoQ,Flagstaff
-tc0MNVQZqcUMt2hoEDaYA,Flagstaff
TCyU7E-lH4ZhSJdhujxl0w,Flagstaff
2QC-Ql-snRcqGjZXjlzlVQ,Flagstaff
0c2xTwhALpYBG3HJ-ir1zA,Flagstaff
_H984SItmY9lDrz8YBrcPw,Flagstaff
-kUWkWzGeqUIafcT2OWwZw,Flagstaff
XMagVgcbdbK_fh-vUOzUpQ,Flagstaff
-1xQsFe1dZkmM2pEAE9ukg,Flagstaff
h8_zvFS5-h2v1FbCvBqLSA,Flagstaff
03Ym_FkFqQGhffVvG5yUbQ,Flagstaff
03_a8PxIQ_mudoJuMKWkpQ,Flagstaff
04DlGA8eqq6vyAtWteplmg,Flagstaff
eAQ4Xq8eaj7njGnw2wvxDg,Flagstaff
4RrUkwfVNr2HSxjPbVhdrw,Flagstaff
-IByanVQJuddhV610g91Uw,Flagstaff
bLSvBqmId96fhSjinbgSyA,Flagstaff
_crCL5izYcPp6S_8lLdwpQ,Flagstaff
WEOkxaHXyZqAfzOFVRGj6w,Flagstaff
9waBo5DRDqy86hcd7b6iYQ,Flagstaff
0pUNyhF919rcYAh1G87uOA,Flagstaff
fgAMR5cJ-qhsvJ0H3K0VGA,Flagstaff
aZZIXwq4roXkNv9Llxc0CA,Flagstaff
0JF0jwYDzX3FY-lRqrgcPw,Flagstaff
13CuJPOwez-fF-S0CN9qGA,Flagstaff
BDj3hNpnAE_1jefYjh48cg,Flagstaff
UVvHTP0VjFOpcqlLTHCcVw,Flagstaff
oO3FQXGE8vGqV_sjPefbXQ,Flagstaff
J6QAzW2dQiapRtGt0jvB7w,Flagstaff
_kEjzz7xVVcXwobDU2K3ww,Flagstaff
XMZ5hVg7kauDGRB10oUA7g,Flagstaff
vEiLcc_abhscJrHZQN0X6Q,Flagstaff
UIKskyrntCLbh2TX0_lu9A,Flagstaff
ym8Qm62l4t6tpirkCBprDw,Flagstaff
UcJWpy7nXA0O1lIGR2B8Lw,Flagstaff
UsheZ1DxOOGQ5Cs6bcEakA,Flagstaff
UJA1xxrUPXs-RQ6Ub3K64Q,Flagstaff
0ZxUM2q94QrMUE9SQRxzWA,Flagstaff
lGn9cl31fa3x28rVdPy5mQ,Flagstaff
6iqSjCpyuM2ksY8huOwhgA,Flagstaff
-IrXp4boE0O8NlNEmf55MA,Flagstaff
gSGptvsd4iDottgVCe757w,Flagstaff
TRunBfY3dSgVbUTgVpNoyA,Flagstaff
-Yno17mWoPDV6qOp_y-G9w,Flagstaff
WfB_FsXsC4dK8AKxpB1V2w,Flagstaff
-WCHmWHnK0kTfWxwgLFY4g,Flagstaff
2tCNgipKj6Vb9fDsnBgQmw,Flagstaff
xsi_25Jj-ivRSYEMr_MsdA,Flagstaff
vN4QFLz_leSVnv6gs6uGtQ,Fullerton
4uEMBkAXey_FBaPpVO0z8Q,Fullerton
m2yYFIMtKYED6UKR4umdhw,Fullerton
2SSq3aiMJdJ1h4tAzs7Thw,Fullerton
nIwuIXC7YR-z9KXlBYKOHg,Fullerton
2MKCxowWNb4e9HPGWRofYQ,Fullerton
AVoiPjqSZ4323Ju6_BPeXg,Fullerton
vVUvXv13Ahj9h4gD6GgByQ,Fullerton
x7j9MzJfdV5TB4KbNXSuVA,Fullerton
UfksAv2q5fx7ff1gx8wGQA,Fullerton
Xnq3x6bYYGKLjnUipH9dYQ,Fullerton
3aHDoKH_HDh7C_BzPWUqQg,Fullerton
sZ1vUIyYTma2X5WSbx_D9w,Fullerton
cCKlbsTk6smmdihPHvtT3Q,Fullerton
0ix-tNnsL-RLdN6_cwOG4A,Fullerton
if9sQf7NkJUP_IYqd80_QA,Fullerton
gDN8DP8JBvN5Kri0dUCPXw,Fullerton
azBV5c1Bbd9mNplaQepgpg,Fullerton
gkDzgX0FXSXWGyhRN6kS-A,Fullerton
-UUEH_oIBhiJuYPI_IkWLw,Fullerton
HebwiKo7vRIBc0J0HXzvxQ,Fullerton
aA4Y2QCrWcZTZ7yHNoG8kw,Fullerton
dE7e-tNGSPJseh8jHpjqPA,Fullerton
jv2nvEWLAdVM26j0sXXMbw,Fullerton
I7PAI3L1x9lu0t3JunVFPA,Fullerton
mpGkpWMV4EhLq_GalqMM4g,Fullerton
fh23CN2RLrdwvlB2YaRLLg,Fullerton
ktw7jgaSoSzNFdLn1K9Klg,Fullerton
T7V9Dz085PCU8KwOAIXMIQ,Fullerton
fHfcTEF8XSjNNNQPYgfcew,Fullerton
WbnjSNZSfvZl8APHmKi_Yw,Fullerton
cSpbDa3O1uBPODTMwEZSMw,Fullerton
vJqKZOFvDX-rNpNegg5FLg,Fullerton
lIGA9DHTXclBM13Jk4NQrw,Fullerton
Se9mEpsS8n5o2u_A9437Bg,Fullerton
6QdB3XIcQhiZ10AdNpjIdQ,Fullerton
JM86vprdq57GhPbqlXMWeA,Fullerton
TnFNcmRb8E8W0z1rPZBLLQ,Fullerton
TuNb9vVxacW4z3_41jMvKw,Fullerton
YdF5efJbxNihJnRrKWQ-Yg,Fullerton
DWnOwI5BsOXChwYfv1fNWQ,Fullerton
kwNjoYIzyVnR9r_b6LJ2Mg,Fullerton
ngWvpaoEjd-P4Po9A075rg,Fullerton
A62KPyh9a6NYMo1uVmtwEA,Fullerton
Z7xBjTj-oqrjErHSkS0ikA,Fullerton
asArFRQLxfy7vpV034SVAQ,Fullerton
_uWAe2-H_jrqBaFKlSBXeA,Fullerton
U2AsrJSGXfW47jCcfREs-g,Fullerton
avDc-qcpyftdXvKJIpB_uQ,Fullerton
TdUvTCfWWlbY-CrnvRpTAg,Fullerton
0UnagS6nqnp0rCdpW9qyPg,Fullerton
SemgILdie9sBzJvHI_L4TQ,Fullerton
aKdA7ULGxq-x9glUEvEfew,Fullerton
jrDTwNfdCnd3eaOe3yQ5tw,Fullerton
0eGvYG7OueSmMqaoNig_GA,Fullerton
Uxixi48DkXVpcIxgjbnGLg,Fullerton
kEXuJVRfpLzpETy7tO6jpw,Fullerton
s3bUcuobf33Qshz1pkk3bA,Fullerton
U5Du1ox89AqTPWet4mKSfA,Fullerton
fH9oREvPoYB2RYxA_jNHAg,Fullerton
0tn-HfRV5kRnjuma_uT_ow,Fullerton
UNZKTmTL17di0Aj8MzC62g,Fullerton
ZGf6Ajx92fKJ-oBlfdMJgA,Fullerton
8XNN_YVelVoXNSi9jVp7mA,Fullerton
vJQcgbJtYoO5C2frnRmnyA,Fullerton
I32qcuxOZRiaMux7EkCK0A,Fullerton
YRWsWRrykSQrtIwwip3A3Q,Fullerton
UW2yFEoypzc8cHyvbPyH2A,Fullerton
Bj7E-EYQujqbziPaUu8BFw,Fullerton
UNW-B5YdYi7KR38lzYG_zg,Fullerton
Z9Vd6UYTnADocZ7k5GyjFQ,Fullerton
SvgEZB_5jKeCkZQtUe-fQA,Fullerton
cS-BXkL4aJAVQs3hx_SM0Q,Fullerton
ZunC033Isu4WTRzr4tFFLg,Fullerton
ZcsQignWrNa2sZBl2lGeBQ,Fullerton
-dGKf66VJUi5ZkZUVoOc4g,Fullerton
TPWK1NlWtCBNp1IQ7LKAOQ,Fullerton
UcU91X6-wAfuGT7JZbAA6A,Fullerton
ZxO9z5e2ywB0kn3WJ20MQg,Fullerton
J9X4J9JlAWR8GDq_mO7r-w,Fullerton
V8hwBAjF3KQKLJQgVXqZ7A,Fullerton
x24ccrcPhhGJ0gfJlVBtvA,Fullerton
-BIrV_yt9ZZeRYFV-QRu9w,Fullerton
bXu6e6qaMgLd7LE4EkzHvA,Fullerton
fcrgkDGLdgIJ0NB0m8h5gQ,Fullerton
fu3tC8I2XAfQK2Dvwp8CIQ,Fullerton
khA826EjvevigHat6aSDbA,Fullerton
IY8wi_GEBHkdDO_geQuslQ,Fullerton
-hW437HqGqHWwNjyz7orJQ,Fullerton
UP9cg6pU1-hIZv75pyVhIw,Fullerton
efwkvNOUyVQxajvSWP_-Yg,Fullerton
YdJoNH3EkrHVZqvnV48TTQ,Fullerton
C65tKOFNszzX--k_NgNTwQ,Fullerton
ZK_tnu8JQSeNe3KBXWK-Mw,Fullerton
Yeej2wrIGDnEMSkwwZ_ZOg,Fullerton
W6uGFXQvoheOwVtws9kb2w,Fullerton
lOYeUjNEwFbRZUIcN4qk-A,Fullerton
fZtpUEhluDc_mHdYsaQo9A,Fullerton
Ehq8WwjgucWKGSQ4oLXAaQ,Fullerton
-_ev-9mOTz2fAze6zsZXKw,Fullerton
0Cxu9sB0ovbT9ZrbomE4qg,Portland
18oTsAQR2xJArfJOxLENAw,Portland
VbXyzjcobmDTOy671MZYTA,Portland
7z_LbalM3cX2RN4ppVWKtw,Portland
aWaemAD2Yc131eAppj_TTg,Portland
s0Rs9iUgXYGoe1DnuW5dRQ,Portland
9SxV1GO_iAmDkY1ZR30Lsw,Portland
jeailxocFpE4n6ywkBZy0g,Portland
coNtcVOL3xyi5inoPzfvXA,Portland
hR0Se0HAQe2i2mMB5Rik8A,Portland
ieIXJ8Tq1FYFk1m6fBWTnQ,Portland
WqbyfyTimwEiY3wVzJxyWg,Portland
VMOAmiSX9lZ1q5xrq40a8g,Portland
bSsaFK_OD6FRyk3ehadRBg,Portland
mjVbv2i1mW4grndI8vP-gg,Portland
VuE0NAm2fcOyPISyA8WFtQ,Portland
-PRT68ycwg-u9O1jmZX1kw,Portland
2uSaEhQraGDEuLz7dOk0RQ,Portland
5VSW5D7Et891PYnlzCnJsw,Portland
-KXptq5lZ19MEwa_rdQIjA,Portland
ZzCK0jHH3Xdzo7d3pocWuA,Portland
6R54DAhsvzQukC_Z-5AJyQ,Portland
BAzdUopJmTOxMgDBvQHZPA,Portland
AIJY6Q9x8cnZPjGtRnhE9A,Portland
V4sDeZ3BB_b5vKlR346R8Q,Portland
YpWkDdggwfVYFIXa34L7FA,Portland
1bhMJ5gQ2ustSbGFf6HA6g,Portland
0P3bK1Z6pqF6njrN7c3qWw,Portland
leBffyYdxv5QXnMrLxROsQ,Portland
16QofMearpAGI9TKAzazKQ,Portland
WOVQBfko3Nwcpr0Zc8w9MA,Portland
ILr57B431ywkGgx-jafupQ,Portland
eh4uxE4bWz5-qkuM3i4UgA,Portland
gYrV27c9TX_qsKjPCoYi0g,Portland
vbm4mpVmTwZ8OJWXEt0VaQ,Portland
2BGSZzEgGQ-17UWRwH_ZlA,Portland
15ND9M1amon-j-mTs21mjg,Portland
ZgcZYYqu11wVeZrgEmGPOg,Portland
WhFAvAYdKCdxU8iLgWwXLA,Portland
htwCcxXso9jrRS_7wdbJIw,Portland
gXy09-mTR8QT7ARcg4M0-Q,Portland
igp6Kkk-BMt4mvhxAghlNA,Portland
nXynyojRrvMxfKHrUddhsw,Portland
hARZ1dfbAIqkMZT5Y7r5pw,Portland
3TJi3KeMvAQhc2sMjgSHBw,Portland
WzzIvqr7gcYbdKMtvloCyQ,Portland
3RvNgxXWo3sGCbF6A4eCkA,Portland
2kMC1b1-A03oT1MWYSif_A,Portland
o6eZbseLvAM7ZQB-Sb74Ag,Portland
E-zV8l_ho1nVqcoOvxcO-A,Portland
d4dhyuqKEEidFuWYJpZIcw,Portland
5rN96xf1-Lt4nXXilH8hGQ,Portland
7jhOIbp49L-PCW-WxTBa6Q,Portland
-MYAVDEyAzds6OFo-fX-uQ,Portland
-2REvn5ZfbDaHaW3Rr5xXA,Portland
9XWDygdOBgNFD6VvmYEkmA,Portland
93_rmrynPMu_TWkiKauJLA,Portland
s60-IYGPpDkWIa4wlw2hmA,Portland
jLac0Xh7QJXr74kalOBOLQ,Portland
gBgBGihicyDjN2BusEmVLw,Portland
kGsq9fo2v377hZodJIZRZg,Portland
W_ZOsqOT8_uEc___FZafBg,Portland
VEsHxm7o9RMRR0kqYLOwaw,Portland
fCx6EaNwAw5oUU60mtGkVQ,Portland
mWHaRZEuUHCjaPfxYNQcrg,Portland
7uk-L9Sqni9Agaia4DZbQA,Portland
2ayPLe4wpikvlTS6BGDemg,Portland
TNpF8dJGEi9xHp5Nw91BUg,Portland
XJYXBZpgG6yI5-2vZTfqFw,Portland
ij9nMeJRtzavw2Yz0QW94A,Portland
yzT5mZ-feMASgy-9HkGUag,Portland
aDjgTsDw1giQGeGPE-bgbg,Portland
bcOs0kQsDgbDdrA0J8xnMQ,Portland
T0ng--XggVyPG8upt5OcLA,Portland
mD17YsfeGQ7qHifEZlDcVw,Portland
6Uop7AsmLbM0J8MFacDUSg,Portland
-qpcOTO92UT73qs3DjDGuw,Portland
qq8P9LnY5FmMeTnfNaSe9A,Portland
T40XKtqmzgY3W0SvPH2iuQ,Portland
SczfilOBdmbKhBPvpHzJ9w,Portland
DZS-lm7W4jL5oqHn65VYzg,Portland
0Ambxr__roYTlALxL-YTBA,Portland
vTEImOTpUBIbe6E1EHGJEA,Portland
UA-UfT-du1H5br6sHr7lag,Portland
6uzQCjlRgpG4JvqdfnHdGA,Portland
YrJgcorK_i5hAiGm_BvOVg,Portland
Wba6NepM7bavpw7o4g_ebA,Portland
dgi0vCdIhlcw40cm7OLHbA,Portland
9JpsRgiJbo5k203ND_QDeQ,Portland
aK4fRvcJVtbK1_iOL1ajyg,Portland
c4Sj9KM3uBGJcm_6nSFY8w,Portland
1QBHwBmJCOXftiZQfiur5A,Portland
SmPVngBs1-q8bVnpuZ218Q,Portland
_UU8eeJEJIFs0UCPb4FLMg,Portland
Dyh6QtKnsVvrO2S7-Yoz-w,Portland
x7ZvM7Jg_ejvjsSKrlncyg,Portland
37CMpmoohKf4UsTEcYoZOw,Portland
8DhoKCl-LvA-VDAOvqR5sg,Portland
iJxAE5VYhuzN7WzacQ6O2w,Portland
hp5TObYmmKiLeiMxghqI1A,Portland
qumLCtnV-IKTch5VCSZmTA,Palm Springs
g-GEHlFKNNDIQz_f2G4ESw,Palm Springs
53Xs06aKuLUdvzxMrJfSAA,Palm Springs
TNdadoAliwR6qNp08flGsg,Palm Springs
jNwxN_5ijyeYwZGfzah6Bw,Palm Springs
knOxQqTiWZ7cmV_wGLVOqg,Palm Springs
8carQ_kjOrQHQIxeZNj6cw,Palm Springs
zflS3mb64ROiF87OWixfqA,Palm Springs
UTDEM8Tqg5sc-XL0fQQ_jQ,Palm Springs
bsEEGSj5o90l6Q8aNrTFZw,Palm Springs
mOzWzbXbN8ZN5DH1WwPydA,Palm Springs
wAaK05GuOY7fmu2WvocHQg,Palm Springs
iCoOJJftj7V-pBbq2v097A,Palm Springs
Tg80Eg8WY3idfCyDd3YV7A,Palm Springs
wCvlECJr5YPvwb3j0Kfpfg,Palm Springs
0dtOx4HYYCnwu9tVeaBgdg,Palm Springs
4spbPfI66nBnfdg3VgQw8w,Palm Springs
bUIgV0EJc2nWTTItmLj_Ug,Palm Springs
dcUc4ty5tq9fv6P0c0DIvQ,Palm Springs
vv8S8gaQJpdSRutMxJ1Ezg,Palm Springs
_NSrWmCdJCwlJR66JCv7cA,Palm Springs
la1C9TuOO6T5liQEr7aHkg,Palm Springs
-hNpq0LUYDE3FUGgcCFDsA,Palm Springs
CK9EKIOO39ATn_5VISmEmg,Palm Springs
0qAzJJEkdokEjiJZjXBTqw,Palm Springs
0ULtTpr5_uS6DI26ynlphg,Palm Springs
5zDlE_W1hVuIDDOheGJgGw,Palm Springs
192ksZ1sOw0fU3bICtL8rQ,Palm Springs
hFhd4zDS3rcc_K_LCHVL7w,Palm Springs
gO340XfEN2mZbioVqxgzpQ,Palm Springs
SfUPfBT6jZFC4J5N2V3A0Q,Palm Springs
dzHxVPMBpy_5LTQCA8ByfQ,Palm Springs
3quUPm6E0KYwwq9ZkcjrsA,Palm Springs
zaCImS5Qjcxwqjl9NLZcQw,Palm Springs
y2jvWBiCUi-4mPPnm_mKoA,Palm Springs
15R7nmanvj8JY3L2fvZvwA,Palm Springs
148Q4s120oPE_CjVolLkSg,Palm Springs
HY8FiJokqAaEP2k-v3h4Gg,Palm Springs
0SzVBZZ7p5HJ0fDfGh7Rlg,Palm Springs
mVEbxWVU7Cs75zH975cA6g,Palm Springs
adv1szESINjSAcCYhb4J8A,Palm Springs
3tS-IwKe8qEAZPdBTYMdjQ,Palm Springs
16GIrot5TByeHMcj-am0aQ,Palm Springs
eW3wceao3JHS0Vz3hiAkWw,Palm Springs
Hg8PwR3G6ZOOvFopP8mzgg,Palm Springs
4e2ygjypDLN72y6qDlyaow,Palm Springs
YxN_TeUj_D_jjexYEEfhow,Palm Springs
a9rbO2nU_9vInLWVN757NQ,Palm Springs
7zPAU1yuZ8Fz2cY6OsvUIA,Palm Springs
hagwMJAjPoGCF1TmOort4Q,Palm Springs
cgEJDq46JGt7zgGbcviqIA,Palm Springs
1IHXXEKO2M7mhM9CqiMhkg,Palm Springs
zd-TYDfJyW-P-ygAaJhsHw,Palm Springs
EGnf88bMy0IDTWr7Xp9Esg,Palm Springs
VhUpfm1EnjLniwLPQreWOQ,Palm Springs
fgxndoeJ_6_FYJAaFpQC3w,Palm Springs
0fKdb6oaILHVbi7l6ZEfFA,Palm Springs
12GQ-TbqVBqJjwWcaP5u4w,Palm Springs
7fp83XGdi6t9uCcZvPXTxg,Palm Springs
c_VZrfOznuNf6y0lChsicw,Palm Springs
_VMQBn_dPcRLTQ8wIeYD-g,Palm Springs
YLWVGSljuFo8B7zdFKU_VA,Palm Springs
hSKCYB6yaWQVTh0_R8n5ZA,Palm Springs
czPnoOzrtRS_h5jzLvu78Q,Palm Springs
hfWxtRFvsuMkqyErfWz37Q,Palm Springs
Zlfx_Qxz4SAq6YysiIvg1A,Palm Springs
VvDInpzOwBDEf5I5J_uVfQ,Palm Springs
_WnOi-ngEGVtQP8XGTx4aw,Palm Springs
c6ePmDPaK6-pPYprw1CyOw,Palm Springs
_IwFxGrQl_tSchZOMVkzeQ,Palm Springs
_DiQUsG5n3_N52U5M8xYYA,Palm Springs
dSe4jqrqoQjY0-cXCs7Gzg,Palm Springs
ACsWETDfARP3nT1vIGGqUg,Palm Springs
s4iyt3r6FfecOnOYVklYrw,Palm Springs
kr8trekW6odFvQuUKTzxDA,Palm Springs
6ELxzDebcIhpTRIsOlU-wQ,Palm Springs
jAHHOKo2vkysJPCaDuEfew,Palm Springs
VXLgy6JG_XPRXcu1SLWP1w,Palm Springs
XqfAGZYNL3KWglIL-SL-8Q,Palm Springs
YmDxcn48DO9PCEejV4WqDQ,Palm Springs
aH9qJZZVW04SHrAIR9vhbA,Palm Springs
Vg_pLaIVvxcw_1fB3C-hNQ,Palm Springs
kQlW8lSrWB8t9vtsxwY1MQ,Palm Springs
zcEekk2bg2KG8ByWA2G__g,Palm Springs
0KscCpgSZCOpcgmoBi2S3Q,Palm Springs
mIyt8ubGlfa1DAn_DXl-uA,Palm Springs
wqq4TPymecQZu4Rv1KWnSg,Palm Springs
kbZ6DXzGNZsPeW_Cl_KUFA,Palm Springs
s5pTbhslAiuiVy0yvCo_eQ,Palm Springs
TUrh51X-IIVfQZ_5-0bDZg,Palm Springs
h7Lz4LXXu7hF8HB4zCdoRw,Palm Springs
7Hx0NQuWSkgFNIU0XVwf_g,Palm Springs
A0KLw3BOuepf1aWf-NIUrw,Palm Springs
A6Ra3ylFgMVuo1bpr_NESg,Palm Springs
cOHWRtCde2rBIFU4Uc72_w,Palm Springs
UeHXSpKARg4yYA7toj4umA,Palm Springs
i6HgUAQ9VPzhYYPpkGe7iA,Palm Springs
A8ta9iLtGPkg3NHt8SR4vA,Palm Springs
YJuPyEtLS1R2SFJDl8haBQ,Palm Springs
_-puDj7oP7jAlAyYJOO4Uw,Palm Springs
7QbfnBojL1wnPzk0W7V9JA,Juneau
2J188yFGWZ5PFmFWG3ZuKQ,Juneau
VxFEri91p_NrR1L0_pB8_w,Juneau
_RbTUK_lgDSUliTdH3rW8A,Juneau
YAqT0w--Qc74t_zr2JktKQ,Juneau
-SmltdocbsC94EzJZs67xg,Juneau
ZwmAhUrd0qWYr1eA0Ii04Q,Juneau
m4FKGOQCwgHIzXPqNcIs-g,Juneau
_AB79W27LAJomzvwmF21wA,Juneau
eUSIfXSczLEKQzIxGNIspA,Juneau
WmXyptYqEh_0Qt7QyFyx2Q,Juneau
WgPCt0soJx_ZitVTeI41Ng,Juneau
yF0Pf-5uC-alFD8mv3S2VQ,Juneau
Yr3Nfvt4vGEzAKGdIO7S_A,Juneau
ydaANzBdks3mSUzVIi7tNg,Juneau
2EIKT-aovKWVu1IyuNvhSw,Juneau
ehF9DgRej-8HnUTYs-xumg,Juneau
Twjy6Vrpbx4gydIaoc05Nw,Juneau
bNR02NkhfmaV1nUU28BpmQ,Juneau
0qIRgT-HxvaxEuGUcfA9XQ,Juneau
-zW-hvf8SHIZ0QaPi67Mww,Juneau
X0dI7QZCTGFNMLTKxNLFng,Juneau
ULbNNrNuGHgLl4cFtf99Tg,Juneau
dmP1qF2qc2cyvgeVPQCGRA,Juneau
kL8erznlXMUw4Vk3BTtrnA,Juneau
j3HZVhdHr9pMNVaZ4k2vfQ,Juneau
aghMTaIArUaeru5_SEcDEg,Juneau
25x1otdeLuVHrWHHvT9v2w,Juneau
0ipHSKrc0vhHeGHSOYQphQ,Juneau
18q8pHuZD_6kPLXGOdsyxg,Juneau
_msqqZla1ID-xhR_S2pBuA,Juneau
-sRzneT2guVBZLnDM41QIg,Juneau
bNF4FFUy3QvNLSD17ohM1w,Juneau
1m1Pqew8P9tclrVf-RO28Q,Juneau
7Kayfy6zczfNjRScfERGcw,Juneau
XcSv-NuyfOXttuQFsc4L4g,Juneau
YzqAnWPtqxLLpYcKgqbm0w,Juneau
5-zZLhsmFD0L2xozHqEt9Q,Juneau
z_YAkcQmQfq8tjuNoXCyLw,Juneau
kaHmzTgaZWxU3crVAdWr4Q,Juneau
wXqkLI7aKaRUzZoulYbvFQ,Juneau
ZnZnJBM-aPCVLM94QtzsFg,Juneau
rMfcYX17qfB23GpTuggQMw,Juneau
83I1X2cN93J-oeOmOfe51w,Juneau
SzBuM7FrwPxEniJGwjvmdQ,Juneau
fD-_kxyoUL4p62HMmpD4XQ,Juneau
eQKJXbwKoQbF8yd_4uqDjw,Juneau
AXe2HLV3J4vYIpK9IyHQww,Juneau
-Mb-5IxIC6wxqLNj0yuMtQ,Juneau
0mE7tyVPeHSKoDUvLulZGA,Juneau
xoW_gbzDiLcG9g0E3-ibng,Juneau
VgGj1JBBf9WHb_cn2NW5MQ,Juneau
-yMeaXiuC4NMv7Kf-VUMtQ,Juneau
1q9npxxXNpsjND9wrk2tZw,Juneau
UQuhu_6nT6DDUtefnKG4Kw,Juneau
911SHQx0FV9hg2-blAiwpg,Juneau
11TXFAjF6OJw3F5Vru2BYA,Juneau
W9o7xNMVI6x7x5eRObD0dA,Juneau
bEFM7u2hm-IIxR5PuEf19A,Juneau
mDSkvqq7X9iTatKUF47yCg,Juneau
l16_38Aud48nznS6Zbn4Kg,Juneau
SgfEajK0gmMJD5i68gdMQg,Juneau
2WiFvIX7PJAExrTmAB5y0w,Juneau
mjxRnbxYYTSs1fV97z3PGQ,Juneau
YpdpXwXeuToZJuWE6vfKSw,Juneau
VO5YHKrt2vAtJ08EutsYiQ,Juneau
U1Ty7yHvX7iQL1xpBqR06w,Juneau
W9knmgw-AK9TZ51XD5uqlg,Juneau
deNKqLEkkzw39E9rHxs0Ww,Juneau
0BaQIUfF-SLbWwEoYZ52gg,Juneau
WZaWyMYlVf-6RW3kBd3V-w,Juneau
_8P52omjbRCivXTthCoMUQ,Juneau
ZjuJGvd3sDsHv0WiD4xZUA,Juneau
YgrKs9kCZgJ7bSkfCarZdQ,Juneau
hclQygiG72cTwnm8IeS6xA,Juneau
-j_4V521d55COYcg5EjzXQ,Juneau
-R_6mlHrtj0NSS4VYqxkYg,Juneau
yaSX-HrPdspuo-ZYvjUXtw,Juneau
Ah5OnFNWERcnaopqdaGBRQ,Juneau
Xm9vWCq1yzcscT7LUMUY5g,Juneau
vdKOVcPW43DMfITo-KZzlw,Juneau
jJO0KmBOEzvTuPUTVdiR-g,Juneau
7pr2q3QpGBptApyw9n557A,Juneau
eSyFBt_FUD5n3n5CoUeXTQ,Juneau
UiBTkIIcHTEVKOlQ81LDVw,Juneau
eQgNfPyCIjsw4b-izD1NbQ,Juneau
0uivnhLGPZhutjheFEpSUA,Juneau
11Fbp7kkXM-LWFhKefoUZg,Juneau
4JyS1X2uHhrOb3ChHRQTjA,Juneau
WimSMTMWq3Elzv-tBQbkzw,Juneau
YlUVOTa_oKIaEpDTUdYvGA,Juneau
j99-r9GgRUInkzwQ9IbUdw,Juneau
IkAg6ZboSy05gtx6dtML4A,Juneau
z1zIngZ7t6EEZ6WBjMHdAA,Juneau
eQuof-A5fDXuHXfRIIlvGw,Juneau
-yhJuXxS8IaQgP8YWMEN-Q,Juneau
-YUnWDtBipANEaOppGRo0g,Juneau
gmeEqMhcMNcstfa4U4Gy4Q,Juneau
1OAnYFt3l59sMPqLiI842Q,Juneau
-T89VNrCNQpRT3_dGeZWDw,Juneau
nqwqXbROpXAZOhVKnjxeiQ,Davis
v_5V9XKc4miqCOJ_TDlSGg,Davis
Yz26OLPfXQ7I2urR-Nkd7g,Davis
4wrTbs-esWDqmlB1E-KC9g,Davis
f8ukYW3Lj9GAulpQnI_IXA,Davis
-VLGjrnrXVdbyX5bgQmnNQ,Davis
mTrPNQ7NRqSbjx3b41g7Og,Davis
W6VgJ3ZBACJueTUvHmkEEQ,Davis
SeR3ukyws_8a8SMcopJw8g,Davis
0OI6XO-0AMcZHG0DLCGr9A,Davis
rf2vL8_BGiGOovK4FD8nuw,Davis
7UCNwLVUEvyOAOwkWf6fyA,Davis
y-NnmJRsC85zjAs4yqGvqg,Davis
zTbNJOw6p7tLluuo-mTLUw,Davis
UrJ9XrJFuxFroGK30E_M3w,Davis
iXewBoEenmtIbzemEBSV2A,Davis
ax32W_0yzlVv19KyNbZ8og,Davis
xXXlzqj3QU26fFx7AuK_Qw,Davis
0IayndohEdRMqmPvTRs-5w,Davis
5FtYIJk7IrG7PPErrsyCBA,Davis
0FTzoxRDAmQ5ymuKqy2Pew,Davis
V2ZZlV2Zksz2CkyuJUm6aA,Davis
hzvFTvlLrxfLMvmELv5Wgg,Davis
fPnhKBKegRp72nFJbk-eOw,Davis
w728WjoqZsVu9O2qXCoTxg,Davis
irzQS_g_wJxflfs--VS1JA,Davis
SncCcLtXPmHCuQxR7NoEsg,Davis
-lwsg6vY6nAtoghPsYhJiQ,Davis
TKryoKp8LDdWnhRt4Kx1RQ,Davis
ZAdLWODron8CcrTfTNJ9Dg,Davis
aGFTJSjvvgwMEr3KNzBL6Q,Davis
wu8YxHgl4X4hg8fQVbrcnA,Davis
bqZl3X_1I86UuLw4qH-8Vw,Davis
7T9pGteG3qylLke8NKuFZQ,Davis
VzKGHa38LlIEOMn7JlyS_w,Davis
YjdDsyqR0m5hx97fQzfhjw,Davis
1CcJ3w-0NUS2BTPideiD5g,Davis
UmONRJxrewfvbENBFXBPFw,Davis
ffbpfDntccynWpF32GsEcA,Davis
dpdV_E5QcBgovUkYjDkAww,Davis
bAG2W5yNQtb7KEtYzy7jyw,Davis
0fgP2EmiiXspXQiP4X_uUg,Davis
wcdqO8O6LId0xCLa3y34HQ,Davis
0kiF8nycWaHwfgYEuTwmDw,Davis
y1JGz4RLYbvtycwpjYytLQ,Davis
Wrooki0rqBh5ic5Op-eV-A,Davis
xkmI_xJ9xwNyi1UzJem4gA,Davis
YgWNBRySIlLwkBjutLXDVg,Davis
A73Tf8Cqp0Lhez_naxlAtg,Davis
ggNWMuudShIV0X7nTXO_qQ,Davis
UUBsbXnP0OwxJqhxqQ36aw,Davis
Y6yb1tohaKI0p89lWpxVNA,Davis
7nFvFJiCSRx2Q1thiImcHQ,Davis
0fWDTj_mU5iVFypy88axQA,Davis
-HN-VRvLXH1cyI1Y4Pvxig,Davis
nEX2pcnTmyf4aEH7GxJPDA,Davis
nVMJHu6-LQW8k7ko_R98iA,Davis
fM4_d28wwYLJLe-S1HGlUA,Davis
cGI6Kp5y0wkLhtN4Sbvq2g,Davis
YomB91QcX-qGiRlTPi5hKw,Davis
cbq6aNBok4AOFgVvuHxoSw,Davis
dIEXG6z3Fj1w_e7UlQXrOw,Davis
XNLq-LcdaDjo9XPxtGnaZw,Davis
o2_CMPkycK-3PsVM6_AAYw,Davis
df2chHFNY2GmsgUlPltnQw,Davis
mjNiDFZWQkt56zT8i1Fa3Q,Davis
2ReQHR4DDrjrlq4oeArY1w,Davis
9WYMJSryU8jVHMb3-ILIRA,Davis
apjYNvxZNgu8ldIzY6ZTlw,Davis
Y6erN6hwVoSrz1tOpboWFA,Davis
nj7NPVPK9LycqBGiRbVvEA,Davis
U1NDdTwijaTKLuUCJyAZjg,Davis
-X56D7tLpoI42lOrKR2rpw,Davis
f2IAPAc4QX_2H8eR-TW7Jw,Davis
evIBIeWKdbLGFtFKoaqETw,Davis
0JS3QCunCLUqG8n_ATsm4w,Davis
fKbAYwPiWcaFHMysnktNzA,Davis
dXyukJBLQyjvNuIyP7x5-g,Davis
0WiysA0KpLzjm8moeBoB6A,Davis
YK9fxljwa_BcSqkQy0W3zQ,Davis
USNJtdi9TDV9P39PDOsarw,Davis
bG_3Q-S5zNkx3RqKrb4jbw,Davis
mgPjQ5pmnexC_UsLj6ustw,Davis
VWxDaBk0FqTwHYx4mDYlGA,Davis
0n8uLJ_4KjFTlMvBIMH_RA,Davis
SzY38zEeNdQRQ9LD_XwXOw,Davis
-ukoAmXVQNFqRD1-ahJZEA,Davis
25KSonUmc5xd15iuQYbfoA,Davis
llrQncdgvmMK2vXwO4hhVQ,Davis
Y2ZmQq4TBbijxAX4QXybvg,Davis
WeChQ1HdLm0iSzHmWVUSZg,Davis
qx-Efv3tL7ZydZY0c7Mmgg,Davis
TBHOuJ7H41QWyLSIwmg90g,Davis
DbvSOdSgL1AhnOOFUxiuPA,Davis
yQP6LUc6LVm1PN5_6EzLVg,Davis
Vv1KktjoFjRlnyibN3X7eg,Davis
499xIAVaNdBspRCmsmwzIw,Davis
_fT228yQQG4r8K48o7Iggw,Davis
4P_CWRj1Yb5p3n8kQtucjg,Davis
4Mvi6Dit06tlY9-QbE8Hjw,Davis
acSzuDO-DuFWbulWdf2aWA,Chicago
me6qHXZ8b6ZkVHTxyS4yvg,Chicago
UFLOhDTRPBEskOqpWxMmeM,Chicago
rw9q5z2y_SS9al9lwesy0Q,Chicago
hkeDBaSZIhrXip6QXGQB-g,Chicago
drxPLb2McLBwg0yEok5cCg,Chicago
o1M8TlgIt0WMPNsKzcaCMA,Chicago
UDnJlhUH6dJ9hCNzU7f2Nw,Chicago
AIdnmaTAryvbsgz59rxM8Q,Chicago
aJ0lbQQbAAir2EjkW5zH3w,Chicago
jRdu5dFa50HRgvIB0TYR1A,Chicago
hCaRe-4lJpjTsg_xpj5-nw,Chicago
4hBolvazehrHT4HIm5rAJw,Chicago
UG-MLJONTgNTbFkHmLjq0w,Chicago
sJPxzu74x2B0hgLMQXcKDw,Chicago
YVLuZyA0yL4zJZnlqAaPhQ,Chicago
kiPN5K-Q8Rfe22uBm0_pcQ,Chicago
3LWd-D4vNrni_t3jpxgTCg,Chicago
0LEh6Uow2GS7gL28kqLWYQ,Chicago
d9dCO_KEGlkI8U7X9thZnw,Chicago
CiI5fZqnHVxe4m9THLOuTw,Chicago
StX1IIfcoSL79EjTkJIe2w,Chicago
lVXpu8UKVCmfIkgapfAe_g,Chicago
ca14-4GVIqkDucU0PDLLWQ,Chicago
hFTtxfYZun8AyFHjWh226Q,Chicago
abg4MEJdDfu6fbvs_j8WhA,Chicago
TPDRcG1IyXYz20NlMQ9rNQ,Chicago
_IboONn8RV9Snw3CriCSCA,Chicago
_7FlfT75iHdTbsroX3Z5MQ,Chicago
3SPtQUW4jZPQbe2DlB9f4A,Chicago
21e6E094K3I0Q-Na-VNytw,Chicago
X8pN50FsengL7iQfA7tZpg,Chicago
119QTVhdNjf4T0Y_Y7Hfhg,Chicago
Vce0ZorsvF3i8BMqCdJkTg,Chicago
e0EPn4pL_h4M8HmE6QYxKQ,Chicago
Xd39gu6viuVHJGrMZuimWA,Chicago
3RNv6FzRJxUMIRe4OZhCVw,Chicago
-RoOTRYqvi788mUslfqLiQ,Chicago
iCpeXRfZ-jajUDb9JV8LPA,Chicago
0nIFt9sA-WmL7Kks_8lUbw,Chicago
-9U5SS6cTSdjmtj5z9wzZw,Chicago
WophdCK7-zxCgr2ZPjhQsg,Chicago
nZ_d_JRNmSD5BahC1eu5wQ,Chicago
-WyzFdB-lgBMwOhCt1NlvA,Chicago
3pEVRDb0eEc_lGqQ_10WSg,Chicago
VSlVkyV-Rfq6DW65FNFQAA,Chicago
DnMvTP3U6A-Jr1kz0pzA-A,Chicago
WJAZ5RTt9eCknEpcq2TOvQ,Chicago
5WPrBLMcoR8RBwRzfeiKXw,Chicago
XdwWhUs-TzH7BUg8sYrEJg,Chicago
-bUcHhvKpLZcDDH6_9-WRA,Chicago
SiQiBH_Rdt5IZQ6OGfSX7w,Chicago
U_V__aWpB6QczgElGTSW3w,Chicago
m-J2DAXo8pA6tcjpVuv4QA,Chicago
0fRlLLBOyY7g6rv4XTogtA,Chicago
Y2TvIjlGcmlhocKVDA8Fsw,Chicago
TZSa7wB8fdDp5btq3N93GQ,Chicago
CazqqHd4zxLwJNwpeM6Kpw,Chicago
4HW46DU7zLc_zj4isdPlEw,Chicago
e4aj8-vTp6yLAFqrxA6bPQ,Chicago
0Nw00ToEh5wa6_yWxI7U_A,Chicago
djd2DViTAC_jfZH5QKvbvg,Chicago
UVz4FJl9TWsR1DSFRVJyLg,Chicago
19zl0zX2T-vJVFoB_rMiYg,Chicago
-Rv-wRkKnSgoIJGHbcJoIw,Chicago
nrEGmF9XD9lQdWp7YKlMbw,Chicago
WMlgRMYIR6KlIE1IotnRrQ,Chicago
cRHez4el90wmYGr30xRbQQ,Chicago
fXfmfxKbg7hzFBWUGmV0Kg,Chicago
WfXTLsFU02f0_2fpXWmkQQ,Chicago
y8Qkp7qorXx4ImbULpBIXg,Chicago
TUhg8aHYYq3-6ieFmSkTVA,Chicago
-LxXg2_lRuPA9zLY8jAFEg,Chicago
YRfFHOdaedn_Kvy8tvXtjg,Chicago
xYLaof6M8lvlMAJYSF8_Lw,Chicago
eKuzQyefvbtD7Xca6ysTZQ,Chicago
CY3cOJBoWyf1GmooF_hx6V,Chicago
daresLCT9fR9bAb3fmmCRg,Chicago
W1KV4Vqmdjp8IYd5HD7KKA,Chicago
VgYAgcbzImyJ-P4d4BLmBA,Chicago
aPBBBwFqXdN78jaXx6RieQ,Chicago
-jQv3Oj8b6T3uBrRwVJopw,Chicago
Wa1A0oNUq4Gaf6uLNImOUg,Chicago
_Ium0ukKREvHez83w_6vxw,Chicago
jGn6BkWC98Yg9BJNJLCjgw,Chicago
TqEb-1z31P4B49KMl5DEPA,Chicago
kM6zyMMlxEE2MgO3YlMPVA,Chicago
a7JZL6rozzxk89az19DLpA,Chicago
UAQQHoU9ymQnLylhCzB1DA,Chicago
qwx-WK6vmyp-jFqm9qBATA,Chicago
XHoRlQuWcu6hEpK9GYKeUw,Chicago
V8EYFNMQFZJ6DmztOnZ1fQ,Chicago
dzuZGe6sU1tLlKMExWmK_A,Chicago
_3zowMF7cLdSzcLjexP8gg,Chicago
nQ1HEAJSwLU7DQ6mUcRJZQ,Chicago
UFhx3l0RM4Wkdnq4n1a_6w,Chicago
YrEDiPTes83QdrckqPhwcQ,Chicago
nMemK4uJs8ywzj1wYGT-Dg,Chicago
34jlL7IBiDdOL84KvseTCQ,Chicago
kBTTSaBfaU5OjnhyZTC7HQ,Chicago
sm0o0gdjfpg1iMYRI6naTw,Baltimore
gZ2htEaYB1LFRSdilXALyQ,Baltimore
9F3t1hP_AIwFAUUE0IqG6w,Baltimore
bfMzAaj8z4L9drg2xJTIzQ,Baltimore
7gef--s5-socNrZ3nzoOQQ,Baltimore
Eg-iZ3ABzZQShIa90O45mA,Baltimore
UksCEJGK_JXgJbtcmsDzIA,Baltimore
9PVu9CI2vvKrQZlaS-L74A,Baltimore
bDYhbxlfy8mFcHMrVDUuBA,Baltimore
25oyiIDQoOw1QCMT5V-LNg,Baltimore
yu45FlubhhaDdbgNvVyVCA,Baltimore
WVHzzo6GMs2-8vFMlTQFcA,Baltimore
3HptKbgqbgDNYS5ToEcljA,Baltimore
WnLd3o_UFw1DhcsKyjMbkA,Baltimore
YHFCjS0AE8O4G2FV2Gqb_g,Baltimore
T87AFENpFADdSe_d_rxefw,Baltimore
6mm2FhAf5ZDojAQ0kgtRUA,Baltimore
sJzjgwRY0TXdOkfgrsboGQ,Baltimore
hVfVA8h4_jUqy7Pma5D3TA,Baltimore
gJrhTpNcXZ-MUL0QukHTeg,Baltimore
k2uTblKc1enyOQ3Oe3zm0g,Baltimore
6q3-zPl8T4BViDKwSsU_og,Baltimore
jjnDnsN24D2OZopjBCLmUA,Baltimore
5YCZstJ15IqGycFA5aFaOw,Baltimore
_O0wqu7PGz_OTl7n8_yipg,Baltimore
Bs2lpWKFoGmV3_nCiJFVOQ,Baltimore
-UgAlnIk0JqquUQfKwLg6g,Baltimore
4J4DPyqdgiwvWZlX6r7_EA,Baltimore
WvBTz0EVZP0nruPM7-1PKw,Baltimore
CFzAjDcPWyLPqTfW0JOmUA,Baltimore
4JPBG2Ep3Xx5VOLuSxavQg,Baltimore
XgyJmsMtSdQRyZvbgLt5tQ,Baltimore
_dIIRn4jo-zNglro0Io6aQ,Baltimore
Ec8R8CwGSaaHYFqGIE6h5w,Baltimore
f8PAhgBN2kfxl5rU2AjcGw,Baltimore
97nDjMUVgEQqsOeWE6BmrQ,Baltimore
UMvrhfvC1TXm4k0VmYR-BQ,Baltimore
5LpU3Ssyd2ITS6fq3ZKvtw,Baltimore
SuyikdmYrFiYRMl1XyHpfA,Baltimore
3M6baZLlWcXGGwbKG6jSAg,Baltimore
TmN_BAxciOistGZuARrQkw,Baltimore
5UGcM5ryYAabodg_Ll3DLA,Baltimore
kJruEa2WbCsCA30QW-P-kg,Baltimore
1YWRSfTfhX6nBLRUaIX9kA,Baltimore
hlW0KCzunJpmqJ7t10UpPg,Baltimore
qmrV2tzNxksJWaTpWQgRKA,Baltimore
-xOYCCbsFjYp4M9zEUEGMA,Baltimore
noJqU8oqM8vO044KIVs0eg,Baltimore
nZoh2bcbsg6LqHznooQjTw,Baltimore
WHwN5QO5H2lJsgAOaoR1sw,Baltimore
mZxHmVA2JP4859b17cYBmQ,Baltimore
foauYyXEekicGigA3F4sRQ,Baltimore
Y8uhDX3ic3x11ZzmpvphQA,Baltimore
59N_IcqjVtPTP2ZUOBH3Ug,Baltimore
jW95NFQSzG7w5WAkVk20hQ,Baltimore
gKoG3lSXfQcdc7dubT1_qQ,Baltimore
5VgxFPMWlay1yWny7-NQgA,Baltimore
4BCaYdN2Zgee_MTfLrBHvw,Baltimore
ypsnp0ItiT33TCLDzMU23w,Baltimore
yRp0ssc6ZAsovpLhLRmV8A,Baltimore
AokzJyt7b-kfU_CH6D742Q,Baltimore
B4eviHjxcSGrjEtoQf20mg,Baltimore
jBHxSXBap8G1sk8V9CQpDQ,Baltimore
UIaG55MQ8JwLPP3oB5LRMw,Baltimore
-HF_GK0dI3lxIcyOH1U-Gg,Baltimore
jKdS0ZEXpBzpeAkBhgksvg,Baltimore
-_qKCR91dg0u7DivV29Gxg,Baltimore
3vdiUWSc3CEp5-ak_rTToQ,Baltimore
4YowgEz2-Or7boyuRbpvVw,Baltimore
w16LBS1-5syKLPK_2wq2HA,Baltimore
bideYGP0E3LAs2h0odOA5Q,Baltimore
0hIVgHGz1Sk1LxXKv_jmUA,Baltimore
4a8Q47DQ55juIBnHGHSLAQ,Baltimore
XDZQHiAKrE5cqSPRrfV7hg,Baltimore
sSQExWUnbweya0mzRbilUQ,Baltimore
gcRvKitpAHDjOP-S8tPnVg,Baltimore
UrP7P7H3Fi-_4F6xqbuDNg,Baltimore
VoBhUQtEEDWEPr1BXFfTTw,Baltimore
9XgfPJj-AxKJ73Muj5flcg,Baltimore
Ut-l9mIL37SlVy_NcTWenw,Baltimore
V_ioT5qPHJM1ssZTSpnwMw,Baltimore
3-kckGdWfYfeb9yYqw8OdQ,Baltimore
dulATUtCNj-WH5CPL598Kg,Baltimore
zKzrqfchBwv8mBKmy4J60A,Baltimore
h5Et3EEHe0e_menhIy8hYg,Baltimore
6rORqpCQWsWTph6O32e5FQ,Baltimore
cdcoCuANMWIifIow4zkxTg,Baltimore
Z9p6RIMkJb7j8p_W4agjaw,Baltimore
1k4Ktt9ab53Eep98Hf6j_Q,Baltimore
UZJ_DdqT735Mied7QsMsOw,Baltimore
khx3jkenfMVkuMWtF8iB-w,Baltimore
2OxWyfb1sz15PJOKrh1J-g,Baltimore
7CtqImNx-OC-pxAtMVv3VA,Baltimore
5hzp49xsN3cJ_t38KTXR8w,Baltimore
YDtG3Tn_VCjhMAHfFYF3Tw,Baltimore
-YVvdPDEy84AjeYSL097TQ,Baltimore
_ZRfkKr1N2_8LUlj6GnqVg,Baltimore
6kEIrZee3Q0wYSl4kx3Thg,Baltimore
AxGdIj1aKwWVx5poLMv7xg,Baltimore
Z5dpMf-bAMv-evr8Q54gkQ,Baltimore
U0M5aL7r9Eow49JckTS2Qw,Hillsboro
dnI_NlvqTAUCHAzirH6wlQ,Hillsboro
wlFN7yI-jkKsRfPmfe1ckQ,Hillsboro
DFZOfpV13IZCPbAsCsY-TA,Hillsboro
U6eTgBV8SdfC-TenrQYZ7Q,Hillsboro
oO7DSJb-5ysDpJ8pcSF2ww,Hillsboro
_yEWGbeweAlusn-ww8ec0g,Hillsboro
XL-oNaLbehP9AU3w7XJaMQ,Hillsboro
ZsJq1PCHxcFPzkIeBlca4A,Hillsboro
Z7xaOmX7jEz1x3-qW2DFRQ,Hillsboro
StCtQQCglsxHOe0y1hB6bQ,Hillsboro
Ucu6-mn0VpG5ueLD3jbwWA,Hillsboro
xtqqagwshidnUlUVoSelGQ,Hillsboro
9pVY70quxsRwR5d4w_W44g,Hillsboro
d_0zdZkwAa28xSXrDvd2iw,Hillsboro
AOjpaURD9Us4LiMVqlyWvg,Hillsboro
0k3pl9eA3WSC228hf_JPyA,Hillsboro
ADDjDsB9Po0g5B6KzVoCGg,Hillsboro
jD6ZekSlGThQsqdEutLcwA,Hillsboro
0h7tmt_ABT1QCyr4woQs6g,Hillsboro
EkGkVSKXaUSVRUpLR2AjqA,Hillsboro
3rsaOcImumR66epUugPzQA,Hillsboro
rvaDLpy5-arFTqsegJPdMw,Hillsboro
j0s0wLiGf_rrQNXwYkEEDA,Hillsboro
-SDEm4VwRRxUMRztXu37qw,Hillsboro
TV4RHKHhpJjl9OCiiLzEkg,Hillsboro
WNxH_x6XgVCu8v_cI0PnIA,Hillsboro
mfErsItVI4doc0Iy-UL0Bw,Hillsboro
sSlmJvZebFX97PwuAK52IA,Hillsboro
Zcc5NwpXFfUBM4bhMLi8bQ,Hillsboro
XPDDFqZN2THyMWMMBMDjzw,Hillsboro
nrIHBQokwVU86hxICK_W3Q,Hillsboro
gLizGsSqE9kJmu_9XuIHCA,Hillsboro
wL1TOeMhVWHlrIT_hwOwiQ,Hillsboro
f7qYAq6wKRO9qSJ_yWLxIg,Hillsboro
crxLOBRPNNzg2WowmQQuuA,Hillsboro
WVsBOGQe-9WWsR-9DzDeFQ,Hillsboro
nOa5kGyOAGVaJpM_E-MCYA,Hillsboro
5VKT7nsVAIrlzjlH_wYYcg,Hillsboro
jy3P0PNCIZQ9uQ3BCo8WGg,Hillsboro
yuiZzYdsk2x8mpuw9106nQ,Hillsboro
30gPRX4d1zhZp4tmj7EbGA,Hillsboro
iM0gcz-Tw0ZR7yVr0IcS4w,Hillsboro
YG1dCMmZ-5fxSUYWOvdXtw,Hillsboro
cV0pwjso3rdn-cdLubQd6w,Hillsboro
cQ7wSmXqgwhwr_cNKMqr9g,Hillsboro
hxL-vdZ7lJA4_T9lgW5eNw,Hillsboro
-wnecQ6IE6icuUiy87Lu8Q,Hillsboro
784NtW4CTawlmHOg5vxeNw,Hillsboro
cMvnEb1JptgiPjvN801Zjg,Hillsboro
_CkECxYAeCmR9jWceaJoXA,Hillsboro
5jb3Hb8xkjv3eWvCbCgvlw,Hillsboro
jNMtkVgt7p5j5AGQQjPdhA,Hillsboro
CFT3qnPylchq8az_tP2ilA,Hillsboro
idMMGIoRP_uOY-U01P7-mA,Hillsboro
Vn2KqDdaiQg4SLV1urwGEg,Hillsboro
06Dzz4R9lPszRHGzfsEcvw,Hillsboro
Ucya8xDuY_CCjqEGr1p3rw,Hillsboro
Z07PMonx-M3NAeebfrUsig,Hillsboro
526MZbwPxYN8EAniUY3icQ,Hillsboro
dH6z7nFSa1u1fRIj3U--Hw,Hillsboro
63xoVPAubi7kej3Dq97zGA,Hillsboro
UXNt_gR3znF4nM36cPBMSw,Hillsboro
i9VrFIQRdYCuuAz7lfweDw,Hillsboro
i_sqLzj1UpMh1rETlbFRNg,Hillsboro
3JRBwoBWudnwlBome7jb1Q,Hillsboro
lYorwq19rtQAEo5vml-RWA,Hillsboro
lqXuTmpuZWvWu4MxTWqGDA,Hillsboro
d1DqyKfv0VfQnX8UqqfKww,Hillsboro
WAYM2nNroBQblOHKOlz_oQ,Hillsboro
s1e2qHOtnt1eIxnaAriShA,Hillsboro
DGQ8cCngA-e2PntkvvFeWg,Hillsboro
BsTDMacTTFEBtC0099cl_Q,Hillsboro
Upo1ljciQ2H-o-FoKIiPvA,Hillsboro
-1pS0rrjqB2bJUQNUBv7Sg,Hillsboro
ToCjT1rTRxwKF3nIcq0y-Q,Hillsboro
gH6s4cOzvrKSUo4S48le3w,Hillsboro
23B9h37pqRl_-LQb-wGf6w,Hillsboro
VAIAJp26rknkSfzTlAj3xw,Hillsboro
EBC99AC2LjVNj7xNXHM0yQ,Hillsboro
DgSL_2eqUxG6YI2LfaWXfw,Hillsboro
XEdBTwvmIBQmYyJcPDhRdQ,Hillsboro
aHhBt5I1-cMEwImN9sc6RQ,Hillsboro
YBujhnAUD12R_LTu2Oy0pg,Hillsboro
UYXFHsh31RXc-qCy_qie7w,Hillsboro
D8JmYOafUoluI-l5KF3ecQ,Hillsboro
2xg5CHWQyOeG0r9dzAQmKw,Hillsboro
ZqP6dTvMmnfBjb7W3f4K6Q,Hillsboro
j3CrArtI3n3aAloDD5HNiw,Hillsboro
_F_VoCcEKR5PB9F0gVxoPQ,Hillsboro
-dbycIMt39hVg65Z9-BeUQ,Hillsboro
s2MwsWa44Z6XtMpprv0Bsw,Hillsboro
oErHucrFGqfxF8TU8ReRpQ,Hillsboro
xEO-Y3W3tx3uMBIZAVQahg,Hillsboro
0Pw46CDSQiAK3UAReMBm1A,Hillsboro
y0F45_ORiKkYEOhTONHyww,Hillsboro
8ggj1PIez_JojI_wNJlprA,Hillsboro
7mX12pWP_Z50y0be0xFgwA,Hillsboro
fmlGYlzY0JwfIH7qME4Axg,Hillsboro
Wzj_wbiPocAfzL8oikFqhQ,Hillsboro
Inl-IkvExir_W43qxuR64Q,Knoxville
cJzAprHuCDE7StB-40DuLA,Knoxville
nj-Coje6IVIgI3NfvKkruQ,Knoxville
3SYand0S7mL4COeHzmvtlg,Knoxville
CrsFWA876BP3AjbDUj109A,Knoxville
sWysmg1UNnYPhsafqoQ6GQ,Knoxville
o--eHKPWhXFZjKR65tipcw,Knoxville
Wu0pktcBiq7kMLRVn1AOWw,Knoxville
ZItAWCq4MSOQX60pBUiL_Q,Knoxville
-d7w-CuXwBOQ3h6yNvjgVg,Knoxville
XWFMy6fE3BZvo1laq5cW7A,Knoxville
5qSnOnTIBqY6ha-tCzxeow,Knoxville
1FicqhevhKpc4xZSnTJfdw,Knoxville
-HIjkNOBP88vOB-zwo5MKg,Knoxville
bg0LIXx1keXrBce557cZEA,Knoxville
0gDlogKiRx3eKhL8Ma7w-A,Knoxville
1MHadzlucrfI0VL4-rRCUQ,Knoxville
Cl2UDv6XuEIjUfjfTKWhBQ,Knoxville
Ui2bqaSR1Ic54NkusKO8Fw,Knoxville
6CKaJsO_7Xo7VHPwEYgUOQ,Knoxville
43KksusU5bjJ9VIO2f2I0Q,Knoxville
exM1oX5DPpgGjirS-tDsEw,Knoxville
rE9ww8k2zujgoX8BTfm-kQ,Knoxville
0-OA-RMSrU_dzijLX6fZoA,Knoxville
AUuFWrpYCTYWjBl5oylEvg,Knoxville
Wpp-3lc6j3bURnJgyiIWQw,Knoxville
3INsee3EowmcwvZ3Exao8w,Knoxville
UoWJedWlfYJWsSbvrTwwDw,Knoxville
-EvrOksyNbfT_Ud_XhcZeg,Knoxville
1oFl7DkBwxq7Q_FUhcjJow,Knoxville
W9VOBEcHz6qeupppp7mfnw,Knoxville
T6wjkn-QMu46X-Ir4bEFpw,Knoxville
TeepwDLcjRMD_EZfEeqgFQ,Knoxville
hD8hifVua_bMJCNot-rf4w,Knoxville
SnoUbx41pum8pvOiX8EnZg,Knoxville
_f0yOcbdQ9P4pKzFW8H8kw,Knoxville
c0T7Z8IIpJ6StB5Ifi5Qhw,Knoxville
-GbOLFZLVSRNpnXjUbVFng,Knoxville
wVAigPXJnE8tPeNCkgawoA,Knoxville
Upu-ga6MSKPNMXBGewJsYQ,Knoxville
cm8aHG-VhzgYucw3RnyapA,Knoxville
-ty17qY2ECECLC3emdb-bg,Knoxville
7kGk9iD_0rcEknySiRav2Q,Knoxville
076KKfDzAink4eGbWVXAIA,Knoxville
bDgQZq_UEFIiu1UkHxArOQ,Knoxville
SyT2x1dD7B8mT8aRjBgnCA,Knoxville
HvO-SNovhJL8alGULBeQmQ,Knoxville
dfQiJ1Lr_j6HDfEv5_cjDg,Knoxville
YdYbn7yuta8spYAVRcr47Q,Knoxville
UbfsZbjXsFTpNeR5XTHegw,Knoxville
vakW3wuFqZUaqZsDl2RYtw,Knoxville
eNwL-L1B_kSIMcQmxgPq1Q,Knoxville
a15uXGMLbiHpuJ9FRvkpmg,Knoxville
nKf0Fm_Jwtk6ZZvs_qAPGw,Knoxville
V9qJ13eCUOVSrS8oiFDLPw,Knoxville
3F0nxZZ1c3xiKGmDkzCiHA,Knoxville
dwAEF5EzsrtDCXDKbfur7A,Knoxville
-LWJSDS_g_Nuvkfc65xFpw,Knoxville
o4YUoYP1qnWER5fd4owjrg,Knoxville
ygG27OU74viGNODoJJz0IQ,Knoxville
YBx3yHUuf_aZxy78D2tsrQ,Knoxville
0S0wYxucMVrPqwy6fBSSXA,Knoxville
AVuVO0E77tk9N31vznuyZQ,Knoxville
e4ZxymvyXQ4ScbsAdWg5FQ,Knoxville
0kezYq5Z8FmGZNijpTCKjQ,Knoxville
-eqAdi3g4o_bRBMkZxtc8Q,Knoxville
VlM4pIHZpHepaDdZ7dmQYw,Knoxville
sJumXCCAagfI8XqbG31pXQ,Knoxville
UU3rfQ4sbKhZy5kwdmTNQg,Knoxville
TwMOrCvjsr3s4NXgRkF6lg,Knoxville
-YT6LPF7MlLsFvLqxBuoqA,Knoxville
WYWfH0r7Gr26gjc5T4fhZA,Knoxville
0s5d7OWQntIFkOXzVyaneA,Knoxville
VB6QVFgMUQPO4eMf2v0VSw,Knoxville
SzDcOjAB9qWypgARBCgKIQ,Knoxville
XRb-Uk1fzErlHaLOhNmKog,Knoxville
UdHExYtNynfWeF9u28D4xg,Knoxville
_014T2yJYT3LbgOxSoF8Hg,Knoxville
UhPipcRQ06d8FZYC49zXvQ,Knoxville
fsvhiNpJ2Ws_wGUss0bJIA,Knoxville
TWFQ6lCgh0mCxiY8lrwiiQ,Knoxville
k0OegAraiFQUgNBBamwWAQ,Knoxville
aQLw4RTxRwvzPRSL-OF2oQ,Knoxville
alcCU0d8S0RL-h9Mz5WnaA,Knoxville
UIt-lDVndhXBnx-Cmi59qA,Knoxville
jo2eeRwEh83DHC-_g5zVAQ,Knoxville
djcjI7cbsJOpXT4jH8Uh7A,Knoxville
bKTBqOhQ8RqzHH4vfR7S5w,Knoxville
-5PSogoJgEyOitffQLpHcA,Knoxville
XPuAiYn2Cil0PhU-PIrldw,Knoxville
kLzFZ2ptHWNgQwCmlYTETw,Knoxville
ZRYLOMXyapp15TeqAgnjqg,Knoxville
oFvgiGCjBF5LhnbC_YIZhw,Knoxville
eo4QmXAmnC0NlgO193x4QQ,Knoxville
xBeQKXdm8lXwTCG200RiOA,Knoxville
--kx8vSrgr-3AB1KxQIw7A,Knoxville
0fp-utQEXab1Z5FckQQehA,Knoxville
lWGSGOxu2yshJoypd2_Cug,Knoxville
TVLuXbD-uvKyVgXUwzQseg,Knoxville
0l8WoOUiYqKesx5jGRK5OA,Knoxville
1-cLE1cDF4nzS_XNNmnRGw,Jacksonville
3Q4P6Q4lpeShmEroaD9svA,Jacksonville
1lUd8jmxBIh8eCwjIdr3NQ,Jacksonville
gvjGdljBufad1isrjD_PSQ,Jacksonville
1-EwFOqzeciTpwI_deHwzA,Jacksonville
YEsqWKMmQut_CNeZx5MV7A,Jacksonville
0vyHD96jNQ6TaYxTvFLLag,Jacksonville
Y-XFE-XSPcgF7FnHQFnYkg,Jacksonville
gigRuZbw4nEwG2U_XxZYFQ,Jacksonville
E1datpN2zoZcddpXV-xl8w,Jacksonville
lI63O7o8djVlQs9JLP5M0g,Jacksonville
B1DNQeHe9RQ_je2OIp3mSQ,Jacksonville
dk8zDlEWOP-wnLew3jq9Zw,Jacksonville
-1LkIxPtGio0Cb_VQXY2zA,Jacksonville
Ueey7IKWybKmrHXOg2B34w,Jacksonville
bdDMjiAmQ35EfvHpWygDOw,Jacksonville
0kSbboYtlm8c7yxi8nxJKA,Jacksonville
iLQjk0VChp6Gpew2c8MMGg,Jacksonville
oBfb7VFKqYST9Ko_zVBb3w,Jacksonville
sOt-3j9Mhpq9Twomgsj3kw,Jacksonville
CIO9dlJe1IWC97EYS92cLw,Jacksonville
UdIy8zHlCZKhduW8g1QDbg,Jacksonville
-qDN9EWqWOCDgdW5CYSIKg,Jacksonville
hKs6lzwqOtJ7AThkL2qSKA,Jacksonville
whiiIjadaCsglRAQ1cPlpA,Jacksonville
dwFNGWjnYEfYlRfBmLVUww,Jacksonville
ZEOmm3Ftnwx5nFhTdR6Rrw,Jacksonville
ZTniTfUijhc8gVrVL4Eqng,Jacksonville
WWDsSdOooanKZnrjzJb-ew,Jacksonville
hetgetUiTP0yvDuE2c7mfQ,Jacksonville
V9oBzvTO2biQjDbUGAGfOQ,Jacksonville
ZCOcFfwEMV-6GZ6o2n43mA,Jacksonville
Sglex1ioydN36k8WWGQhfA,Jacksonville
ivv1eqh7qvLs3m_WJIt3hA,Jacksonville
k-Zir3iYiiXecEIHoWjB7A,Jacksonville
4Inss06B_A3Iz9_0cML-8A,Jacksonville
hH23h87fkuD9ijLU7V8MTQ,Jacksonville
XznGe9-VtKKQ78zQRTtrSA,Jacksonville
wBAWdbj6Abnri5cIxqvlMQ,Jacksonville
XoApghPhTXGHR-KUy6L2_Q,Jacksonville
WGltISAAj4qfqnR9-y6OMg,Jacksonville
33eGG_RSCWJNHKu4_aVDsw,Jacksonville
2X61ziMrjVhjbax6AHXyaw,Jacksonville
e0boq6YxDITedATgdLi4jA,Jacksonville
EZiYWm-BNkizKEFSAeB5sg,Jacksonville
Y3Ye0LN1-EgFM53Wt4S4YQ,Jacksonville
nDGHBkSQl-NFfcBWqkT3qw,Jacksonville
vKV4axZeSJHeOmdO7-Pefw,Jacksonville
llC94z3eOxAyVJUn7bDWjQ,Jacksonville
WsgPb4GjfHOefV7qBd9UTQ,Jacksonville
yIVnbsWu5Ld-Pspe66Ekuw,Jacksonville
6VR2TiZYsMoF3yr7hI1x2w,Jacksonville
_MvA9ET4loikTYDAAP0oAw,Jacksonville
UQjkPJQAqTMtV37gGsby8A,Jacksonville
UCDedoSFj2WMF9OwrBAPAA,Jacksonville
aQ4jNiktVGgH-_z1DKDUqA,Jacksonville
2wKt_5r6DvoWm5RQXfEByg,Jacksonville
-QJgZZ98stmXO3_pxfFOVA,Jacksonville
1ZUDF4kobvP4A85CNZyNvA,Jacksonville
hUMB4hERJS7wKFJbylpKCg,Jacksonville
TriF7644LfH9Ni00RqJCcg,Jacksonville
aLdlFikrRHQUFajLIhgKEA,Jacksonville
9cEI8ZGCJC4Ybvd4g-4nGw,Jacksonville
Yx2f5FzyJiqGKqPTdoZoOQ,Jacksonville
4uGZeOiHxkDLlC10kaziOg,Jacksonville
WzVK0gLUAfR1P0I6jkT93g,Jacksonville
ZyLj8HtXR34-eicRDbGnMA,Jacksonville
6OOJ_WUehbn3mZz5hWgovQ,Jacksonville
1Nl_szI50DGzOEWJEY1mbQ,Jacksonville
0aoWsZnGCnLpLNFMH9uTQg,Jacksonville
ZmFCCKydGkFfOBPJZI1Jbg,Jacksonville
ARPp5Ogg5G2Y1wO9a2qbWA,Jacksonville
VmEWQUJSoBgsylvoTjp0wA,Jacksonville
nKeECGArqQBJSYNxxuQkVg,Jacksonville
T9kw9-Dp1FNKWV5axMnvdw,Jacksonville
y5VKPg5ZFxAJwH5mGKalfQ,Jacksonville
0dHdQenDRkH7gKRiebZS7w,Jacksonville
_CeLen_NWgI0dhDWp-iz1Q,Jacksonville
w2fuzVr6JVA1xR75Gk9yOA,Jacksonville
Wx2TmqeggB0QVDPqnxz_iA,Jacksonville
ChngcbDf57kcRYz5pKPMYg,Jacksonville
_q2gzeV6Zjtha67wlOTCAg,Jacksonville
dIHxln3At8o7beOtobgoaw,Jacksonville
YqkLsW0fbLlUxchLKC7Wew,Jacksonville
A_ml-h9Q7pAT0UGn46b_7A,Jacksonville
V_ieN7IhGX1-wgO9RAxksQ,Jacksonville
Ugy_hOj6geNJZatzyARK5Q,Jacksonville
Zy4XUeKLb0X5kgad_q-XgQ,Jacksonville
Yn3Wl-600Itm1k3J9e_Eew,Jacksonville
deVaaX7lWKP1cZkUbUdIsQ,Jacksonville
2HVrV6G5eYTa0kV8KEcxaw,Jacksonville
38uJuPnX-KRSIpuV9ntLCg,Jacksonville
C55cwgqL8KbQ2wLt3FaZUw,Jacksonville
ZrAuatuua5OFR7cgrwxclA,Jacksonville
YwlqWQnSpZ3pyCdY7uQPvw,Jacksonville
sL5--jyqDci31EyuF4826Q,Jacksonville
26sa-PgFOrL8XcX0tTDY1A,Jacksonville
hPc_lKJRAAtLTalUvLln4Q,Jacksonville
0MjFNoBGl9UoegOUGCmRXg,Jacksonville
BKXF07asU-VhYq1POAdLkw,Jacksonville
3PgSVz4OANSDd4xeNGuwMQ,New York
ZD2HwoNFwzrljDyVf0numA,New York
rhuiWVXwO1kgcoQOZAgjCA,New York
08gStRjRetLsPavoUU-20A,New York
bntofipxUiSEHQWvMdUl-Q,New York
_tej8Rgnj4ppQxsOekbbqw,New York
e5LRkpGs48yRCyCd_uRtXQ,New York
_hCf1sguC337zbP9YeEJoA,New York
-mQ3kNgVTPMQHZP0cH0Ojg,New York
o2pwhqDNseDyrfjiO7k5Ew,New York
BNF48QBI8XwPK5xsmZn9ag,New York
qp2cm4bxnKzVhMMIQ1aT1A,New York
kMw3JNNdCeYQHNGICJKAnQ,New York
WppL_HFrzY0hC5JCbi1qSw,New York
0mHf4RgdU6c2WSltteTDYQ,New York
jOXocy_rMJw0jC8vLbkGuw,New York
IQAPJ8vrzEE03zKWdo2u9w,New York
SomSym9RzWrkbKESbjb9Dw,New York
y8Df9-zNfC1bFeV4B4OyVQ,New York
-B_RrNvBz4jaMsHbFuOqew,New York
npPCeJMc9-VUVpB89mBM5w,New York
2y-iKgPKmjB7Op_ursSbcw,New York
mEa6LGFJH2BIPC-D_Pj0ng,New York
1XnfocUosIWUk0PBu_grig,New York
_y22KzqF-u3Ui0uzmDeiwQ,New York
WjP-2McLkXVl8BmDmNmsog,New York
Wea87jFzQlaouspfNe1ttg,New York
J23zb5HyHJKXCXCa7NVTaw,New York
WAPp7Lj9kiXmqJccjhdalA,New York
0RfQqe3r0629KoYsQ5v2Sg,New York
UpsnYHOpNRhQFvr6h3tfzA,New York
1ISIBjrGju1AosIJBNQ2Pw,New York
3ERUybqHLSHlC0MxNURhLQ,New York
WZ0U5ck9xl76FwB4Vtt7Pg,New York
-4vheyzg6sJBjZryzwMi7w,New York
-Ng_R8KfFcK9bp06wFP_VA,New York
h5eDmkSpDRQ02ZUN7kwvUA,New York
WGG3J5LIiRbJr3jNZNqcbg,New York
8Zd4F6z0Bk13D1HgIjJccw,New York
Tt9D6x2QY3GyXMirld5rnA,New York
resZOFVlWX8Jji5JuFP76Q,New York
X_b0T6_nu_Wd8fixgE1brw,New York
rnRUlP-Wl3wCZZuDIx2tfg,New York
fFxO6jAqEAUg9MQsOnQS9Q,New York
IvgP2rcUfnry0D6rfJ2iBA,New York
gcc9W6RLcP1ClxTL8aVW6Q,New York
ia3wtWYNzEFHH73CWMd1pQ,New York
6BbsRm3VJ9D0fiPBxyliqA,New York
3aJHjYiTPxVW2DeKeroTIw,New York
5ISOBP0o39jYNHMWNRh3uw,New York
cD1l3K3Gkjfkb6F9BcC_Jw,New York
ifvtX9tLdLzwOuuQOSMicg,New York
ceeR9su_2pONvQYFFMLxHg,New York
qtlBCakRqfZveE2eBLfVEw,New York
YM9m8DcgykOX2MRtoEH1tA,New York
U62c8-hrlhe4TWrFX_h-tA,New York
BvwopDdgMOusD6bxBnULSA,New York
VKH9PCrlPsM-MkSV69reSg,New York
3ZxExpgbkvWt-dE0Fn9IDA,New York
rbY0Qtg6pxri0nWcm-Kmcw,New York
rWinae_iANd6l0BUiRqnvQ,New York
1KzSs6miPg1UcC5DQJHZSw,New York
qr1VkZkuCmeRgwOZK2zG5A,New York
1fHSP1QGnDuFS02cFeAOzQ,New York
Zp69nt-0m8ZGlfHTIcw-Aw,New York
ZV6fvgn2A1nyRBL7lJKscw,New York
rkZ2aHuE0e031P3rct6jGg,New York
7j2Gkzsmg16sBJ2ttckICQ,New York
0d3CGUMScyQ-WSkvIn5yVw,New York
aaSgg7Aklm8oqTRtnbs0JQ,New York
0YHRaG-jJjhDAksGuCZjBQ,New York
agRAHfOg4GfvEEP22lBw2g,New York
hUce57clOjyToVJUFreifw,New York
8g9bTaKmofWL61kuDll9eg,New York
YOzdNIXKywwp43LLClMSNw,New York
wi1a3VJ9iAyBihtTtSMO3A,New York
yBcpyQ10UHDEUlNv1DAOfw,New York
0ckPEW7tLsqFXb6OPUqhow,New York
WPYMIs5kY3Cg4OPsohmxqg,New York
gmMCRxuK6YabdZXQv2DI_A,New York
swLdZ-BGIhWPbg33qmkeHw,New York
2q98eKXHEuDshor3UPRwuw,New York
XbGvnOqfK4cuQwHgg13JJQ,New York
irUXOBOgh0zIDdqxkkUjwg,New York
eInd7wrxQkSTHRavPdDUmQ,New York
vaSMVCmBi2UAjfFQ9s6J3w,New York
1DIQRcIx6Hkivh7pzr8Wtg,New York
1793khoaBtJh8CMn6Ikb3A,New York
VX8-FmX6ubV5UnSTCurtlQ,New York
TuEMGOSvwPwtxHH2p0WZIw,New York
yskJYMonCsWUA4OkMv2BTQ,New York
n2PJEjlm8j5y6Ta1xqhsWg,New York
XvNjs_PFB7STSTnBEbaVoA,New York
AJWmwk5yZLW7GIXaw9GAig,New York
XPvZ7L8dglHQAEWJt1xzyw,New York
WWdt1kTiwOSuyj2DQW15vQ,New York
Y2zxJd02jyVMeueyqAm6qQ,New York
CFtZ0FYMcnAv2-tELI7-LA,New York
c3Q7ZAo6tjOkAg-jjcRsMg,New York
WySv2V3MNGNCKABOSRiVDA,New York
cU7R-6nNutsVdpAyGKPbOg,Billings
IcSadKzYHaA60wSsL6GkzA,Billings
jCIpB5I5FLKDEHCfuFPXJA,Billings
AOeGgsii4EEuGl2-dUKz3Q,Billings
TpgsCKQw3w2l_TuJR7jtMw,Billings
vuVvquQ2Dmxc5Ic-R7ALfg,Billings
1ETtc33N1Q0ky7M4ZK9O4g,Billings
e1rYTw5s8VJ7PE7v3_2HJg,Billings
c-r9xPXz673db2m8CQ47SA,Billings
ZTqkNmgOhKjlKsAIceSZNg,Billings
9JKwtowCvcl9fCQQpq_onQ,Billings
n2Cd28gHALy9f2HAPjp9ag,Billings
SchV4dm-OWy4x6jrFEVgKw,Billings
xyAIuS0g9mrYkHzhkUwPyA,Billings
-rz4yyh0WFyT3hHMgUHqIw,Billings
WlSri7tfg3yONz_rAee5dA,Billings
friG1FJLxVyP19l1V1Wm-A,Billings
0ORCO6eeUXYPbm4G-BxBag,Billings
1ofB0J34jnAVIJAYWaC9iA,Billings
ARka1a-LUkAP9-8KHT2jVQ,Billings
C530WAzatTmm3BBs_SVGfQ,Billings
fg7riGMnjJBvMjb9cUN78A,Billings
VRe8gctTAdGrJB1ULKIXrQ,Billings
bfls1jrKWfhV-C2IS8Hgjg,Billings
VkTcrIFm_lnR3ZZqGTveXw,Billings
Y9W3op81tiEOd8b-0lh4bg,Billings
bfxRoZq4hlzDJawm33F53Q,Billings
0g-fat7RpmLS8nnFgc2Lcw,Billings
nXVI9esPZx-FtN2dLzdLWg,Billings
-ZGbA8EAoR2aXbd4a9d00A,Billings
TasVQEU8G1CIckrD9Milwg,Billings
SmgfPxujp1o2lMhMHS_Uuw,Billings
Wf3BA23Os8RSREEXdgtECg,Billings
_Q0hJ_wMtSGhbStnpOJVEA,Billings
cd_Woozwz6q_HtNWR1zRrw,Billings
VH-VlC2ezG3IRT30wSLQgA,Billings
1HqGL6gpBOy-Qu6g29IDDw,Billings
1WWpirkgdLh3_lBJUMO1Bw,Billings
JEIgQqPWDVjje1Fnfhy_Cw,Billings
hRh-1xnWZueoV0dpp0yh5Q,Billings
XK6Ik9KKYKY1DVhj7g7eVw,Billings
B16rpEU7Rff8ZFbdD8Uy6A,Billings
hlMWS1Dm7mf8aT7mqsHx6A,Billings
SgJ4tylX8J2IyKE6P_7IpQ,Billings
jIOkI6Izdvwl-9uuS5MMew,Billings
Y5NmcLJNYnUWapeaORCHbA,Billings
VvJf-VUsGBozJ4b0Ooa8gA,Billings
-WaKYMpSmZv2NbVfyYz5KA,Billings
eLz64F5WALgXl3tjdTVSpg,Billings
YSl00pgrAVI0aNd80fEYQw,Billings
sDaIPMoV3zgPACYmLvH_kg,Billings
0p5Z2y0CK5rEAUL18i-_WQ,Billings
Vkz5C_Q-NMdmne6cKv2yVA,Billings
WWYhFYSWb0hxk3niKg0tmQ,Billings
HpGNgRkoSExG7tc9va1-Dg,Billings
Wp08XaFLTnBLTcy7TYn9Rg,Billings
WWnRzTU3kAShZd2blTtfEA,Billings
ThiQ41yUNS7JIXngyUYpdA,Billings
eMjqIFuR05_xahky3GtaUg,Billings
aXbVwlI6X6b-mWZ6wy76sQ,Billings
j9vUGYcQkhn6vRRerLbTYA,Billings
THUz10ZXThw1wdZMj9QHlA,Billings
ccroBE9L7AU6Rwx4N_8UMg,Billings
Yk103OCM3gYZp9uWh7fPMQ,Billings
ybvOx-3Ib0tgYPsJfr1mEA,Billings
ZAh6-5IbGTcN7wTMKu2tvA,Billings
EoWkGaJ47_anq07zWwvPzA,Billings
wjS2Lg4s30yd43S-K1LegQ,Billings
2BlI8rYVCO3IjE7WvoNN3g,Billings
X1hYA__5nEvEhWEJUWNZYw,Billings
0bfXGRsd6n84DGohGJG5_g,Billings
7r0_oEasKzqFYHMgZ5uy7g,Billings
bP6Ao9YnC-CDiK1NTpM-Ow,Billings
0yhJEU2IuZcUJp211QMydQ,Billings
UuIQAJS2b2weAgwlWPc3Mg,Billings
oJe97WlRYG3sj7bptRO_WA,Billings
TOe4ns4TosEa1fSLCmqS-g,Billings
WxxgbygVzDmqgxM00ai_-Q,Billings
lVImdqTvOrccQdWFbkRrzQ,Billings
lOGK07XCyTSqh-S5wtZCAg,Billings
5A3gqMaF-qpuNCPo0LAxdg,Billings
wV4Dx6w9KhmdlxbComjxOw,Billings
cg2OFqqH78i3WKGEtVVlLA,Billings
0UjBFFDHaZntyF_ObOq68Q,Billings
_BlHv9gfeIoXE2_JUflqEQ,Billings
CeHIXfBBwCK6jdgFlqf3MA,Billings
xc8J4okbYdkCj4Ink4T5vg,Billings
627wVDjEYBc5sczDJNsbqw,Billings
npLCjcNmrzitmgYUi4CoAA,Billings
YjynbSIH5obVuBbJBF8hwQ,Billings
UDNLhN1T0XVJVMQ1-tm-5g,Billings
1saXCsxSWwlYp9jDieZNjA,Billings
_VWCXLdSghDZGrUOsKKPzA,Billings
WetzGPuKqdq_o0l4teh0hA,Billings
043K2W-aE-Pdu-6l8XR9qQ,Billings
fgLerW0MEz7zcOPam2qvww,Billings
CIyD56QoXK40fxfzefvQxg,Billings
UKwrRb7eoMIvnv8F6wJDFQ,Billings
Ilj1ht1GAIO7BI6sz-8SBQ,Billings
_eB_U3bUJAbpNBK8EEf1ig,Billings
lFolJoswFRYOLlHQ0x59Cw,Missoula
V_KRj15Xo7zXKGq_mJ3EYw,Missoula
COw2U6Sa_AMNmjIdxxVcmA,Missoula
3c3T7uNJxQ1mrdPQakhxFg,Missoula
s-cS2MCyvo-aAkxUK__0Hg,Missoula
XMvO5fNlRZGtqjvnpnfQxw,Missoula
85kjPOF0Otf9Y7Wn8J_AIA,Missoula
ZUY7JOHgnoLwN_wxQ8lx5g,Missoula
grtycKRlH4I1qaXXx2bgGg,Missoula
hiLdQbF1lR1Ve8oiGa3lDQ,Missoula
58BdDyONqJFX5LZJEz0XJQ,Missoula
ifNngGEx7_CwDeQdH1eQaQ,Missoula
d39Abv4ZfhU5ZnngjjeKTQ,Missoula
URrkgsalOxe1-PX54K0qvg,Missoula
-ibdtbEm8LNcecH1A9emrA,Missoula
fWatYk86r6u79lGmKma9xA,Missoula
ApFNHKNhCPT9X90yMpDTDw,Missoula
bHDVQZ_UNV2_JWQKgbDRcA,Missoula
hvSpeU9TcOydNJdY_ibaiA,Missoula
j_G1tR9EEucv4xiO9ukHBQ,Missoula
der38ojtzmrcF4z2Nrchkg,Missoula
V_P7-O7hgFNE4U7B7SVJPw,Missoula
3sAbzyBQtUzQbjhxF28e3w,Missoula
Vuwoi5mXVge7ymOr3MOGIQ,Missoula
gAOja28bUudUVFBr6k592g,Missoula
sgl-1gtvNJyqQ-dnHe0aIw,Missoula
351Mw5FAWhUOWCrCxZXRaQ,Missoula
aEJPy8BbDsUqqOwtUolNrg,Missoula
wbm3LUKAyo8qzgo55wo4WQ,Missoula
VRTg7Mem3hi02md_NTMWcg,Missoula
ntQNZdTUmrehWXRXSDOiCw,Missoula
W2WGhYOm83cfx4HSDSEXug,Missoula
3nJCToTWfqwpQ7cMt2_EtA,Missoula
Uh8AEXiki5QKfY43I34cbA,Missoula
mGDMSDFYFfWoas6Sm9-uFg,Missoula
fGfRPQ-9psx7L7nZGg5ejw,Missoula
Yn6BW6oN9cozZaiujo113g,Missoula
U5dM-GMXfT3ULoYCfTrD7A,Missoula
SvmNRJ2YawgKgZ9WSvKAaQ,Missoula
EGjOXGvh_3r4GRad4xX9CQ,Missoula
xO1vzMONR9rxM1kD4DbQWg,Missoula
lrt3L8VIJovcIsH_xCDBWQ,Missoula
_1266GYCbW3xwxVIC_6SeA,Missoula
TYRgCAuxmoe7y-ooJGts8A,Missoula
4694MqEG86m-Gg_G2yRkRA,Missoula
wCTKCTI_tdWEfnnxFGbTPw,Missoula
nXcc9zNp_eefbTSJYvcBlw,Missoula
XypHBj3oscTXGrOX99a4xQ,Missoula
CHJvt75hBuLByapAZ5PrFA,Missoula
05qNWe6tJ-h-4-t4XGJLpw,Missoula
wIWoQ6mVBxqPlGFMv008pw,Missoula
82YyPKWMfuZV4lcoyTq5ag,Missoula
_scQV6m8nW76KMHEJd_ZGw,Missoula
lMEYcJWTkRlJ1tFXDxobBA,Missoula
juUngkUKF2FFlXJXApB3rQ,Missoula
-kRS7RQdxgtjOV5IX6UehA,Missoula
-dU-VdZOmRaytLzKMbTvzw,Missoula
YleslNMbDvoqj_X9jKwYBQ,Missoula
aYTCr1lx56sXfjKUChbNrA,Missoula
vKtUoy4VyJf46KLWv2JCAg,Missoula
c17QoM-f61eXEzAplZJjKQ,Missoula
TOSf3SHNZstMuMoXaH61iw,Missoula
51_bnYfFBg6dn9WFoSIyJQ,Missoula
nTPxmfYh15vnENTJ8pMbvQ,Missoula
66oIXZ3LuxxCCS_mdOrUOw,Missoula
UQ3Nw90EqDg1xfr-bZF9oQ,Missoula
m_tCElbnKzvkCUBWv8_-kw,Missoula
IJJGz0hkf19yP1UsDsVCuQ,Missoula
UkGxx3-O2HHC47Jq7VZS4g,Missoula
Ubdea0KV9-MFke3Y4DABJw,Missoula
aYCNUm_8h_GKxCuBnLqcow,Missoula
Bd88ThKMnCs0hGmz4my70g,Missoula
2lBP1VRmcADbdWnxmwd0_Q,Missoula
hLREQ4vH86-t__Ux1igpag,Missoula
7mvpJGaJ5QrVfd-t46f-IQ,Missoula
f0eQC6qbkZlB_jYzETsmpg,Missoula
UAi3VVr1vEA42k8cK7VnGg,Missoula
vQxzz9-VI8QHwtx7ojKvGQ,Missoula
fkj5uE-pxDSfTj09XfJVqA,Missoula
b0gBrUcPLanqrdWw1gmR5g,Missoula
T9uzLgBmclAr5DHxdn6-oQ,Missoula
-FRi3vcjRT40JewwRVM3rw,Missoula
AgoZ6l6ZFhJXPkFFxEkO6w,Missoula
0KABPRbZ_X4hM5v4_0S3Uw,Missoula
Y-MIJg2Ojsy4CPA_tvmnDA,Missoula
V-1jS2xXRKE4PE2FZZ1wug,Missoula
_CAlkAF2revD7XxEcj2cSw,Missoula
4FUtNCb9VouXbLrwankbvQ,Missoula
hEMJHB_dRrJVa86gIR2yPQ,Missoula
6yc1aZTmX6VrA6OhzNKyLg,Missoula
ZUwvbVi1xhNqBGOsF25Yrg,Missoula
fAqhP4wIqE5RlFkPXlXIHQ,Missoula
1SiWaAwhIxY3b3BIhqr9CQ,Missoula
3hY6xzUnYAFJByrPk88gkQ,Missoula
SbiPsNqBc0SM_l7zsei2Uw,Missoula
rjkuJuJnZ--FEdbVTdpxeQ,Missoula
crOb_ufkzPBxW2IjWa3jfg,Missoula
YrWJkY8e44SfMfaHD-MMdA,Missoula
_6SaYy49nUrQAqEnd9uVVQ,Missoula
dKBhcAlj6_DSbtDKtm81eA,Missoula
E6rhl7cA_JunHZ_ZIzHwmQ,Dallas
Xu3sOnfo2U0_vG5TdPu4lA,Dallas
0wv4HrqWWSM2dInQ7bJtZg,Dallas
cRH_beMHXa3S859TVC47gw,Dallas
4XIYNaACLl74vi0PRs_s6w,Dallas
YsM4aW4X9r6vhelKAXbcSg,Dallas
BTfJazKhSLh4DqWl_hYyUQ,Dallas
101U9JIxNAb6L9lr6LMQLA,Dallas
gHXA5JEhUVIoFKLIxmDxEg,Dallas
n7AmJCLWZ3jThlfjq4Tx5Q,Dallas
WxLMC-2Qk-rejOcgUeRgCQ,Dallas
qzkbadS1Wpi6mj04zwclzw,Dallas
a84-plrIRHHPO_alE3JrYA,Dallas
SoTUIuMhjyVvG__VqKbJJA,Dallas
b0Dp6FKGdk_N8qtGJzOs3w,Dallas
4f36i0k10AxeiaF_etokEw,Dallas
yMl5w92dEUT4WLmAga9V-Q,Dallas
U4tNOiT_cj4KvRZT0nmc8w,Dallas
dX8U_f88rTgvLMsVNNONMQ,Dallas
fhgborBqnPlV3FccTpkrUA,Dallas
4gztsK5ur_weep_gAmapdA,Dallas
Ur1gEXIrdhQOWPZK9xlUow,Dallas
VGaeK3DBgGSVCsHXwjLTeQ,Dallas
f7yOIGoezVfvUKYKzAWDMw,Dallas
_JiRUg2dSYKahYkEcIaYOQ,Dallas
1vmrip7kV_BIzJpjS-Fixg,Dallas
Zz_CDwu-ronqTqPiIoh49g,Dallas
Z54D1kkXHdZCtkydu62Hig,Dallas
cIg6Fug-3tgDZV6EOmwWZA,Dallas
dIA_JA9f6kb8Luf3pbAATw,Dallas
cdAS86qEmZuZnkwwi4gXFA,Dallas
_PG6PX2BYnmEAKxNsAfzUQ,Dallas
0782w0G36tiqPjAI10HLFg,Dallas
TCE54MBK3DF0BxWD-9fdlA,Dallas
-yiCyB23Yg_qgV-bsntWGA,Dallas
JBkm7hR1KtNcdQaS4Ttjtg,Dallas
WlI6MpxMLDsF0JbDzTVAaQ,Dallas
2obwhLpaGOHw2AUtC-_3GQ,Dallas
VRx3uqI4JQ2Emyj5dE3w7w,Dallas
dvDq4SYlKIEh8bkEx62TJQ,Dallas
eSRtDZODFs-QbxjcyK2_rQ,Dallas
-tQrtZXrw38KV3wYik1ong,Dallas
XEJFCC_VWgJ4KFR1wnaTmw,Dallas
_YzTjRW4N9hcYSi0EYdoGA,Dallas
ZX4aSqx0XLGUFPVUfayyJA,Dallas
n9ZH91cCfi1rv0oxNKR9cw,Dallas
gi2XAQL3-Ojbv31IUcCqfA,Dallas
YDWZs1c96fEimEdAs2CJjw,Dallas
IvBtWUoiyiQD0cQ4oN8a5Q,Dallas
SuTqjs0QJWbVVLI-3Pgrgg,Dallas
0bfSqGEeVQq4BDrV74LuEA,Dallas
d_QcFcoXmLlcabxHKf5rKA,Dallas
njOkWsMEfQFnG_vCUfp-zQ,Dallas
3LsV5iX5dNsLE0zWcwCiwg,Dallas
rFbjmGKurXhYljkdWOvRnQ,Dallas
3bQB9Gi5_YJbroY5g4V4Pw,Dallas
WFZuevjoVybNZw9m3u9l4Q,Dallas
5tSw-N-iYt14fwSwdVqdAA,Dallas
qwRWChFpdXjKF0d0ouCvHQ,Dallas
Tz7N8-XCXQN-V-lf12ni7Q,Dallas
3r4JjRA_i2UF28j5JCrEww,Dallas
eR44ErSYarWI2F76T2jabg,Dallas
-GWpygMlRcxkKDYY9sPTWQ,Dallas
ToO_p6g-XvitTogK4_fOzw,Dallas
kP75J0wX_J83u84720kyfQ,Dallas
Si3jVD1DBeHtSrH_i869Ng,Dallas
qtocWOpDM4BJXJp0EBjV_Q,Dallas
2crEvgk5DIIQ3u4D2pRVoA,Dallas
-YhEEcj06ukA32fn47v-Dg,Dallas
2ByRNPDTDIXScqJkxKGkXQ,Dallas
79CpjeQcbIZlFA-mamdm6A,Dallas
bk1zxCpEx2u4o7N37iimRw,Dallas
AcC_3L8B9Jl9zqRpabPOdg,Dallas
BVwNSX-6AItpCmmY2pq8fg,Dallas
_BHZZT_L7Cu5aAJ7jm4X1A,Dallas
-H1-P6XZAm7YcWS1RpfTnQ,Dallas
x_440eLnHq7yDOFcwy-Zzg,Dallas
Vf0sCPwbrOlZOJveMIyU9g,Dallas
5p9DitcLysCD8_ET81LE-A,Dallas
JBWoNV-cgNzHpUXmjOR7rw,Dallas
bJb9D2cpYT-rP6ujx1KYaQ,Dallas
equCaR_i6fGTjSzEKqaPCA,Dallas
hAupS92zAFezNDvczdhIuA,Dallas
f5WCXnYZkR1wBnmGiIkcvA,Dallas
ZzP7uUxoBZ_xwZDEymUmkA,Dallas
_4BBthyXtgy-iAzcw83KkQ,Dallas
0qBHZ-qECNy7YhHCnmocrg,Dallas
iAejw0Yk0i3RC8Yg1RWq7A,Dallas
bAIMzaGBfthqhqlFjhtKMg,Dallas
UUQ0tPLn3057i25WZ66brw,Dallas
cykWZbrLoMRHO4jETW2SoA,Dallas
08t_WpbM-aXLQxYBKwJu_Q,Dallas
0VuUMCVB2njISGadnAkluw,Dallas
YHCdlUe3BTXPf-zKODvJ8A,Dallas
ZNbstKpHRvr6wNSeGqzaZQ,Dallas
_QSLxRhlsjguHlbLPzw7dg,Dallas
ymFlfA4MkKEjSulRlzH-9g,Dallas
r-5XzhyTus98fN4OYC6edQ,Dallas
He2vdmSoz8G0fqNh4FHlQA,Dallas
YfjfSRtPpYRk_jE1IxlM9g,Dallas
wcsVZ6Q0yIjCkJ69nwURiw,Sacramento
JBWtzm8BUlnLwczfjvR0wQ,Sacramento
rJerVQbdvtgYOP4D4SaBOQ,Sacramento
0g8qnYnGHytaC-AJg8TSVA,Sacramento
XbvAO3HKOYBZOZR_OdY2Ig,Sacramento
-enkHsxtQTCMMHJ9-DBDmw,Sacramento
rpTSLMy3oybwHLXaGjxKgA,Sacramento
5s66ctNJ1Fqiigln8_c_ng,Sacramento
aOhfBSJtE3S6UvnzIqI-Zw,Sacramento
vmouF86W5egtCVqLGobtPw,Sacramento
CrltCEpSW_lf67ZFq15IQg,Sacramento
inKSJba9RciApP60tQIU5Q,Sacramento
-5sfM4-5F0_9zVKXv54YgA,Sacramento
Z8-hwMKvbU-GYhLhu8KcEA,Sacramento
fGEg_VtEH_bQEFB9IaMkoQ,Sacramento
nS_cNC9LIvJYyaIf3ArjyQ,Sacramento
eQI5y3ERFjPoSk4G7OIChg,Sacramento
fI5gAb1wBg-hzJHzwbdofw,Sacramento
Y83vX3u-ItvBfz5tDzFfVQ,Sacramento
aKUImlHUE-ftqCDcUx5z5w,Sacramento
6Yzx6HBfWp9rXYHLYa5Y1Q,Sacramento
COyAX5g25INg8VeDYjU4og,Sacramento
Hegd6MxiihQ2UQAfDb6OwA,Sacramento
_zXycQdLEkytxjDfBYzIiw,Sacramento
Z0KdQUfMaVijPenY48deCQ,Sacramento
VJPsBBLy9ICNfWNXpBNzKQ,Sacramento
i7CyNiwdsgNEtE1IIcAo0Q,Sacramento
wgnwAwlba6Bkdo82MQ88Fw,Sacramento
_KzfkSMwQ4vJGSXv7WvJaA,Sacramento
UQgGxjEAJ-6tbmRT6Ze_Lw,Sacramento
gfrtjy-m1CYniLeMjKbeYw,Sacramento
zV-QFRtzdlI8tdlaxKPsiQ,Sacramento
f_Mp1kViig9XBSTzK6APyQ,Sacramento
eazPnoNc4aFXHrmve-XeYw,Sacramento
ZP4l1PyHnNSMQL6QLyjqeg,Sacramento
WuG4zPWSSPN_PTHQUc5CuA,Sacramento
c-s1dxhNDoNWXw22cs-bjw,Sacramento
l46_t1dh641GD8A3wC79Og,Sacramento
dfuH6pqmdMoLcWAjiIfYEQ,Sacramento
Dma4SjcOt_OxcgzCrckCaw,Sacramento
0y1eERVtDGYayo-n4EegBQ,Sacramento
adTMhPGvuf8BWuRLYTLaRA,Sacramento
h1fPSiwrIys6xHHDSV-Bzg,Sacramento
k6UAKYc623pfhdph-pqhjA,Sacramento
0UEnZNP97pzSF33f77QmrQ,Sacramento
em_Ypa0VJs8MOVOr1greOA,Sacramento
INu50q_MBF8oaSTc92SLLQ,Sacramento
ZiT0RyhRHxxkR-OwScIU_w,Sacramento
XnTqacEqZS6NQv1fDe-TYQ,Sacramento
nN6Avz7mJt8jW6PPIopUbg,Sacramento
hdXPH7vbEMcm6JQcNRMfGw,Sacramento
cby3xeHkfj79gekzePzSLQ,Sacramento
4QQRQb332HtpsjNqJe3e-w,Sacramento
nbwQ5Nx_1f0HoC6Sdn-OnQ,Sacramento
HbInJ-tGmqtNd23wqMy_KA,Sacramento
Aqrv2J2EgoknX3DLQCihVw,Sacramento
WCE0_aCu2Q2LPpxt7vXWgQ,Sacramento
kCQwVsRPh0WIx1fN1WSvPg,Sacramento
XLL5eYd4ziVpwdxCoEtAaQ,Sacramento
9uo9B93tTGDFtVqmtfKi9A,Sacramento
d1qr21f1lfQYKtgOmAHfDQ,Sacramento
UsQDY2q611JaEwaHv91c_Q,Sacramento
_bdi91Iuma177NJx5qy3Lw,Sacramento
SmhtxYSETxh5lbfb9wYrsg,Sacramento
25B4S6zdcIzrDskNeXObtA,Sacramento
VAVVSKso_zPnN1RtaM5jvQ,Sacramento
V-IqHMhcb47eJywX_e3L_g,Sacramento
kGk857x6cqF43CzTOdftJw,Sacramento
0trvuuhlbWL8czBdXMnO1A,Sacramento
YKEFsku1R512xC_MT5qfGw,Sacramento
UVcTO3gWp6IVj5AtJTj_QQ,Sacramento
UkOz480mYvVOeErmFPpO1Q,Sacramento
namo-Z7q9lFScGcGN0UX-g,Sacramento
mjJYLPx-89hphamr_fjwrg,Sacramento
zcoBHRpBy1mtJNq-mfEqHw,Sacramento
g3ItYrtg5cOj_pFDAWwiJw,Sacramento
a63ziPAfl3E7_WL-6hXx1g,Sacramento
dn-N-oFi3mJD9pdugtZuMQ,Sacramento
slyVTmWEOyD_6mfif0co_A,Sacramento
--E7gtHtzMkOz3orecpmDg,Sacramento
09HRy9xpXCP-VzyLlwD03w,Sacramento
fu00mZam9acTPM5vfhQbtw,Sacramento
9Z34WejbCZK9JsKoNnlrvw,Sacramento
UGY5ocp901pkSI88XofnSQ,Sacramento
aTsywBWW3DdmziuAyvD-iQ,Sacramento
-8FUl0NrwmS7-ruQyf9QQA,Sacramento
gKEGo4V8PsdCUsEUkdDgxw,Sacramento
mxyMlJ6xwXNpPW70Xeelqw,Sacramento
IMlH699rpeVgvgECS_T1cg,Sacramento
YiTj-xOFZHOC_4-snsb-rA,Sacramento
3VhhWkRBK8ilMHDua4Zi8Q,Sacramento
YXztiXfgOIL953Sm5N3aFA,Sacramento
CeBQctIyI8HiCsq6GtVNHg,Sacramento
auumyCODQfkOFfwJOgCDbg,Sacramento
UtrWOraKbO9lzHJ1BY7rvg,Sacramento
d-cy1hAFzt7E5_8vdQ-50A,Sacramento
2be-SoPhA0bcchFubpmhpQ,Sacramento
9HCbWwCJCrn5uqaN3XJM7Q,Sacramento
Usnp1yKgukPBlIdhu-VUAA,Sacramento
EMkB1DMh7Oc5zhX9eH0VAQ,Sacramento
IX-c7QoEBZy2PR5jtcPa_A,Anaheim
E7qb8TFQ4os_rm0Qkyg5xg,Anaheim
WVbeiV8FyvOELixJPy9iPA,Anaheim
3ZZgcQuCHN46PkG5xlg6Vw,Anaheim
e2aJDHxSe9pNYPKdxOBkWA,Anaheim
WUouweLfVu4BpPks4q9TDA,Anaheim
8rey7mCVYN9i7Yo9rBhPaA,Anaheim
drBd4oy5SJCD9DfEp6nTIA,Anaheim
8WNpMEi6Pr6_WDvZUTZ9VQ,Anaheim
-_ViScBKCSY8wUW9gg4j2w,Anaheim
eHkFbBJUwWLWNdmNOY_tWg,Anaheim
cdsw99qH_cKelOkpySgoyg,Anaheim
lIFfwuPTmJZgIl4kjGMEMA,Anaheim
50MVirFzIT7bNfthscKITg,Anaheim
TGO1Brrnm7o8c-b8EhFIvA,Anaheim
T0qY6fHG40ECdrPwL06l-A,Anaheim
ZTMmTwDDEp7dfewKi06syw,Anaheim
Ykq9tAM6f45owWobzD6xlQ,Anaheim
bvPSokxB8s1nR175x8zZbw,Anaheim
7IP-7aWaNF9SmJxkQ2TH5Q,Anaheim
s5aZpynnNj7g5bP4CpenBA,Anaheim
fWwqMc06OZl5Jv4Hv27ejg,Anaheim
2VVJFk85DTrCPmXfVVKF2w,Anaheim
r8920QDee-jfN55eQ45Y7A,Anaheim
-wR8Y2e24_b1u2hA-Av-LA,Anaheim
x62xKDq61Nmz4W6Jy9kQRA,Anaheim
_mW8imkqgk8cUjfhjc6FiA,Anaheim
IvDjkZwCoyW_MxDCg0RHeA,Anaheim
DyzweJumgfFuyzNno4sOBw,Anaheim
0_zrfkmaSpuEvC6lBKBzFw,Anaheim
076-tOwKtfbj85Qbyd9SRQ,Anaheim
1F67v-dGRKfv3b41-MGuUA,Anaheim
ZPGB7nP8VQu1tIUuO6cpqw,Anaheim
jYVXY6NfCaHWtTB8_eRB-g,Anaheim
3M4jUxSN31RQBwz3RDDlNA,Anaheim
YzNlSm-qoPGXAefMyv1zww,Anaheim
jESM7ART3X82jkSJHcjAmA,Anaheim
yci6Q-9xqs9gjpPa5K5GAA,Anaheim
gJbxctP5Kgn_w9rItqqSPQ,Anaheim
2GDlklfH2dWF51PrFdaTew,Anaheim
-Au9uBm2awEmQVzGCqhKsQ,Anaheim
EXYCDy4Tzbd7HMbeh3ANiA,Anaheim
SiMpX52wRaH8tMSoZDlFJA,Anaheim
2VEI8VLT0_Y7nCfAK2gVcg,Anaheim
eaTd3ZT7mT5tbxm9rVEYsQ,Anaheim
sICKDq-sxrr19tD9QYJwFw,Anaheim
Yj3UxyV8-pWSTg54PMb4bg,Anaheim
x9jwdGbBwScPhQho__Nm4w,Anaheim
TG_HzqPI04r28B1BrqQZBA,Anaheim
X8TDJ_-pQ8esfnBqGXQwRg,Anaheim
6VWwdUmuD3bR8BHGmW9gkA,Anaheim
YhCnsTfrvq51GJ-m53PqMA,Anaheim
jbXsnJGAJlvu2guDav1E7A,Anaheim
-vtzPpwUtArQKr3t5T8E9g,Anaheim
VK5_qHCSfCWuThDs2jrFIw,Anaheim
6Nf_PI51go1LZIgfn39q3w,Anaheim
WtILejTRYXFsXWRfRyMiSA,Anaheim
-JqShULFa1mqRqfC4f9ODQ,Anaheim
SwGoTiH75aQp2aKLqGHPjQ,Anaheim
hw6bgdD7s4dnNNi5DaxiWw,Anaheim
Cntu7GdNqunYx_QDTAkLIQ,Anaheim
C11Njq3S6puTvFurIM8v4A,Anaheim
Ws39VtG0nPl0OGnU7m2Tqg,Anaheim
V-2cp8lAuZikz0_YiPWLaA,Anaheim
vkwesZcT5Ynn8ccibZuiBA,Anaheim
m9AQzw7n579VTmz8wrr0Ew,Anaheim
EEh3SFpNYrZfHWXLGeTFXQ,Anaheim
c_LzqgH7c1-C8YhYT_jbGg,Anaheim
-vJCwg51t0UQBsfFPh0KhA,Anaheim
rROPyZxMGkAH05ejIAnDZA,Anaheim
h4NyYBGRUf4BXywOVakDiw,Anaheim
VzDe6jajKMiyLznFCdOvGQ,Anaheim
Tdp_-OI_sGnkw5j2_Sm-vA,Anaheim
39AtqtcTUcuRBMdOX-DiAQ,Anaheim
hRxh2hEnPf54z2Vwu_cHBQ,Anaheim
Ea5IkE5lMob8wm_oOklLvw,Anaheim
5p6Hsj2f3v7CnX3nM31Cmw,Anaheim
jbjnouYvW_TDGRsDHQa-Kw,Anaheim
Y6Uim_GswuIKyN1rogkSoQ,Anaheim
7JseFPSdC1mzc6eUbefJMw,Anaheim
W4EXheenHxzxx2B_73yN5A,Anaheim
yz7p_DEMZSSJjV3ouJwqJQ,Anaheim
ji_W09g0wwtHOVWsW0EGsQ,Anaheim
fCgKyS0H-YvMiQ4gFEnNTA,Anaheim
cIfOQXdt6UsZEKic0_6baQ,Anaheim
7snN46jedMdkAQNzW8ufFg,Anaheim
9qZwyMLu2p4djihxK1f2Tg,Anaheim
TBAOfuVaylx5sBuTfJFTyQ,Anaheim
l3f9xXJNVSuAvG1_tn3AdA,Anaheim
0belj30w_ssabwhNfH_-0Q,Anaheim
hwcr2vBoUrV6tvVvIYheIg,Anaheim
Si4vpoWfx95AFsGEVi2QEw,Anaheim
-koK_kY2QS0e7k54jK5hQQ,Anaheim
SbL9D5VLfqkRGq9EQcb2Zg,Anaheim
VnVLa0WvG9LP62OKI-H0Ww,Anaheim
1aht-gjV5FsjGmbAxyn4_A,Anaheim
cur4XGrZ7bkmUjn6gHKGEA,Anaheim
ZlZsBz09F98u6AdbRMlRnA,Anaheim
HsgWygI2liahG6xhxgDLqg,Anaheim
W1xzN7D02etSwPi40Ztg3A,Anaheim
as8fgx7jWAGwYUbGvNdt7w,San Francisco
6L8WyrC7TpSF_9zjGrb8OQ,San Francisco
TjGYReOrkrO9TPj0alY4EQ,San Francisco
Y-2OUf73iJKADfo__86Njw,San Francisco
sSELBh7bqwNdFKwU_7JF2w,San Francisco
aEtJI8Z3qJeobViE1hiFvQ,San Francisco
0Nzv00bV29_6OEWqv-oXjQ,San Francisco
kEpBfkuPO24-K3_iudgL9Q,San Francisco
286-rj-1Om8K9j2jCUmlKQ,San Francisco
3uZNXFeKZ1ZhhUmoE10yQg,San Francisco
Hm8fueSHZcCNpBkeMk2XHg,San Francisco
TtEBjRirJxOSZtKWRSdYvQ,San Francisco
mUUROeAHL7hHTISYoSqeiQ,San Francisco
-j3sYl-tqtdpeqhuJGxCOA,San Francisco
iqDw8kXRSYTSJFJP4dL-Zw,San Francisco
E0XswmQRN3_8snYZdJPHUg,San Francisco
UgSX5CxbRiPuJzAtMhpFvA,San Francisco
SzRZYA-s9KjVn_pudf-A_Q,San Francisco
U_3PVJa0gVJDUK1bHxNdCA,San Francisco
T0REDn7cU5zzZpPfisN3cw,San Francisco
z07Pdy81hVqWfU_6vRoqtw,San Francisco
2xYruMwetDEuLcJKclEwow,San Francisco
BeEe_uCEG6hJxRcp-XeSeQ,San Francisco
_eTN--MZk41xcnvN63MU7Q,San Francisco
lVcNppDYx4WwF8s315XgCQ,San Francisco
0gQ0MSmqsGhYz1jeSg_dKA,San Francisco
0W5QHGA15z7ucrEz59vWpg,San Francisco
YU77U5CEISJ9XWtBmkti6A,San Francisco
XHtw0gHGRHbgc86yo7DDVw,San Francisco
dCS0zyvSCBOTXP2uVsaAsg,San Francisco
8qFbcJcDI8BLS9CL-vZ_kw,San Francisco
ky5IcUnIvFKH7YGr1GJdDA,San Francisco
3ToIfrBaWSy4OaKyYVGCBw,San Francisco
vrOx3hJV7qmaFQaw7wlH4w,San Francisco
55f-WQ-7HsmqDVi14oCwfg,San Francisco
28eXOBtf6gdPDbSGuxywRw,San Francisco
k4IfxEvvHLY2D0N9M-i6nA,San Francisco
a4z668WfgmCrQSi1_EBzIw,San Francisco
5kmimbZAvxfg-9cRkUZJaw,San Francisco
fLwHePd7Tsoe-P4df9dzwQ,San Francisco
3gaeTnYVTb5we6eN5p7AHA,San Francisco
Vzn5A4_4t0rj5_Nql1oUcQ,San Francisco
ZMi7M0MeZaMLXMYRaGv_uQ,San Francisco
BW-fhw6SCT5rxk81z6CcrQ,San Francisco
-v6kyUr1c4yKPfJtjwVgpw,San Francisco
j_NIH5a7BkHTD0Hl7WCVIA,San Francisco
Zb0jmbQVW8vRsq8F0jF5tA,San Francisco
HQ9qKIhD3SzthnK7YBS9aA,San Francisco
CjuKfWjEKnqUKNaNh5GIFw,San Francisco
nFZ8I3JxYqaZpDD2re55Vg,San Francisco
IxwvfPXGLU0rUaBNI3Ul-w,San Francisco
qvVSzTLMJqKzFY0bIEo-tw,San Francisco
WAQdWFSPcMQQaSv8a2xErg,San Francisco
CIl0mZXMEP12hv0_WOUzIQ,San Francisco
bqruvXIX338GlXs_RUMd_g,San Francisco
voWQRFXmg8UFPsrGp1yAbQ,San Francisco
BI3oQrJ_xRpaXFDHPU_r3g,San Francisco
fRn6IJQjBDQduORhJPyi_g,San Francisco
URZGrxX50MgVH8-0bBy4xA,San Francisco
jcwXeKr66myq5J_D_PLE4w,San Francisco
47d6y1kKlZz_7YVbbRnEvQ,San Francisco
5t1Knw6dHZrw6PQsHli3Eg,San Francisco
cr_tgrGucevKwMfdIESnEQ,San Francisco
BDdUSbBTRWYpVn5tMGb1IQ,San Francisco
fmE4GwP2UCjjfbkDTjdvsw,San Francisco
U5Y6HLZMJmdVSF4R4Ru9wA,San Francisco
BHw11oPm1s-9O2dKTiBoxQ,San Francisco
V9QNT4ahEkRnLL9dOuzeJw,San Francisco
gmvYchzKobfvXeMJNGBotw,San Francisco
U7jVS57ghuhe9XoWOOKUGQ,San Francisco
jrumhHxgYDovMFbpNDwPQQ,San Francisco
-T-2GmoZPCLkhihRAh_MDQ,San Francisco
XHYi1LIgVhoioXTlN7EyWw,San Francisco
066SV3MjskPMFmg0HSB_gg,San Francisco
5bGpmzda4NAmZPo2DThCIA,San Francisco
WzG3R8Fl7euty7Th0sJ_nQ,San Francisco
1n-rS6SKl_ERUWQ5zLEj9Q,San Francisco
aV_VjiE5ecZ-676kQVVkgg,San Francisco
Zi2UkqupIopZOqI9eEqzFw,San Francisco
VrYA-CpUCQh3PMlrvNzmPg,San Francisco
wCzTrCeFtREcXH_IuvE2GA,San Francisco
8fx_KpBterbBvG2LTPXUWA,San Francisco
dMeJqnbeKbNBCxOJxULdjw,San Francisco
aqsVXJ4VrUgjy_QMiU7zug,San Francisco
5RYGYA_ltDMkp7eceFYfFw,San Francisco
Cduh0LS6Z7oEBf4KnIAq4Q,San Francisco
TcWZIgFBCYD9HB-lAt7bHQ,San Francisco
XV7j0YSMpuKDPzRFDYLyTA,San Francisco
bUxrYnhPi1lbf4ENciu03w,San Francisco
3hMt7aRRyvkAkD8ey0cd_g,San Francisco
rYX0cfkZuusX7oOoya5jpg,San Francisco
hKjSMJEhupmphv5LDBiF5Q,San Francisco
U_1Z4Paw_-CmiWZkTW2DxQ,San Francisco
9Va5Gg7j_kaN8ZXnutSAlA,San Francisco
-1H7i3y8-fyTPamFjxEjtA,San Francisco
TKbDpVTwPdBVt_HZniMkbA,San Francisco
bTL7qGJcTqAf4rrQpBTc2A,San Francisco
UV-DO2Lysn5YtMz06pLuEg,San Francisco
TBcBIA5rOyDTvjgUNU8nBw,San Francisco
0bL0hOCg5LCJ3tMx5inTJQ,San Francisco
y7x3xnXYPXyFDRZfADJZPA,Austin
ib30afn9kyDFlRItk6jamw,Austin
TyAE5MOGEgo04cTlzL9RDg,Austin
SwDmqBXFDF2mgwXpND-dkQ,Austin
dWtzn-7ADsaDQ5Oedp1biw,Austin
ey6LW1ekH4gn_9OOA8Zi9g,Austin
YrjFjvfq1ztBXpWNQ_LGCg,Austin
TH4PvY584rV43g-1RAAV7A,Austin
kW_FAJDQdSz2MNuNU8XWZg,Austin
Y4xsPHEc7UejFo4ZUls6Hw,Austin
YqC5jEwEfgmCw6RLu-PRIg,Austin
btU0jCJpLGrL_VPUDsFSEw,Austin
wFamAoet5u6OeeD8BfVD6g,Austin
ZnD4Rx60Fa1tu4UtAPLuhg,Austin
VUkOJVZRuqzrebY0DYvVWQ,Austin
BI-oPNspFwv-B851Z34STA,Austin
2yt7mldpcw-dSIT6XtQpQQ,Austin
ksZ5ggnbCr3BCSrGFpdshQ,Austin
B7QkKyuHUPy4XaGQQk61SQ,Austin
3v1ebd8Cw2sUXsNWeSHFZA,Austin
gJpypX0fByyjgjsyHPedrg,Austin
Yz1eN6804hjN4opuThxd_g,Austin
ao4Ta-LSxxUt00ISXwrg_A,Austin
VgOhaMjlNPHvD42hub5acg,Austin
ipa-qstMW6bVK80jwtxEmQ,Austin
dwviDKHizC59RL0kc0gZZQ,Austin
wqkQb1W6LWmIPtonL-UfSg,Austin
0fZWzryJ3rl2ZYt2ghaZhw,Austin
VCW8TwfqNILjdryA9WvgCw,Austin
6TXO5uq5HiL2saB9x1A1hQ,Austin
lMaUw6e-Z8xrGTKJPtfqHQ,Austin
VeNeQW2qLv1yYFCcj-e4gA,Austin
bnrIp_LjQGU4Pr_jxQ0L8A,Austin
6hJFkAOhwNVNUDTouoIi9Q,Austin
xLFZRZzOhK9NnNe4fKiu4g,Austin
wQWc369K2PmLO6xOVq_Obg,Austin
Z__CuBnOUh6sZK1VbN7yuw,Austin
rGxEwl7JyhO6TcxKTZKT0Q,Austin
YbUFokPONuIjlmRjcEP4hg,Austin
bdVO979SkLtD-8WUwLJvyw,Austin
dHbHgRP_IMkteNLFDEPLRA,Austin
_HPywFbuXRnsn0okhSUz_Q,Austin
ATy72H74u0INxyLVKjROgg,Austin
aaFyXembTx3Rlrc90v85OA,Austin
fgbF0019WLVNkROQYKO2hA,Austin
r8qF706jLZJPYsAax97uWg,Austin
d3fTZlLftkKEyAAquDdjXQ,Austin
gD_zzyUBUzaixFhtgJSYwQ,Austin
jHHtX5Y0ZGiZjr1l1T63CA,Austin
_dW0P8IO6zNlZ8ok2_lLlQ,Austin
flZTxfw3wnZFJQSzAs6w4A,Austin
0Sae9usEzcN_a8oUESh-Zw,Austin
oHnPSg4hZuEY7bS9hF-ObQ,Austin
oBM_F2VBJ0aJmYRrymfkDQ,Austin
Aiv4FvaUHM8naCcZDQ0bwQ,Austin
-zah7sESl3j-DlaeWCxlwg,Austin
UV20scVXFAQ05t-p-jITzA,Austin
23U05wEoXpmEcmK1atW3MQ,Austin
evScJugqoqS1aJtk00xdlg,Austin
HBqDfSl6bXCP3-1FCxFcRA,Austin
XQmp3VKIv0ur7L10ww2D0Q,Austin
Y6b9VpYby1DJT7ehyFFI2A,Austin
xgLChElqzFpXFiX88xpGcw,Austin
JPubgbcr281-5yvJ_uUjUw,Austin
maF3WIXcjFDV4Uz-UtocaA,Austin
DmlBZD8HopI3IOmVIgQc0Q,Austin
c57I5nf5qN-9edeQ0DHgLw,Austin
lHd1y8PIbCsEC7iN6Kz1dA,Austin
rrgiePeOr_OIldmN3cQQMQ,Austin
0b3cJWJvxiPVNGtypD-R0Q,Austin
AbyrDHsPAqw0fkoaXvm3cA,Austin
-fuXiAsuFXAhGAtylIzx-g,Austin
jF8oZmmn5XQxvbDrWwuw9A,Austin
g3oc6w46uCjwp93conj_MA,Austin
ZDUxyfgUqwLa1chL9rXLdA,Austin
dprgT-uavnJaragpO6Qo6A,Austin
xS15pgsbr37ZapX2QVCexQ,Austin
atnoMzlUpAD5-5FE2l3ixQ,Austin
-ITUJZMdawn-o-Pr0RVFeQ,Austin
JGh719OvVOU4QN4z2oEVOA,Austin
92qMecBEAf6Rz1OzyNpEHA,Austin
V_qJ1okqjv-IP6QoGBxsvQ,Austin
Vxx6d5pCxQwnykFm2n0V5A,Austin
UaTUrI89tnZkpthlHnnn6g,Austin
8YSlrmrQrFP-YMwJpjjPNw,Austin
Ujvi1Y8ceNrpb_YHHz5Rxw,Austin
xDNTw7GylwP9C-DmdmeBNQ,Austin
ZhmRxlgYv6ix2L7KpR9Vxw,Austin
-nCiGZcdPYN4MaPkEkOXLg,Austin
TpehoHVxKWKI2gtSi3lIXA,Austin
gYbt-BTW6sT_gIt868p0Jg,Austin
vxQwIq2oUAcw8fslV2lQyw,Austin
6UkZH7JDqDjLo8LwCV64ug,Austin
SeB75-vu_FLJ_B9VRIojaA,Austin
zd-WsN1QaI3Os0mP9C1VOQ,Austin
0LSZU_vHOUgCvY2owb1skg,Austin
kxIKmEmUBC4rtogMAkIIqQ,Austin
vt7eEd1RlEslvO4fh5-cgQ,Austin
Y-kEal3Fj-nwV59piwhs8Q,Austin
ghwAckMm6mQkmeh-9YjNbA,Austin
VWmJaOlIUqdziFc-oi1_LQ,Diamond Bar
79gZ4PNx7uWlAm0AknVxGw,Diamond Bar
Vx56zTYCabczHZGtC8fWgg,Diamond Bar
rxUET055GY0LeCEt_SFYfg,Diamond Bar
iq4Zzr5JSx80AxYt8FBJjQ,Diamond Bar
m6X97LPhAV1UJqXP0zwVzg,Diamond Bar
9NgExJ9TIBbw8rg_MbgOJg,Diamond Bar
UgV0UkkqQ_br9sJnmnzdMQ,Diamond Bar
qqo-8QqBos3C-iuRgmrdtg,Diamond Bar
kBdrMALnBIUMiFxznILkug,Diamond Bar
INOQLQW6G3vuvgYFEPIDMQ,Diamond Bar
7A5u1V-E6gziiUTX_xbLWw,Diamond Bar
fla6e8u14hZwO9FBjUBPig,Diamond Bar
W8FRT4NJmfNVK5E3YoAzUw,Diamond Bar
eS4SdGwj-hkyloJNE7mMyQ,Diamond Bar
Y3JlKzzYNp_RrfyZtRs0nw,Diamond Bar
b9PNBBiHXJaFKMYm4rENtg,Diamond Bar
ZIGPu6pD3fnCSHa33scq7w,Diamond Bar
lRnQ4QJboG8WCYa4T7Qhkg,Diamond Bar
ZAFyp4Zy014I2Auy4pg4Kw,Diamond Bar
hSGVUiz7_mq-3OZppTlsBA,Diamond Bar
3_thy7dE3qEaNXtSAwJFbA,Diamond Bar
-WEUWM5mULSvFmERyRkZdQ,Diamond Bar
748felb7KrPqo7cbZXNXPw,Diamond Bar
TMjNnI9zLxgWXApqAFbOhg,Diamond Bar
-NOfadrzXjYGY_0rn74J1A,Diamond Bar
EHBY0vhJ16oUqRwE-VA-fw,Diamond Bar
mPEZzm3LDN-2DuZLp4375w,Diamond Bar
m5NcfCr1eUXOXDkFKA61eg,Diamond Bar
CinNwt3tKTl87jbsmf5svg,Diamond Bar
SzDjAgmu5-QVVEE0IDqjSQ,Diamond Bar
YFQx9naDKx48NUCOz14gJA,Diamond Bar
UOwKktGo_ajI0q2-OjM37Q,Diamond Bar
0Ybw-x_kjJThJsGQtW5G6g,Diamond Bar
cLgDhE8rCeQM5faCyKs0Pw,Diamond Bar
4FqOlaAMmGt31Kk0yVPWnA,Diamond Bar
bY3eE4wu6dxjUwox_KMY7w,Diamond Bar
ZLFHcW8ZJNRHNXC3Mf56Jg,Diamond Bar
buQ-z1mj3sgnFX4xZ6xlmQ,Diamond Bar
wC1Zcx_ogJQ7bY_R15ICBg,Diamond Bar
_Lc09cPAmQiZHEhfvEqhlQ,Diamond Bar
nSgj_8MaWzwk4Fa3rAhLaQ,Diamond Bar
Z0Zu74LupQgzxOGj1TQY0Q,Diamond Bar
ayCankRSD1n0486c3yckJg,Diamond Bar
we7lm8FbkqX8uAvn11kX-w,Diamond Bar
XnoYe8VvFWWrhnsw-G7y8w,Diamond Bar
5XTmLlkOVuU-e5sW2vFGqg,Diamond Bar
o7dNI8PCMW7pg0ipc9JVTw,Diamond Bar
31fUsfFszIL6ceSAFtZ6Tg,Diamond Bar
VK_aV2ryTbq66kprx0US3A,Diamond Bar
yDxLhQV2UXc85yqwmneT2g,Diamond Bar
iArNeqpefBl-sUUi3t01cA,Diamond Bar
XBm5UvHZNfzlml5mfv3nEQ,Diamond Bar
T4pzhAWFGRdbmPPGEBoNcg,Diamond Bar
dpWxfeTn9Sem_7neTCatoQ,Diamond Bar
5TcR1b-B7dUO9uEjIHyusA,Diamond Bar
cFxkDzfDl1XVDP2Plrx0RA,Diamond Bar
4ojKJYCiEVLCkinDgweomg,Diamond Bar
_3VcdFMki_TESszaknlwgg,Diamond Bar
ePAlErh6fhmqTENVJIIEVw,Diamond Bar
iyE0skFjZeCUrrv5Iy3hEA,Diamond Bar
YmYDDfUWtIgSuhUuVgAU_A,Diamond Bar
9hwmIuCARm87ke2WxOX2NA,Diamond Bar
-btrw7NRjhz-M47OPg4WNw,Diamond Bar
bWSdZZkm4N5t9OG6-x5Eyg,Diamond Bar
CAcTus4AJg0u67UR_3o-BQ,Diamond Bar
xXXcb3VbZOoH209NwnbBPw,Diamond Bar
6UpFis9B-5Z3ggNLiO3xGA,Diamond Bar
B8CsdXqoTr9LuglH7j44yQ,Diamond Bar
arU0hzV-mYssXkO0RjLZ9g,Diamond Bar
wh71ml344z9Ii4h2Xp0vXw,Diamond Bar
5TVtRdCV7rcc43-6sYt04A,Diamond Bar
ZzwICm-iX9BLkgsSHC8rng,Diamond Bar
90XTK6MCuNL3ONlXbh2h5Q,Diamond Bar
UTYzriAP7j3DGkaGgZAC-Q,Diamond Bar
h__vihvj5FXJoagmMLuyQQ,Diamond Bar
_IuATa9F7LuwcR6HlJ8YqA,Diamond Bar
sHwNWgaE729STcXkIOwrBQ,Diamond Bar
YMJXHlxv5IftZ6tuDdx8Mg,Diamond Bar
boiTN0Gr_maT-3HV_aJgWA,Diamond Bar
ImNxlr50akOxStlAbX1Lhg,Diamond Bar
imaYTeFY4YqAfYn75LNLfw,Diamond Bar
oPtFz8-nslqfx1_X9C2tgw,Diamond Bar
E6rW2M3YWyDAZAY8Po_wsw,Diamond Bar
2tsyrdg4YV95zYZ1LC2NaQ,Diamond Bar
SuXfpZjmoXTpz2L2ZkmrYg,Diamond Bar
jBK3vkQw23VySx7UKMv_lA,Diamond Bar
o7CHzTWwt-sMHHK88e_MQg,Diamond Bar
cRJGoRk7hKZSDRNvdvVlLg,Diamond Bar
bKIW_l7xX9NygqpRyH314A,Diamond Bar
Cp3x-OmNLS5qkpQyuUFTSA,Diamond Bar
hZ057A9CAwswmnpZwES7lg,Diamond Bar
2_78oLjMTItb4Q_W01KMlQ,Diamond Bar
UXXx1wQlntZ04Rgti6soDg,Diamond Bar
24QB-ww4TjY27zO7zClb2g,Diamond Bar
4CDoQygIbPJXOXpsPne3Tg,Diamond Bar
nzhB6WwcmgrrRI6KwSy10g,Diamond Bar
iQDeayyud7ZTGTq1ktJE8A,Diamond Bar
ny3gSTJjeiuDnFOGdjxSqQ,Diamond Bar
rJVF1UKUzRoTeLtsl-SDQg,Diamond Bar
