a2e-kbevTmEBS34nQWe4hQ,Réunion
nkNWTk8MY_hfVB4OD7WNog,Réunion
3VqbIwkbDASi_wwR3mIDbA,Réunion
TsTGedRpv9PFBSZsO19T3Q,Réunion
0S0j98wl_9xT6j-TEvE_cg,Réunion
kVXCl_TgTufeTOBQcvT_sA,Réunion
ljLNgi-hQgTKQlyUQtr1fg,Réunion
nrE1zPAYvyfzq8VGwUBcCw,Réunion
7OlczTDg__ZeRBTHPAPKYw,Réunion
gbGZnQgbA4LhKFiuW_RpvQ,Réunion
dT3wQ3RxsfPJUsTAdWUqTg,Réunion
6TBXReW5XyqXPq3FeQhYog,Réunion
xNXE88oybpmxTN9vKoE7QA,Réunion
qz6Rwcmm0Sqg24kYNVc4_Q,Réunion
7S6TQ_7aCzLcj6vXALUTsg,Réunion
h6t3fMhQ-sjymbTzGW3jCg,Réunion
dRv5RFyY-BKhQcrxORNwpw,Réunion
AV30A7CNneCTS5mWPjHRpQ,Réunion
8OXDXjvMJ4SLYQpgGj_shw,Réunion
EDKbowgrOKZLgPgsGSI_Uw,Réunion
016tJbeJTjQUcFfmqUuFiA,Réunion
8vK7qjZnFKr2Z1g33MU-Jw,Réunion
xeWIG_chwIoDDORjjw6lYg,Réunion
TfyEhI7xW38f5UXkCgEboQ,Réunion
wNyHTwunJEHvrnOqHgVRdA,Réunion
TynviBbBe8LVDWmwref0bQ,Réunion
Y1aknYzzI6B5pD71HZWpbw,Réunion
7sjpOKhViKIQxE0-fan0Kg,Réunion
ITv0M7SOEZTFYqDVwK2GIQ,Réunion
ixJOrjqGGZ04BJUwPWF7jg,Réunion
0dAgAs0Kqn1cqms-F4nvqA,Réunion
7MJA4ajLB0oNqMmqOBJ5jA,Réunion
xAfkyfqtc285Vkk4Sx4VEQ,Réunion
5drWW6_d6GCcKKGg4CxOEw,Réunion
Wpoenp4bAvBInUjuNZoaAw,Réunion
e93OM3a6nxq2ndCuIHVR1Q,Réunion
cJlzs7Nj7RHdQJPZlZpnaw,Réunion
mZGEMv4H9MDWVNYI_sdnMg,Réunion
xmd5gYhwUmB1yYAx1dI8Lg,Réunion
IYmbdTBeyQgQ6cd5CTlwwg,Réunion
jzpfWAF3ryTIosa-SyKd_A,Réunion
yEZBu28UKUsKKNDxILcXRg,Réunion
heIeKGUkThyznKkkAlQtyg,Réunion
5fuCNK56S7cEOeb3j9akBg,Réunion
afgtzNV9Lxi4bzhAjBNAbQ,Réunion
4vfoLiz6ls3tDOAxQPrW7g,Réunion
-5ObOZLsl1w9rrQ-FC-CzA,Réunion
d_ivO8ksLlTiV_n5GosY0A,Réunion
10uljR6wkPe1bv3IL_YqNA,Réunion
rFC_jZ5QIwJ32foLJTKC5Q,Réunion
6QiWi7MZSqvvZiyJyCXU8A,Réunion
7ettsobvpPhOSw8UqAbOkA,Réunion
-gBqcZQyEGQTVkOQyRZlpg,Réunion
VMQSRk7DnkO6uTUk7mOweA,Réunion
_jrNK-3ZBnv2NSt_30evXA,Réunion
cLOowunPsG8bJnpl5SF_0A,Réunion
oDFiT7OFbFSfqFVRlnbHJw,Réunion
frfw8D2LW6imt5WbGli0QA,Réunion
jv0Vs5ZMsP_y9BGAKuG02A,Réunion
W4DnqEzNtxZh3xnGwceWdQ,Réunion
0RymVBi8005YvB4y5XDDcQ,Réunion
g3B2d2AgVevyW7OGfBEzwA,Réunion
_-O88pJT5caQw-S3ExT16Q,Réunion
WSITKtCeig26m1c91gGaSQ,Réunion
0m0q5vpl4OW0OVKcW2bGhg,Réunion
oPBtKGgrFWBFvoxB1H_Q1A,Réunion
AaOxQkccE3eSJ5mfsQIZrg,Réunion
ijV8cht0_Z8LvPPKAhnxEg,Réunion
auxv1C012VqcO6Z1N__fWQ,Réunion
Unoo5Avm3-MEnY7VU6XpaA,Réunion
EImDcIL9aeq_BsEtpsZZ9A,Réunion
DZ6CDLomsyR86qWnfcy4PA,Réunion
gbr2Z9jM_FsAPqzlr7_G2w,Réunion
aGSaJ5QFOfKXK4kRL508BA,Réunion
86tj0AZLl21loGFBoq2F9Q,Réunion
3Dpq-RzpumYcF6SCxclWDQ,Réunion
CHT7EBRKRDWUh9Ol0PNlFA,Réunion
dXSWUc9KA9Ca81CE82WAzw,Réunion
AG9ZjrrZ_QX9GNXbsff43w,Réunion
9NsN5s_12RkVjkanypPh6w,Réunion
sEXoOImDyWa_GnD7zol_lg,Réunion
g0A__zShQN8J7oxJkQqGxw,Réunion
VYb58Vd8UK3zz2yUyecXgA,Réunion
vxi5i4upIMyB0sXOSgqDxA,Réunion
UlK0-23THkHFqJPfWKzyqA,Réunion
lH0KJIuGbO2dp708GPYWYg,Réunion
-wwoA4bS4HEDDKdTvqgNpg,Réunion
BIV3aQVXwDWd3wAbg37oBg,Réunion
7_8UjNV19j_sgm3IunU8Xw,Réunion
_NcG6xp8FuE9nJo57MBDLw,Réunion
wfAASO8SqwB-A9y8Y8GiSg,Réunion
_flsFVHfq1VNK2sReSzawg,Réunion
k7PjxUD91dFvAz9t5qbsnA,Réunion
b9nYzcaMEj-8G2Bi22z7vA,Réunion
J0d2qi0-lb6EHxy12B0T9A,Réunion
WzNLihQqwt_rOKw47dajVw,Réunion
wqPmTfUAlXepsEg1SnxS0Q,Réunion
ZoKohIDT-u0gRki2wP17nw,Réunion
w35j6SywyF1Raci2vWKe5w,Réunion
A3_0GH_usVQQo-stKglpZg,Réunion
lzK3iXnT-3SBVXQNf77tUQ,New Aquitaine
-GYFqiaMwJwb9tpBBWz3sw,New Aquitaine
mB6PHnrvkHxcBE98CYyQ5A,New Aquitaine
6Q4PjfmE_io-8Wh7VXhLNA,New Aquitaine
Tx44fpemjKej0olwJfntkQ,New Aquitaine
j1TWZzRgqF6LsYlGsESS5g,New Aquitaine
sewvc29Vb9D8tPIi6TJQJw,New Aquitaine
8TgxvGDYBo9hSALLcFAAyA,New Aquitaine
WceL0IHGadUfnFihJeC1zA,New Aquitaine
_wyEoa841FoJmsaptB51mA,New Aquitaine
Zl7YVxogq1Kxq_WJUlMWdQ,New Aquitaine
dmaUFAG5QQHAsXHMxnDR-w,New Aquitaine
o3UTrg_LlBk_TtxBokrGUQ,New Aquitaine
xmuqZFLHU-wqwreskH42kA,New Aquitaine
lhPzUBWyabfethLDQO2xZg,New Aquitaine
vl6BuL-fuj0CghEYHVuRcQ,New Aquitaine
HZGUs_hHoJiQTdYvg2Vyyg,New Aquitaine
0UbxgCzTfFHjPIcrg5GJVg,New Aquitaine
4fqQK8XDinakcDxS3YtBlg,New Aquitaine
4uD4E49O2Q6uWeoxupMhAA,New Aquitaine
y5OaGZDZRAJ2Y5IoGEmXEA,New Aquitaine
A40vaJMtBGZi4Lq6DLYPHA,New Aquitaine
2rY5vl-CyveBWEeJfFlGnQ,New Aquitaine
wJYAhNX4gD0Q4E4qJP2vbA,New Aquitaine
dETC6c9RBCRJuC_qw_8C-w,New Aquitaine
A7nraGd1_xYDCPUm13v5Wg,New Aquitaine
x0rmt8rnP_DxJvjOw_NNXw,New Aquitaine
4ylZwXALZPiNpNYVS7aUdQ,New Aquitaine
4ygeJDje4vSY2_cFFmaW6w,New Aquitaine
ZuaMrV2YMH8pZPYH2EQYdQ,New Aquitaine
VR3kxNnhR1a8odDZG4CJUQ,New Aquitaine
kK3nRITH-OFi7MZUN4i-dQ,New Aquitaine
Islagdqu9tYjV_-bovYh_A,New Aquitaine
d2gLm1Nkp_IQG6m5mTFZUw,New Aquitaine
4H5ruWXvQcHyoypkK-CJdw,New Aquitaine
TyfJdfQZkwjt_V2bPP9j8w,New Aquitaine
EoRxyvAI2Qyh8n4S6JGE5A,New Aquitaine
YMdND76AVa7PYfTo487Kmg,New Aquitaine
DobzFdcMMHQkl0j7Mg47Hw,New Aquitaine
2oevOgRCxvZyQhSbou3IaA,New Aquitaine
BDQfUX9GZiYVmyLXzQz64g,New Aquitaine
AEd2Bht0MpOQl97t7guhTA,New Aquitaine
Z78BddtxE6568_kQFt3Giw,New Aquitaine
Z7ti_F46wHxoePT0V4OY8Q,New Aquitaine
ayYEC9J5fVdH7y0zCrzaMw,New Aquitaine
ilr_0-xxI8noPANK0PKz5g,New Aquitaine
kWdNjYoA90CjUGEC6AiISA,New Aquitaine
E2zDDjvHGidxzHIoX3dqxg,New Aquitaine
hqU27rMo-VMG8T6M75Q01w,New Aquitaine
llyrDBWs4WMMsrk_QG8UUA,New Aquitaine
BS1v4NurGShkj-4-vyq7nw,New Aquitaine
8PBEh3Cl4V9dKh5GGRJPKA,New Aquitaine
9XXbdG-ImfPLy3UGwsBCIw,New Aquitaine
85_dy8cqkG-v3gEfwuzhfg,New Aquitaine
E5ftkOISvy2blFoFcA7DDw,New Aquitaine
D0LRHg3ns7ulflk3ZtUAtA,New Aquitaine
z_TS_y85KBOrtw4rHzuZTQ,New Aquitaine
64uKlyuXIoJPuGRa01Q4PQ,New Aquitaine
6APOqF2p2H2JevPwWMqtKQ,New Aquitaine
EE5LUgk8eK8dxaHWPNDAtQ,New Aquitaine
E3d7I3ZiibBmD_JnAQZ4lw,New Aquitaine
wwKXiAzRvcgfbf88IRe-5Q,New Aquitaine
JHsqUSWYPda2BzzQzwE2AQ,New Aquitaine
YIj5FIcSOpd3CJkIXvvmzQ,New Aquitaine
zZ6PE0jTeLEVteVCRrvy2Q,New Aquitaine
iuvFVzs1J73cdj1LuvZw-g,New Aquitaine
Uf_x-kpnF5kzSJmyc8za6A,New Aquitaine
ZgCaQhybpSlZ099mgd1EUA,New Aquitaine
CgUYUsWSu9RYagvCsew9iA,New Aquitaine
hTOTD5Lq4Io1nVY2uLphMw,New Aquitaine
1lebS7gjsjyIB1PROVPtdA,New Aquitaine
Hl9ZasYDlmePqVK7Mf7EVQ,New Aquitaine
jxv8FjawZnVHnfQAQKrtCQ,New Aquitaine
nxOhG61nxB_4xdyD5NPRTQ,New Aquitaine
hnXcbNXer0yasjku6aObqg,New Aquitaine
b7OJG2Q6F0TFxpMtYcHuVw,New Aquitaine
ZCTwj9OmWiFas-5wl4LDeg,New Aquitaine
Uqq0xwJN8i7mPvwgw92GbA,New Aquitaine
7gGO5gEt4wFcUic3vz_yQg,New Aquitaine
yMotVU9My0_wuzufOXuL1A,New Aquitaine
jdOvAKbp70KhsGCRNAcxxQ,New Aquitaine
AS-hnMDl4seCdiuQ8rLaig,New Aquitaine
IytGhqr8teuHao9GTPb0iA,New Aquitaine
0PujI_uTWGX4FBvJzCChNA,New Aquitaine
ix1iue5XRJ6xCx96F3s9yg,New Aquitaine
6_HVNk2Lnw5XXc9CQDIPmA,New Aquitaine
0pVtqxlSQg0X-LkPYBz6Tw,New Aquitaine
IDsWTC3XIRY1pYj2lTupjw,New Aquitaine
hEavQkH5n25MWER-9Fe8mg,New Aquitaine
s8U6DqCkTFX864InH5xZ2A,New Aquitaine
WnT65_8O1q-Jzvg3ZekdXg,New Aquitaine
WM9xAI0SA7OWuxcPSNyhuw,New Aquitaine
k6pwSQsr51SK2ngq2gQAzQ,New Aquitaine
eJee-4WNsZM80_skTov8yw,New Aquitaine
z7OkIiQLI0eVSLGqOUTGIg,New Aquitaine
D497V1INu28wmifP03x9gQ,New Aquitaine
6gi0TixdNUkPI4tjYsbUXw,New Aquitaine
4mtgmB1AXalavjjG7Mzt2Q,New Aquitaine
jO-Z4fLgkvKx9s-8SIk4Ng,New Aquitaine
HmBFMa_P7Xhse9woZUlbQg,New Aquitaine
6JaQyykUYeza4enCItjB5w,Provence-Alpes-Côte d'Azur
W0S-HV8Wqh7tv83epgdtzw,Provence-Alpes-Côte d'Azur
_AJmJstStUtnqjS1yvS65A,Provence-Alpes-Côte d'Azur
6Ov9ZLF2lkbhw1JONilYjQ,Provence-Alpes-Côte d'Azur
U6gQYYYguGNnsGc8N5uN0g,Provence-Alpes-Côte d'Azur
fIhnluky1GXQFFrUEbPhmQ,Provence-Alpes-Côte d'Azur
verc1hybd2cKgT9rKY1Z9w,Provence-Alpes-Côte d'Azur
D_HMcurQcT4_0O-L1oZjKQ,Provence-Alpes-Côte d'Azur
w5IUCu0Kc77ypL4M6JIflA,Provence-Alpes-Côte d'Azur
sj-ZSw4TbaPN_FiXx31BAw,Provence-Alpes-Côte d'Azur
0XZGbM9oDtpBjlJO9L093A,Provence-Alpes-Côte d'Azur
ItJoytyAIXrmhrBI2MwJTg,Provence-Alpes-Côte d'Azur
b6dkflTa6pejcMq7Zl8ZZg,Provence-Alpes-Côte d'Azur
CQ3BsUvDmqC-Dl6l2udD8A,Provence-Alpes-Côte d'Azur
ID-9eM0nxX0RJQRenM-eCw,Provence-Alpes-Côte d'Azur
8K4jVWav8jokdd5jdD_4fg,Provence-Alpes-Côte d'Azur
lSLo3EZ7ZX70s0PHxXyq9A,Provence-Alpes-Côte d'Azur
-uAnG3Yk1VxJDoGVk_lc0w,Provence-Alpes-Côte d'Azur
Hyr6TpOvhDZchG2GysxJUw,Provence-Alpes-Côte d'Azur
4E-Lt1k9tWkYYNAXWqrVsA,Provence-Alpes-Côte d'Azur
InQGZqAIyUeCnxNgG46aQw,Provence-Alpes-Côte d'Azur
dYByT30EKSyL3nTCx8695Q,Provence-Alpes-Côte d'Azur
3A9I27buzxIkHUVApzlzyw,Provence-Alpes-Côte d'Azur
rWJBCGXt4RHIdMaO-iOkbw,Provence-Alpes-Côte d'Azur
f5JcIRwEtdRyBEjffcORfQ,Provence-Alpes-Côte d'Azur
a_mKydD7NNzM3EnfOeEYcQ,Provence-Alpes-Côte d'Azur
fih4c6oIbHUT7SCdmv_WPg,Provence-Alpes-Côte d'Azur
wGUXSsF5WEkglw-lmWxo1A,Provence-Alpes-Côte d'Azur
lhIUQwnE3AOCFhA23vwCuA,Provence-Alpes-Côte d'Azur
ZZQOqXBVvT_3T6GvJ-NHlg,Provence-Alpes-Côte d'Azur
n5i6osLJaTdPQIvWH4PSkw,Provence-Alpes-Côte d'Azur
mTR18AFqfDzFMjjLASqh_w,Provence-Alpes-Côte d'Azur
Y1vNza4U6D2j3J0eGbGjoA,Provence-Alpes-Côte d'Azur
DNIOLE-IA0GV9d1GCpV5kQ,Provence-Alpes-Côte d'Azur
cFr-vwkb-F4iwJW6duIBXg,Provence-Alpes-Côte d'Azur
8hhQixMVbu9wLaOHqpXVOQ,Provence-Alpes-Côte d'Azur
wVXKKssglonSsDqu3Z8QUA,Provence-Alpes-Côte d'Azur
gwfCzk4zy6CjgKCeYla6rw,Provence-Alpes-Côte d'Azur
IN3QDE17FPgZ2Smp0aLy3Q,Provence-Alpes-Côte d'Azur
n4Itf6mp_nlO8Gnj7pS3NA,Provence-Alpes-Côte d'Azur
eibSbKAckjPTxB4-6LV4ig,Provence-Alpes-Côte d'Azur
cP_mOrNO8MTvdvkGzhHUoA,Provence-Alpes-Côte d'Azur
4Tahs-yUaVmxWOKDJROOhw,Provence-Alpes-Côte d'Azur
7_J9fWR-ZdXMEQnzheFw6Q,Provence-Alpes-Côte d'Azur
fvpZ-H2pcFJC-93JBYieow,Provence-Alpes-Côte d'Azur
7Qmh5C07pGd1BSvKNzPixQ,Provence-Alpes-Côte d'Azur
felqRyZqo6_Ldt5wetb36Q,Provence-Alpes-Côte d'Azur
1Q96_6DahEigsuLBdriaSA,Provence-Alpes-Côte d'Azur
_L5jipPEsks-gTiECRO8iQ,Provence-Alpes-Côte d'Azur
EV1P4Wuun4rV1JanQ9E2_w,Provence-Alpes-Côte d'Azur
oEUCCMAg2NlHSCca0PS9cA,Provence-Alpes-Côte d'Azur
YcwloDpOVw3hYk6MMuMNoQ,Provence-Alpes-Côte d'Azur
kguaRiGEohEywGuepj1bTA,Provence-Alpes-Côte d'Azur
nVvUR7wryKes7B4qOzfgCw,Provence-Alpes-Côte d'Azur
7mFNkH7W7FVwZQ5gz-P12g,Provence-Alpes-Côte d'Azur
huJXfz8zGeqmEKUyq6Tx5A,Provence-Alpes-Côte d'Azur
WfODH94gr3PQLyHgWJpTPQ,Provence-Alpes-Côte d'Azur
8phSiT6FskF1xwchJmESgw,Provence-Alpes-Côte d'Azur
_kKrmsRsp3RluNN_5r_IEQ,Provence-Alpes-Côte d'Azur
8FeAdrcWz3_Qimcg3eGleg,Provence-Alpes-Côte d'Azur
1MZe0FpiNydTGB7MXdglHA,Provence-Alpes-Côte d'Azur
xylrO_tov1y1kaiw5I20BQ,Provence-Alpes-Côte d'Azur
YqQVzJeBEq1ZuLVqsoaXJQ,Provence-Alpes-Côte d'Azur
EgOhMdnAVl3z_aKFb3WjiA,Provence-Alpes-Côte d'Azur
xVfzH6SFqZNaS7whiu2UrA,Provence-Alpes-Côte d'Azur
lekOS3TcDhMSMt4YYSoxMA,Provence-Alpes-Côte d'Azur
58Rviz639kROvcnbDDeaLg,Provence-Alpes-Côte d'Azur
AXsiLqdgG2dFnjzykcRMTw,Provence-Alpes-Côte d'Azur
DgrN2Nr6v3857Sq3Pfnhjw,Provence-Alpes-Côte d'Azur
EVBmZ_uit2W6nuX533gjWw,Provence-Alpes-Côte d'Azur
lCoxxCBW2A757hk8J1kE8Q,Provence-Alpes-Côte d'Azur
eJEp_DFvOC9lNDHiCHGEZw,Provence-Alpes-Côte d'Azur
lB81va0KDSkNzAsS9MkoQA,Provence-Alpes-Côte d'Azur
0Lbtz73wxJ9hpRWR-O2YdQ,Provence-Alpes-Côte d'Azur
b4XCs3PIaNFQcrxaRBQ0xA,Provence-Alpes-Côte d'Azur
a5QwDPxNOzxtWXYG77zxxA,Provence-Alpes-Côte d'Azur
7vAPzWeGYI_u20fcROMcVw,Provence-Alpes-Côte d'Azur
cvQkgNVPWw3_EaWHMGrQHQ,Provence-Alpes-Côte d'Azur
ggA7gx9ImwzvJMi48zhexQ,Provence-Alpes-Côte d'Azur
CY512wDPzCweycghs0bbkQ,Provence-Alpes-Côte d'Azur
fBJHsrCQ_GY0VVWMGd-4KQ,Provence-Alpes-Côte d'Azur
UEt-tI-lh8_hl2X_4rjnTw,Provence-Alpes-Côte d'Azur
-aH6hcT_3DqNtceMbUting,Provence-Alpes-Côte d'Azur
zO00FESKtjEjac7rho5qog,Provence-Alpes-Côte d'Azur
BEwgjzKlW8qwA3wGj8O_fw,Provence-Alpes-Côte d'Azur
2ioW1HjgOsFf0weNIsMILA,Provence-Alpes-Côte d'Azur
eEnTi-d1_RGL_bG043ZDMQ,Provence-Alpes-Côte d'Azur
4uRflMQ82vTfUaZaW9FLTw,Provence-Alpes-Côte d'Azur
ETK8AM1q_dsO9c-oayt1vA,Provence-Alpes-Côte d'Azur
U9FLNikIyuxrWu0hBqx5NA,Provence-Alpes-Côte d'Azur
eAerxrz_CFBqwWzbZ8_R6w,Provence-Alpes-Côte d'Azur
Bt_-1L6UQWhKEoZ-kiokkA,Provence-Alpes-Côte d'Azur
iUrD9FWL-GvRPsC7ls940g,Provence-Alpes-Côte d'Azur
0RqFCSpsgAUXykJOqqE8HQ,Provence-Alpes-Côte d'Azur
jo3uBL42uJmW2zEsAVuVNA,Provence-Alpes-Côte d'Azur
bGp6rJ7ZOoRqbP9nXDYu0Q,Provence-Alpes-Côte d'Azur
mkfgQq6N2bslFzAjVqntlg,Provence-Alpes-Côte d'Azur
-0nB3v4zoCEGF1dlCBoYUQ,Provence-Alpes-Côte d'Azur
-TA8r7we_enhCJ6kHJdzZg,Provence-Alpes-Côte d'Azur
7axZPWEOXp-Nq4exLMfPew,Provence-Alpes-Côte d'Azur
e1Qz5jBjIzGTgTPA-Kal4A,Occitania
w2HQb2LdnFTnLPhFlCB6aA,Occitania
ArVD_nfGA4uGbKHFAxaaIg,Occitania
gAK0vcTfjQqpcoFcJX8d0g,Occitania
Er1xvnwbaP_xIj0U_fVqnA,Occitania
srsNYRHKLBglxKnGS5WVgQ,Occitania
I0o2zkhYJjJzLjsomNfEqg,Occitania
wK_hUmg_7uFN6RdHCTnl5g,Occitania
HaMV9wrb57xFHJBVtIfUPQ,Occitania
aNphjCtT7Zuk1NcxH5CCiQ,Occitania
ftfhuO0DHb2ZVX8FHZF3xw,Occitania
XvgAAeatjeDZ3zVgpgzCzA,Occitania
dP3iJU8rVXho3CHTh3_Q4g,Occitania
YraE4Guifa5Ze1O6Db3q8w,Occitania
hxrmigZQGKa9M-2Pn1ErfQ,Occitania
1zHE5E4azuUVLJ6nbUktCQ,Occitania
bbR6XQoaDbzSl7V4WuLtAQ,Occitania
f_9Du1B01drLPB1TK-YK0w,Occitania
V0dTpGI1wp58dnNgoObvOw,Occitania
1bJm9fZSvt3CNQhKJT-bDg,Occitania
xABp4UgZPWK-C3raONrZrA,Occitania
n4NkHsdSJ-7-zLbY8XW_OQ,Occitania
z80G0yi_M0epeakWCQ5dRQ,Occitania
YJwx5MEMA2QwNz8iGIcrTg,Occitania
VKlk1LgYCmZQitpw66cN9Q,Occitania
3epZTff_HNTLHCxdID-3Ow,Occitania
y0KmQ-M0kbLHfWr1Dw_t6g,Occitania
clvwz52V6bD3bHANg7xadg,Occitania
jyK5yvCCcmmp9e-4hEIk2Q,Occitania
7gN2PPp95HCFH95vlzUWMQ,Occitania
YZUkgYJoX31W06rDxH6hNg,Occitania
nVT_mhvZ9981uz8CHJvGKA,Occitania
gz2FCZbXh04fdgdvrO7fJw,Occitania
Ao754aT-MQnvSZQ_lRX1Yg,Occitania
VYVxVMklgfeCq7GlkHgr2Q,Occitania
3ktL-K93OpkjAQLKqzm6WA,Occitania
WWGI7hNvaLSih9Nbog548g,Occitania
Hnvd4zWmv7nhzt5ziHydRg,Occitania
wEGAzOj1XTY16RiAZTIkLQ,Occitania
iSll8b2K-FzXsIxjezZd0w,Occitania
2AJZty-QcOooNkj9ouZ4Fg,Occitania
3B5o7UMZEr3Aly6gyKu7Yg,Occitania
z32I0sMB11Joj-ehpZe5QQ,Occitania
-rAcGcvGTPXTOkV2XwT_mA,Occitania
hOV9zlN71tsLQ80dyMO_Wg,Occitania
6r1VlDyYCMzpwMEqyv9cTA,Occitania
Z6lerTAFv9Shx4vMaqOaNw,Occitania
BOUpno-h-Vetzyg3AJz5Jg,Occitania
3ji_d_mA6p3V0WP3xomfnA,Occitania
d1dy_m1DctJugIPWkTNARw,Occitania
dqHtZxgEgYhMmWx5QFxVJQ,Occitania
I9JHH4v2E8yNWbsF4BSPfQ,Occitania
E5gkYnE1J8xebnAg90uCTw,Occitania
BTGz4I-Z990kU_YkMjF6_w,Occitania
w4UIN-VBhSjObdTKXhqNWg,Occitania
f0KA3wGocrmAGmKlyPU-zA,Occitania
cWIaxguHW3213Y23XnTa_g,Occitania
c1bLiGVkicYDPuE1sq387w,Occitania
YhMa0PLfrKSV-yjhb6H_BQ,Occitania
Izfwi06tR176PrkPz6-p5Q,Occitania
htDYZSWHFzKIkKNLHNnTdA,Occitania
loVbAAIdBEsd_jwtIshooQ,Occitania
WBDpX-sE_8HXQV3uYxOciQ,Occitania
_3AU38htZza-8iEkkVhfmw,Occitania
g8Wzx-SNjPwZ_JieLuZdQw,Occitania
3VPPrdK40A14_xU043mQ_w,Occitania
14CqE9I1-djsnd_AvjVCqw,Occitania
6t-AQPKtpLJDDhlniiI07w,Occitania
fVUf9maxER7Zfkdfu6b8EQ,Occitania
IBnAp9Mbhek_NiZdPJTlIg,Occitania
0bts8d-PRyzrzfVKugFbDg,Occitania
l1jdngXgnEMoW63IZxUc2g,Occitania
hCvhhUQopxblowHXv5ByNQ,Occitania
chpHeOtBI6Zk7hWkV_SABw,Occitania
h4IbkyCZ5lS6b3MlIw4PzQ,Occitania
VsibyRLoMI9Obw6SgwfcWw,Occitania
BcYMD7KFOBbfQKXqFT9vRQ,Occitania
W_9EAbQAbqx2rPVeYrUwDg,Occitania
89EA-uMlnm6DzMv8b1g4NA,Occitania
gsL3G3hM58a1w6jsZAZglg,Occitania
nmzUrwhzIyIOUFWZY7XA8A,Occitania
48OyRZPuA8qSpQUgRaGcgA,Occitania
sNPfUKGH-dvqQf0AK1kG4A,Occitania
dIl49iXSPktBH87l38WEbQ,Occitania
AUaD0F6R28GJlg3uKOG7WA,Occitania
7mXnxkSxI6gdG6prYx5RvQ,Occitania
vTQm_5Qc47TGvN2OtlPsBw,Occitania
g15EHlUSt_tY8Am1AW3f0g,Occitania
CEOAiB4jw1oUeWEg5I_iwA,Occitania
sdZR3AGGxKO8-ZVEKPLKsw,Occitania
TZaBksG5owcoBhtHLSLiuw,Occitania
6C3SEItJxBC4t4Y8OV2sxg,Occitania
X0AhEf0wei1QyeiMU2Tofw,Occitania
8pbirIQQ4LPIHzLaYYPCPQ,Occitania
euDFItjJ_x0ywQyFacpv5A,Occitania
ifdR0pSJj7WeuysHREMLEA,Occitania
U9WgU7P_TVCdij5XLerbJg,Occitania
0liZ33tSGzqvHRnVWR_Shg,Occitania
5S2T-uXUe5fErG350BZOtw,Occitania
_5YVBR0oy5AtBKC1fOeWiA,Occitania
r1DX7Rpyl_AHJSeHvpLk8Q,Auvergne-Rhône-Alpes
iMvipFgkh3hFVqcjel_vlw,Auvergne-Rhône-Alpes
dCcmSvph42V3ATXeT0p_zw,Auvergne-Rhône-Alpes
B_BZQczhDLWjfM709HTh2w,Auvergne-Rhône-Alpes
WMKfvtVWhIKOfUaN1ggXsA,Auvergne-Rhône-Alpes
0YMO1dG5oYzTFL37AVEFJA,Auvergne-Rhône-Alpes
4oNVAaFOkfN5Yh4m01wT1A,Auvergne-Rhône-Alpes
aWqMIo69bSWIbWw4LHdIrg,Auvergne-Rhône-Alpes
Vd7b7ISKWj51QcyaYekaFQ,Auvergne-Rhône-Alpes
hDsN3MaHdB6Lc-0ZkoYCxg,Auvergne-Rhône-Alpes
bi-EiROe1tealfaLHV5ahQ,Auvergne-Rhône-Alpes
l8BvnbazRYxuwGfCon9KvQ,Auvergne-Rhône-Alpes
nuETEnc5efCcogpXCaPelg,Auvergne-Rhône-Alpes
wiUKhkHV8QTM_mhy9FBLOw,Auvergne-Rhône-Alpes
cOvpgII5NIi-r3X5Gnd76A,Auvergne-Rhône-Alpes
Wyg9yHb7yM-O5ngjvbeW4A,Auvergne-Rhône-Alpes
sJB6-IMFj_BXFTGLSdFxsw,Auvergne-Rhône-Alpes
VL0xUiZIJ1XTjPaZE2PzWQ,Auvergne-Rhône-Alpes
43BJWPfFth2Mb5fJUXIVgg,Auvergne-Rhône-Alpes
9kcBZgrC4FT9KCX6xvAt5g,Auvergne-Rhône-Alpes
B9FtRds2nWzrEwc8ozYu8Q,Auvergne-Rhône-Alpes
En2RQQrZnp48KhHz2u5EjA,Auvergne-Rhône-Alpes
-c2fUB0HlMGbCStYZdHFeA,Auvergne-Rhône-Alpes
00KFzdyw_UeJvI6XOMrGqg,Auvergne-Rhône-Alpes
6CdzZWo5NAF2Dj7IlrWqlg,Auvergne-Rhône-Alpes
UtZu1nubhMskqUcOaFD0SA,Auvergne-Rhône-Alpes
JPJdKVnBiRiS0aZmEEbxgg,Auvergne-Rhône-Alpes
BSdHFq0T0T8QUKSM_PKm2A,Auvergne-Rhône-Alpes
_7iehIgSnOMDcSvxuVzaSg,Auvergne-Rhône-Alpes
AMfmVGBevP-9AN8MVCN8Tg,Auvergne-Rhône-Alpes
xjzqkLkvmwfTRirq7D3RSw,Auvergne-Rhône-Alpes
jogNDRnNNyWue-dJt65CIw,Auvergne-Rhône-Alpes
CXN6QMS-se2C6uONnaEzLA,Auvergne-Rhône-Alpes
g3CxYrW9gi0gi-IQCCmMfw,Auvergne-Rhône-Alpes
T-P_s4zsEf5gcMFr5yzf7g,Auvergne-Rhône-Alpes
_gMIHJ0UHm-PS7wnnnc_zA,Auvergne-Rhône-Alpes
hxT4h-o7ZBf1Pp1iF_r0GQ,Auvergne-Rhône-Alpes
ejdP2oVItERTBcvnVL3-3w,Auvergne-Rhône-Alpes
bLRDFLI7V25KTbwH0k4QpA,Auvergne-Rhône-Alpes
mQqWwHCLXDfoXNBdUq0FFg,Auvergne-Rhône-Alpes
vN5nMjvFqP4l2z1FZslmpw,Auvergne-Rhône-Alpes
EuBCafObQyQVhRCUptZ8Sg,Auvergne-Rhône-Alpes
wN1tEF2FotteG0LiAsksrg,Auvergne-Rhône-Alpes
VKviT4a3Frw0HdsnKIOHCw,Auvergne-Rhône-Alpes
YjTBmge5TtwKNh8pQV2UMg,Auvergne-Rhône-Alpes
yeePP7qcGmL_QntCxaWOCw,Auvergne-Rhône-Alpes
TNv-eSs5ikyYgNTtlEmKmg,Auvergne-Rhône-Alpes
U0Q2WYKw3kBqOmQHkkuy2A,Auvergne-Rhône-Alpes
Xar_HnkfAGCIbq7dQprAoA,Auvergne-Rhône-Alpes
aXCF0G5mQnCDggkGO3d2vw,Auvergne-Rhône-Alpes
3ldCjhh-HDbUspijNv5R2Q,Auvergne-Rhône-Alpes
2Wr7BOCqW1efKsrJw-Y09Q,Auvergne-Rhône-Alpes
4YqoAZHCBedlvRO8e9tT9A,Auvergne-Rhône-Alpes
IaTt0Mn7hyjDUpWPx_36MQ,Auvergne-Rhône-Alpes
nTO4ICM-njBu78MOUOPrmw,Auvergne-Rhône-Alpes
wA2QK3XUFZ5_D76hyZIIFw,Auvergne-Rhône-Alpes
1yAU765_cI2RBw3fEQY-Uw,Auvergne-Rhône-Alpes
8_1q025FsXb_cWB9M0cTyQ,Auvergne-Rhône-Alpes
Vl2uFFoQapaPASLVCHTO6w,Auvergne-Rhône-Alpes
1UwU6BpLr648i0Y6sKvLcg,Auvergne-Rhône-Alpes
dmke9nfAX8FFlmhnM53R4Q,Auvergne-Rhône-Alpes
dLYDOK6ecjJXVni025sb6Q,Auvergne-Rhône-Alpes
YlgtGwoA15YBwguRWV9CxA,Auvergne-Rhône-Alpes
ZSvy3oscxLUoUQqUmGXDjg,Auvergne-Rhône-Alpes
W_0vHgLWdcOzS4OWOWY0Vg,Auvergne-Rhône-Alpes
_2I9iErtNX2Fvax7NBIpKw,Auvergne-Rhône-Alpes
lbz1p73Pq9W2aEZ5kmCx3A,Auvergne-Rhône-Alpes
UeGDF_MKhDr8JDCGwMhzew,Auvergne-Rhône-Alpes
s2gz4TelqozlRPMMl9zhOA,Auvergne-Rhône-Alpes
jKpk3_nUsrzdlKpqaL__UQ,Auvergne-Rhône-Alpes
7w86Gzu234wZ9uRGN1WXhQ,Auvergne-Rhône-Alpes
TVybnQ3EbHWSUC537GH8QA,Auvergne-Rhône-Alpes
-QpjmSYymT4SMQWUSo7E6A,Auvergne-Rhône-Alpes
dsNYcKAh5jSG0xwNMQChqQ,Auvergne-Rhône-Alpes
Cz1baZREFaBjI8h0_duKUA,Auvergne-Rhône-Alpes
sDEA9m7a8bbL1fASINCxyA,Auvergne-Rhône-Alpes
06LQOyteJM3gmRUDE0cCyQ,Auvergne-Rhône-Alpes
g3Tp9Jjl2ZafhpmAMa_3Bw,Auvergne-Rhône-Alpes
DevFoXavd0MNZIQkukbT1Q,Auvergne-Rhône-Alpes
js6q8jgeeSXefCAs4bJBzw,Auvergne-Rhône-Alpes
56vQCOrEb0VTmfwhqZYTHw,Auvergne-Rhône-Alpes
m-qbq4VaMZ--eEzyLmR6fA,Auvergne-Rhône-Alpes
1-0eLHBizflar7NDNR7dSg,Auvergne-Rhône-Alpes
_FBAuLwUsz0QwchZtETXSw,Auvergne-Rhône-Alpes
aF2tf99moLw_1kLryWYmgA,Auvergne-Rhône-Alpes
XPif5M9mb1h0bkGbD6_VGg,Auvergne-Rhône-Alpes
7E0ZspzVpMXrDc8-M8XB3A,Auvergne-Rhône-Alpes
9MWpMmZGEC6q3AZYxdXSXg,Auvergne-Rhône-Alpes
lfnNW15VjRbH6yVrEji7rw,Auvergne-Rhône-Alpes
ABJOaIt4ETpKIWu_MwuSiA,Auvergne-Rhône-Alpes
rozaUXyhNJLexsKd4Y2TGg,Auvergne-Rhône-Alpes
-ie0fnpiqnevQ37aF8znKg,Auvergne-Rhône-Alpes
20Oa8vLVDPidzawtwGGIjQ,Auvergne-Rhône-Alpes
jAiLMydrdVwYEUdiVislNQ,Auvergne-Rhône-Alpes
YeMHIlrqLdtwp4CI_9FdBQ,Auvergne-Rhône-Alpes
ZLIJiMwK_qnVyG3Dy0DEPA,Auvergne-Rhône-Alpes
j0q4eSmkhLJIVJy9VDziFg,Auvergne-Rhône-Alpes
XUBeyCw17lEkT3PqQnKNTw,Auvergne-Rhône-Alpes
YjbLszolWP-91NacbdkN7g,Auvergne-Rhône-Alpes
4NH4m01FiGA35gP0580Fug,Auvergne-Rhône-Alpes
BfqRrdamCVDcvEMVrO2N3A,Normandy
xqphPfmhThBAEfeNwceV8g,Normandy
mhkkvq6HS0GMujf5G6tI6A,Normandy
IodEWfO2M_8fLvNwwse9rQ,Normandy
ZqUbGBmVVSGuINaYpAPBhw,Normandy
WmCZdlvEOt7I1dI0cBE5TA,Normandy
i4D8Z97dV53IlkgYQXKvrQ,Normandy
dGdSt4NemxLLz4-Sr_n0ag,Normandy
VF6GlhIhvh1dFPyHsCpCnw,Normandy
CMfy3-3Y7DIR_F732zK2nQ,Normandy
hRhRwFVi6P4rpF8jfnVOVg,Normandy
bsK17MTVHDw44QV7mQ3yAQ,Normandy
_iuml8cA98m_ApbgekwJvg,Normandy
vPUY4oFGlN6RAhGnCThjlA,Normandy
0flx4O-m_xFzpw8ahwyLkw,Normandy
b4ZG3ydXJEAjb1-WNt5t9g,Normandy
btKa4FgYFJ7O1CsFyAR-Tg,Normandy
bFTovIJyeFrfxSHAg9vh1A,Normandy
st4bd_yp0tzdZUrtixSASg,Normandy
6I5mpt1rK4TpOnMwdYwITw,Normandy
sv1kzz3xq1IXuyLVBLqdXQ,Normandy
YYMj6X-VLjsUqbQbJpYUvA,Normandy
lgSqwdpmBBewmQtFxRsGdA,Normandy
13CmAc0ROcuxDOKtS6Z9hw,Normandy
Hy1Wb9Z2I7Lfwq3DyQocGA,Normandy
3GCH88YfI10S6ukSoDf9HA,Normandy
dxhGkDiDL0ao2nDcWVkGOw,Normandy
-MYC2DWRfUKeuHukUwxAZA,Normandy
WgbflWsZMUvT8ue8Uf8KvA,Normandy
gLqWln8ePFC9sdk1H9-wuw,Normandy
SmwhQE6TVJgQWzHKbl4PgA,Normandy
Zmj9taGDqUJ0Q4wVV5PWyw,Normandy
co7mKs31obIF8jHSVGhPTw,Normandy
17bPWE__bKEy7dnMiKoFFw,Normandy
-p4VT0Ngylx3FYWdL6jUeg,Normandy
jv4BEU1wjRePaHD9WKflzQ,Normandy
kZ682RkaT7mOOUV2TKxP9Q,Normandy
d5Ddv-IMIbI5TjOLx4q6UA,Normandy
xjcRC4be59Ec3BMw5-8-ZQ,Normandy
AgI9psvqZCt4WJjBOyJBEA,Normandy
6B67snwM-tCsQlg6hEB_6A,Normandy
hTsgws6wusy-1ooVeIQpGQ,Normandy
1AmQnARMzZu97Suf4dy5vA,Normandy
A5vZg6RviOrmgOoTiqU0eQ,Normandy
yiEANEKBU3FElcuZMSFqLg,Normandy
ySqnueXBMWmzpmrJ_4Bp5A,Normandy
Tx6dquiBhHoZ3ymB4wq0Xw,Normandy
BXa_fSSFM2gszminuFsEjg,Normandy
Ih7xUhxqO3Og81C-fuQEOw,Normandy
eNm3CDG_FCzuDwoFSrzRrg,Normandy
5hpZwEflWSY0fnm1yRSxzw,Normandy
UbIgKDIT8pDy3Zwpu09ezw,Normandy
2shpm0D1lVhvr7iUW3qXwQ,Normandy
YjRBPIVIQMjkeTTZGTynXw,Normandy
9gghfUpIueCdVL8eB68e3A,Normandy
fIyMJGChGUc3upiaLmwc_A,Normandy
03E064GfeYHi7VLg04xDhg,Normandy
khtY7WxW7VEEvAJU3TiD0w,Normandy
lbiN-00y7_h5RNpRxVlkNw,Normandy
B4qYZfLNO5MhvnIr-e9eAw,Normandy
fyq568MnGUrIINkftBldJg,Normandy
jFNVxqieKMjxi5Q3kdBjrA,Normandy
bmPOjoCZe0TEkWmehgnkpw,Normandy
TvrsQpZ5PqBV3zBoto50RA,Normandy
lCTaFcj9iBYbzLy1mUA8cg,Normandy
BMSfSzza6SD_5Ry9Y5pLYQ,Normandy
HjPF7nOg9iFXKoGbfW_EIw,Normandy
e6s4lj5IQJJZqy-Y5mdD4Q,Normandy
zF-2ywDy37kKIB8aj7CI8Q,Normandy
71w9p5fJV5CjARppL3e2pA,Normandy
c9sxNSbCTSKqvl6wid1_uQ,Normandy
CXHeySEAR3Ku-gv5dvgjPQ,Normandy
XtbyyQSraL-CxJYqBkRhwA,Normandy
lpi0KGH458hIYuGe_5Rw9w,Normandy
b-RgKVwkwtTxuRd7RfsTOg,Normandy
jSFk6yy8dbBWxkXNr7SItg,Normandy
5QBrk2FR9piqdzDPwvo2LQ,Normandy
45YsYy5D7qL_zlKrHgZPCA,Normandy
AyGow_FwU-T9M8gmUn14zg,Normandy
281wwye_ax5tQRdFu03CiQ,Normandy
3En1-5L5YxCI3xvnEBfycg,Normandy
-tIMrBSbPTUiylE3CZEFqQ,Normandy
exoikdnqRSKczVvEbg0UXg,Normandy
wmV5-vGdAORtBSOpdFO2xg,Normandy
z3M0EPsNm8eNXfrD-xllLQ,Normandy
-nAN1wgNEJq6VjEIW8YHrQ,Normandy
BnvwOnWmB5aVyPR-4PBCqA,Normandy
zdj1XzAEOc9ke7L4UIguzg,Normandy
C551usC45S65G_qT_Of0jQ,Normandy
0QORsPNU6rJjn1KstPJ_Ig,Normandy
lxRU9_JyJUFx_sUymUCvOw,Normandy
U2Tko2tS7d3gu3e5Oe7tqA,Normandy
ydMqIWr70tULGlMHmCnGoQ,Normandy
xkwBnH0DOnP2pvxbrcDWzA,Normandy
eYBor0C_kQ8vQ9LwIocByQ,Normandy
TSMW_F4ZCF5jOOIGOKLbPw,Normandy
dwJX9KKu641MdAM-JSCgSQ,Normandy
1GQCLGxdU6pu1rysxqHC7Q,Normandy
k66rYCtuk6yDig7WDMJmqg,Normandy
DRonSoQBJ93U10sTKmnfWg,Normandy
wl_vXUIw5sSHkPKM2TD2AA,Brittany
Eu9Iy0Rqx-0kxrpnycepLw,Brittany
ZbhmG2cutVVOk1dmO076pQ,Brittany
BWpvNXjrHB1RoVdOPTwC_g,Brittany
x-HTutrh7qLymL5EpeuCkQ,Brittany
CCtjbYggC8lFU1oZDGhJlg,Brittany
T8wJWYpc_ZrA6_mAKjusAw,Brittany
ebJlacXd3S5xMze3JKeWYg,Brittany
gy9_IvgTsGtA4qmcV5dOmw,Brittany
_w9s1kuTIrPPn5h3CzgQjg,Brittany
aOdrf7oq1m537UTg_063TQ,Brittany
m7Sv0GleI7UquG_e1KF4rw,Brittany
W3ju_kotgUv6kza2TJMgCQ,Brittany
4TfNuyH850yhBhl28UxZtg,Brittany
cwzpHjGTicHzKbHkVk6PCg,Brittany
iz7CbA9GhTbceaQExyKj8w,Brittany
6n2_o3J2dKtTN8A871gmHg,Brittany
-HzRI0ZbdWR1j1Q-9oKjlg,Brittany
7s4QLUYxtb_4MQ64wsSSuA,Brittany
WBVP7RI2mL7MgxU14XYRFQ,Brittany
V5xlU5fBiL6M5RFMItgdkQ,Brittany
DsF1g0BFB3cZurjUg_LzRA,Brittany
7OD9HeyO603D7KVh1Y57hg,Brittany
f1vWkocF3HDROF9vMptCWg,Brittany
T53HSCYNPdBL-pCTJx6FHQ,Brittany
YRKyXvcGkng-001lUUds8Q,Brittany
eAPHp53gDlpAZgXg00hYRA,Brittany
xxOBFgQlJf1IC5Iawfr7-w,Brittany
Xzeyewk6rfSwH4EnZEgxCA,Brittany
a5Sig5UyM2b8ixgxKjm2Gw,Brittany
lbxP1D6Wd5lSnpDjMAOI3A,Brittany
WCNCUnGRlVvyxUUSjkyQQg,Brittany
qzTWpOoxo2S4bqtrkREUJA,Brittany
s5KpgaO4JhYrnAx9g89LOA,Brittany
nhWjoaYuhzq1Lg8PxaEc0w,Brittany
hsASJT3tF25NieKtCDEJFQ,Brittany
ylGLVRaJ7jXRQD3Qt8Av0w,Brittany
nQqf37BIB9se26cOjVc1nw,Brittany
T4mrZflAf7eFblCjsxQ1NQ,Brittany
3gZqVGqeU8k5YlN5nYiDTw,Brittany
IEX1ogjSgpICG0jLsVensg,Brittany
7cTmLFWEq78_Nvu4vZjkRw,Brittany
2ScSt8qUGjBCRvLS5tISuQ,Brittany
ZhPTkoAJ4oAQNq42BNIvfw,Brittany
Sm4Rn5odkhGwQYSiClkJ9g,Brittany
3BkSwW9C2ajFS_rU2VDSeg,Brittany
Cpt9TYIDxvjEbaHUSUHeww,Brittany
TXLAzixQUupQjzTNbgsp6A,Brittany
mr56pMuSayhRn1PZYcn1sg,Brittany
Z-o4oYoUVoZ5GFLAQCXgEQ,Brittany
bimT8TELb7Qvmk3_JX5Sfg,Brittany
1VYu6oPcc2MJ7c11rVn26Q,Brittany
4F2UwdUZpaPL3rw_PPrrBg,Brittany
k3KAoeUKpXUZeUddBhff9w,Brittany
zVDKOZa3goj7yM1UKf8K3A,Brittany
CabePUoh9QdA2i3I5Msi7g,Brittany
AYyrCCz3CMXhiHLBBEm34g,Brittany
xjlTDYeW-TNftpoB_X4Vuw,Brittany
VLMLFpSxfTc7E0vQfQpO1Q,Brittany
aKlkqTvHMWkOBGWcbGNf2A,Brittany
_q47oZiITh2nLhoyxz-lgA,Brittany
8HnrUAqQZxSw2CeLqbbdrA,Brittany
JAriKsB5jHr4etzcpvkHuw,Brittany
kJqOfDK1HfInEK4CNekF_w,Brittany
vSJj8iG9wm2unXbAG_7CPw,Brittany
rzaZDpBNA4QG1xlXwTJEAA,Brittany
1YrYl62GA3ag9eNO5S8fIg,Brittany
bKurzP8Oez21vc69XTzQdg,Brittany
AdvIiu8i3axy74PNo2iWyA,Brittany
b6RRc56dJEztaOJB8DsXSQ,Brittany
2rUS3l7yDMghosP2fHETsw,Brittany
3kNsa1-t2QQC32EfauJAzQ,Brittany
DyBRiNAInzRt1Y1UDFdXuA,Brittany
iH5fQLPIZNl1ysNBTQGldw,Brittany
lKz_r_Tf3SkH7DplBGY23Q,Brittany
emeXgSud34_BHF1ipx37Aw,Brittany
EoDghVuGKboIsAobMqC5oA,Brittany
TTtM6-cQOSSrqXTVwJfYFA,Brittany
TYerKjLpQJ4aKdcx3oPTXw,Brittany
V0-Uwc6tO2spH-aG16BvAQ,Brittany
s2xY5Kqp1lP_nbZhTEk1zg,Brittany
5sikC-VjWeqTnKrhQ5KNqQ,Brittany
TUlPftiFFGbuI2DPnDcyeA,Brittany
aU7bzFOhuZFq5FDKNsX66w,Brittany
95TK8Xbu4EDyYoQgiQw7Ng,Brittany
2F83HrzycRmS8s33R1WBBw,Brittany
CRfTv7WpuehMkcNhfdZYFQ,Brittany
XOiGB_2gkV_bgVYW_XRXfA,Brittany
lamI0fh052jr5W1ji5tyhQ,Brittany
r1cqj6jvcOFnSE77cjRkgg,Brittany
IxlUnvcik5oBG2wG2I3Nvg,Brittany
IbZ1nE0-rbfUXT3T9myh-g,Brittany
3p2WbOJgyhcdmK-cGTT4yg,Brittany
WiP5J0FrLIwuYrFqKgXNEg,Brittany
jlyRctx8vupzWoz0Zfyxpw,Brittany
7uHVqDkBaENSHokeTFAAaQ,Brittany
ELj4SA73ZbZu8K53OFxIzQ,Brittany
xKdewD-3NPH9wiTMbU0Jww,Brittany
j95nOCsQW2Mr6xtpPn_Fqg,Brittany
baPMeTvXCsepnuoxFi2JRA,Brittany
2WQoH24ZfApP0i2ECkiR6w,Grand Est
-uY9QApmB0kwYjoVKuf2qA,Grand Est
Yc_ydhWjbl6e6YoWZLj9gQ,Grand Est
8BQagh2P2aYET-LFIgwoIg,Grand Est
35pGo0ZZJzYBwQFMdswCAg,Grand Est
e38fSU8k6NwvCZbsAA-9gg,Grand Est
AJp7RvLV-jVtO1uGF2ksCA,Grand Est
ArQOfh-vkn4ckgv-gOHzQA,Grand Est
C34jwM9ypI6oiVI7ZoH9bQ,Grand Est
cODCW_00Wc8ST0PtQCLYdw,Grand Est
dfKWsMHukj__lL5o83pooA,Grand Est
TH4AiCYJzX-SgIrrDUE8UA,Grand Est
j4NjdDYJbYKRcfEE6uRjRQ,Grand Est
mFDrpLTTtd00x8RsQQb82g,Grand Est
AioKfLdr2mjuvHiwGBfsgw,Grand Est
T4ERju3tFdByH8znpivSKQ,Grand Est
YCQ4Gy_YJp2qHUEAuZYlxQ,Grand Est
x4Bq4gd6gm4aUnra8MrM_g,Grand Est
7CZu6uqOpuQhl6MWsCUCdw,Grand Est
deL544fZzSHH9_ldZI-OYQ,Grand Est
aCXMFVonN-qSBOmpDXvzeA,Grand Est
Z5PoOjnow_uhnCbJDX5sfw,Grand Est
6hEJ5p0_DD6Od9DU19ScAQ,Grand Est
lCKkU3wHF1n4XlUMF63mnQ,Grand Est
1QhCGOfDApp-jWkcmAD6Jw,Grand Est
UFud052GlfCu9kQ5z_fMFg,Grand Est
moaoKWKca4RHyYzoOfbXYA,Grand Est
jUoMRhqCz3FRaHahUNLaeg,Grand Est
h0pDN6OLoCC0qQgbCwKF1A,Grand Est
n11ngUQ0dJRn-Go_5ya06A,Grand Est
nsFR0tNQpzwJPcPlKsDwBQ,Grand Est
sAdq3RwjiYD_P1MgLoxEog,Grand Est
mj15op7pIN2q1CLjEXO-mQ,Grand Est
lxmqgqhpgikvTqucZAI4dA,Grand Est
vFusEpQNzKjXFhpP3XGRzQ,Grand Est
Y-Sa6HHRwkTRNUeOl8itDQ,Grand Est
aLwcYO6XyrZExjdi33yYgg,Grand Est
4lS5ewEDg_feeC7rX5_8ww,Grand Est
xQvTJUdDr9xZpfPfIhZglQ,Grand Est
yQbZ_CIqM_6-ysP8pe90kw,Grand Est
y0uaQ9aAuS3DfYwV6hPOxQ,Grand Est
0ZA84kzeGh-HE2A0yjSvMA,Grand Est
dyYl-np2kLrsGm-k6mQNvg,Grand Est
xEok4l0ITgpA0iUr90Xs5A,Grand Est
9e_0k_pNPORic4z67sHo8Q,Grand Est
igenHNGeFVaDsx4SiNfruw,Grand Est
4LRCCs2CNGAJd-ETlmvcmw,Grand Est
ef454Y9JEaapTRVOqOjiLA,Grand Est
nxKXavWx2MzunRn-kuVLpQ,Grand Est
8c4igeXXj7WzSbLw6mIY8A,Grand Est
cAecFL6iFgtQtFVrTp49pw,Grand Est
a2spSkJ2Ow63zscawtqJPw,Grand Est
zTlT86daW9XMa77KATLKaA,Grand Est
8Ningz8uNRWBejqPn-tCRw,Grand Est
4gbtWpQDuXeA-JJlAMDX2A,Grand Est
ZyDRQBLpXkHD3KBIClIF-w,Grand Est
oD6QM5Mjk1cjyda_CH-EbQ,Grand Est
z6d07g9cp4hcWX9_L0dmzA,Grand Est
YXkPXXfhwiT-dlk066pRkA,Grand Est
rn4VWIoJprL7-kf18wQGRg,Grand Est
bLTZip0qqgeP5gDXZEJE1g,Grand Est
mBQ0tqayleBR7xuhRVL3kg,Grand Est
3en7fPwy3xxc06X6CkZtBA,Grand Est
jyq9Tq3-cUJ9Wvtd40YMgA,Grand Est
UGfuOKW4w5orhj8Uyzk9SQ,Grand Est
V7uGf0ERuo6R0Xr09dQcHA,Grand Est
0_0tDPRKwdFcZoFIiyOytw,Grand Est
irhR8eHJeeJEr-Xufl260w,Grand Est
sScnuWZytoBl3niqjY5abA,Grand Est
TtTqNoAhYmCJfiYIq2bf-Q,Grand Est
6jx12J5oRYoxqW2lyI9SLw,Grand Est
BH6eJUf5LIFPeOCugOzi6w,Grand Est
kxjyKSnXLnD8b6an0W1TMw,Grand Est
2R0egTV5ha9zWDwxUCHvVw,Grand Est
7abWyZsBOxvJkm7lrEGUPg,Grand Est
5M4wqLUn1Lz67Li0TvanCA,Grand Est
lU2eUV-59eVXHlHKAvEFQw,Grand Est
8t7P0khTIcHaUt8r1NuWlQ,Grand Est
fr79I5BMR5gTimH3wbwKUQ,Grand Est
nBwgxcY4DPd9jYXpCGjOEw,Grand Est
0wS18hgnfRwqvFt5fgDnxA,Grand Est
B0rMWUvql0VIuKhd_W__dg,Grand Est
slnGlS9Hv81sgNQCddAEWQ,Grand Est
nWqedZAvBbCyN-QwgNipYQ,Grand Est
645fLoOV1M1pbUayAGa_Sg,Grand Est
CFpnW4XXC0Z4rG0pAm_q8g,Grand Est
_Q6z5W3KQqwKja77A2HQqQ,Grand Est
YIJnCDYGsYljZCMDNhoANQ,Grand Est
aByoZc9NiShru1IxzHwUNw,Grand Est
mTh0u7vo0Uf-HsG3hmgazg,Grand Est
zj4eZSNhRZt6_2fknsyAxA,Grand Est
_pM5-muhuisdwc2ZoPiuOw,Grand Est
ir5riMfIjnTdPXXm3b97bA,Grand Est
rE3I3cYA3pt50GsPmzmVmA,Grand Est
Uf-IZnmNYU92zTmDqgsJOw,Grand Est
cllaw-L-SKnha_-pp3qd4A,Grand Est
muYUzSvPqUTu0uWwSo43Xw,Grand Est
cImLeFH_StofFlkr-dnOGA,Grand Est
Bph9DrhupnJc8rC50DaHKQ,Grand Est
zehbfhPNr4o_HnLoW3c-LQ,Grand Est
feSv9yisfA9NpRPC6FhPjg,Hauts-de-France
l2oY7MTftT9idHXKz_Ee7Q,Hauts-de-France
6FrGBHAUV7kK3h8MrLANjw,Hauts-de-France
b1rW45kmlbu7wXWoUMbWcw,Hauts-de-France
9gUU8fSVVaETXdtmA3-Obg,Hauts-de-France
8p4uS3T2umFnTQGEgdOGBg,Hauts-de-France
bdfTC8zxWb8VYS49rmkMxQ,Hauts-de-France
8kuHtCF9ug8MQocs1Ch-bw,Hauts-de-France
kbETOO-A-2N46V5nZyfXyw,Hauts-de-France
23JKzKPboUPAc6M2nvjKGg,Hauts-de-France
3G4Pp6H_XWvf0S50jr0X7Q,Hauts-de-France
f-9B_RmRYP4snTIlmKkFCg,Hauts-de-France
8Nqpt8NCEPOcrCfkY_BjRw,Hauts-de-France
aHn1gZvVdjVw1zkkhi4aCQ,Hauts-de-France
dLWnKzVWSOgl_LhOqCX6Hp,Hauts-de-France
dc3-AAP6OlEUOSeB_dfJ5g,Hauts-de-France
cDDLNraPlBUmrSDcAPqG1M,Hauts-de-France
Z8jriZfrPd31bTS9hO6y3Q,Hauts-de-France
BX6SWSfdB0C2aCM2ZTMHQQ,Hauts-de-France
1C4LmI-zM8CYpj6A7ipMHg,Hauts-de-France
vEd7RKkENXfOTfedvSEa1A,Hauts-de-France
xJnIUnLB1-7ofMaDpoMBDw,Hauts-de-France
1xizSjWW2mr8R6TdiDn1Rg,Hauts-de-France
SwJoROHzfOgXhfNXMjQClQ,Hauts-de-France
rIkzM60DaxeURjlHyZ8Ijg,Hauts-de-France
stqt1U67PfzhVxZRgaYEyg,Hauts-de-France
hZguuuwdYvwHJ96n4Up-sQ,Hauts-de-France
3Unv8cFS7tTYlbayf1O7zg,Hauts-de-France
CtsvUfkIuoaA85phdXg79w,Hauts-de-France
9_wm4EFy7_D24-9AiLRsJg,Hauts-de-France
fpfT1GrMoeD--9OxiNQ4Kg,Hauts-de-France
ZdNybl3ZmmJf1wC7aGcCTw,Hauts-de-France
8iNn3XdjGap57HdIA_gYGw,Hauts-de-France
vTIWxHoRwvQ0-a3BOP3F5A,Hauts-de-France
AM6FE0gdy5gUXUurmS13TA,Hauts-de-France
1f8tct3gBQ_x8YNLlJaU1w,Hauts-de-France
ll54ZmgN5Ll_x-_T5O-iSQ,Hauts-de-France
cOe1j85UdgSY45PiY-hv1g,Hauts-de-France
6SZFiShVRcjZQyvlQTpBWg,Hauts-de-France
XjO0s-rivwkm1-wlumgLwg,Hauts-de-France
-T2f8bos6op6FvenMnbOoX,Hauts-de-France
AY3VGKZlBX2wuxJ7n4DSUQ,Hauts-de-France
aFAXZuLoXVrPqBT-ZoWo4A,Hauts-de-France
nFhiA1mIWrS9ipvBj6GsKg,Hauts-de-France
4RqxTnNEXgmMfT8clw6bkg,Hauts-de-France
5ZYUwVmC7WScfZajQqMKUA,Hauts-de-France
-BqAHa52C4HsELZVkNcEuw,Hauts-de-France
3UXgzW86iK8DVpcZZ7CNfg,Hauts-de-France
VgDIFBo3WRXJv0uP9_BKvw,Hauts-de-France
ZlpCVOdBtTfiZDavkB2d9g,Hauts-de-France
elvLWiF8mTd48xbp94vvng,Hauts-de-France
w6pUgv8nPyLJ7HNSkw7E2g,Hauts-de-France
zGK98Gy0evZsTsY0fIkr_w,Hauts-de-France
ChKnI_xt-yMpAO8rsJrHew,Hauts-de-France
morTzedqG_c6Z9P4Cpus6w,Hauts-de-France
4mXYxLZRnU4pifasjvuvEw,Hauts-de-France
IX3kneUvae_z8Bq1aRWvRw,Hauts-de-France
VI2jctoyPqSEFnAlx_aVRw,Hauts-de-France
3rk-qQh9e0pzONUvrwfJPw,Hauts-de-France
HElGW6pWLN99_nIoYsjhbA,Hauts-de-France
UTPWERsuxTPNTRePvQrV3w,Hauts-de-France
YHLrcqOdq1wtTX8afPVUUg,Hauts-de-France
aM3WabOswarrtCIPe4zqIg,Hauts-de-France
TGcBiIDG5V0LKJd0ztPdyw,Hauts-de-France
CBT-jE1kbpVcUYqXUn8qQg,Hauts-de-France
TMUtemelrq_P1VRQuFLZBA,Hauts-de-France
J9mOumliq5FDUAbavywIBA,Hauts-de-France
5UUSVZBVHEcFrYSi83BwYw,Hauts-de-France
ilWnyeAFIZN9kGxsKH4Pjg,Hauts-de-France
kZUCW3bLOBgEqC38nLNQCQ,Hauts-de-France
0ecYTZd5wJNO56PGPmLzyQ,Hauts-de-France
EGAkWt8WoTWHVMPWUoG5rw,Hauts-de-France
aSzCozznD8c9jMQitPzV_Q,Hauts-de-France
aOq9cRMo4azK2fZsuGlvJQ,Hauts-de-France
eo3xhOAtW86BwvNwdE30jg,Hauts-de-France
sIIcTyzovvYb6v8iiCuQgQ,Hauts-de-France
a5xjNEMMhOOSX5gUaRzGpQ,Hauts-de-France
9ZeF_dRkeNtst2q5nmsb2g,Hauts-de-France
V7xntAaTMvp4tSNSVasPBh,Hauts-de-France
6Ko2UpEV5C81jpBRo5vTow,Hauts-de-France
lImtHDwplXExwBt9tg3MzA,Hauts-de-France
iiXDLttw5GJA8ByVgWnktg,Hauts-de-France
rJhuWU8TUGPKTorxpov1XA,Hauts-de-France
h22EKuFD5CZjXik_bWERvg,Hauts-de-France
l9u698IIORjqdSBLIPDGeg,Hauts-de-France
jKBSscCsoMHdA8oCf5xIFA,Hauts-de-France
5D4KEIwSPdZ-E-kPJfr5Fw,Hauts-de-France
-vgw9xJO6UYu-gOf-EMDow,Hauts-de-France
wtSgEHkmbNjDgL7fipuOmg,Hauts-de-France
0UbfDQAGKrh3RdduUHtoig,Hauts-de-France
7mJE9AonmFEkCy2uSvEAhQ,Hauts-de-France
CLz2ttm7P5VxaJvpRPRGbw,Hauts-de-France
V26y48iJPjEmwSxnRLuN8g,Hauts-de-France
wosCdllrQXD7o3bveO8v6g,Hauts-de-France
UTzIhce_HVe9VWJrZ7tNpg,Hauts-de-France
hrsd-JqA_j2x1E11MXUONA,Hauts-de-France
-g3oqMK86qkvkS4v53RYGQ,Hauts-de-France
ZnTwxRQEimZFV73NuCjqxg,Hauts-de-France
45p0IMbnPVYGlKiqvoxG0w,Hauts-de-France
cIbK5jIkmY9TTm6vVLzEIg,Hauts-de-France
37_MWfX-c6qg1j2T8VoZgw,Mayotte
nvjhGS2GQ0yIOCAAchhJgA,Mayotte
ALaH5zw5Gaap1_Y-2QeDvw,Mayotte
ej6qoQy1S0TRIqcsnzrZhA,Mayotte
8yqhetFXpRFfUI_RA9CEMQ,Mayotte
I0KSsB_PbdM8CqmQrSIRRw,Mayotte
hJV6VeLarTxV1_ekFU20CA,Mayotte
Es_KSK5vpjY_0HAyQWcszQ,Mayotte
UdH9MM6tdQ_gMqHPODGQ4Q,Mayotte
2ZuJq9zsW0KeuZM_D-PWyQ,Mayotte
JJxozQgwBsuN68WiWWVX8Q,Mayotte
HzzYXsB_mSM7nO-nSyD-RQ,Mayotte
8QlGyswbAmX9fl0lNw_y8Q,Mayotte
ewKckqOgJIBIGceWlM4rAg,Mayotte
yra2sEgRxysU_-qRx9Kucg,Mayotte
Y7uc5tZvP4TGWfEMyUiTOw,Mayotte
A4uzl-hLtM3i_vijl5G0YQ,Mayotte
k5evJtHYUFytly__XwKo1A,Mayotte
_rwWotUhFcC3CmTnEWcToQ,Mayotte
ShRC-3BHCJpc43LI94a-rQ,Mayotte
8biu2NwKIpxXueKZmIrRbg,Mayotte
cZqeqWswuuGc1180ZOwIQQ,Mayotte
B3sA8fHCya_jp_Jjc9Czkw,Mayotte
8aVOLA340rUiA318uL2-DQ,Mayotte
x5j4eg-X4JHgN5rjNVh1aQ,Mayotte
VZ_cnblrgKL69qIsJt1fxA,Mayotte
EfiltVsOVD-vwh3b_kRG3g,Mayotte
eeI0AztRL5FSbZV0OKwoFA,Mayotte
BxxYbG94DibF3fgTKkyJJA,Mayotte
fsdDZbR9vGLVw9iqMS36tw,Mayotte
BJjts22wk1cRbmjGVtmcAA,Mayotte
wjMjpd6Z7HNmzebsZD3_LQ,Mayotte
TDDUpIBihgcGLYx37QyaJQ,Mayotte
VccaXkC8oxzx5GPlg-fCzQ,Mayotte
spDgq2VTyDHfkZIoU0u7UA,Mayotte
o01siJbxRclfhTe1iyElZw,Mayotte
Y7CfbEA695xRaW-R8oPvtw,Mayotte
3knEchK9evyfTN7dRfo-yg,Mayotte
sfPfq7VVja95qnQr8Y8T1g,Mayotte
8hpqKyDcA1rCmYDkX__kQQ,Mayotte
sRTR2kbyICFgM7xV5ad05w,Mayotte
eVnEOB4Gdgl618PLzuivzQ,Mayotte
sUgLL6WYmtWZd3XnFPe3pg,Mayotte
0zuMoXcXSNqDdrMf4aofjw,Mayotte
BCL-ipzWil9PrVwnHjRtTg,Mayotte
_04xjNSTY5IPd2DQaPqdnA,Mayotte
4THQBMSF4gup4T4H-uZUVQ,Mayotte
gNI5eHm1VDo0_iHNcqlzjQ,Mayotte
4Tir9OobOwKfJ1Ju0fVjTA,Mayotte
bWp4ZZQP9wg7WV0nz_JNvw,Mayotte
iEToDnIpKkFbpt2USrK7YQ,Mayotte
W9Q9VOzy2eEs9LZvRargaw,Mayotte
dQLHsHjSBiEq0Ot4msmpmw,Mayotte
XH7hwova37NaxdwgPTtx7g,Mayotte
bruCC3uLtwbmm_JutxO5QQ,Mayotte
4rOCHeqXtcK0DWsqSpR03A,Mayotte
-IdFS0lxa1bHZBgXgvM4tw,Mayotte
jbeUry1A_Efop_vniQ0N7g,Mayotte
39tDbOJJPCNnBaOX4gju0g,Mayotte
vGap3TxtykcIUxMk9cpESw,Mayotte
cwYSOWQn1NSUtyb8cHKoTg,Mayotte
-TidbMU2Y4-via6jTd5WEQ,Mayotte
feF_EuhAuhKxatzPAfWRhA,Mayotte
2LMuBDfdhc8X7pzugnmiyQ,Mayotte
AMVqyP6ANbrqEyixiDYekA,Mayotte
Ua1l-03jv7P1xPJPjWkRuw,Mayotte
rwqfx_BNshfD2Dl_X4IzNA,Mayotte
7WubsazyRcpHI5tyq9hEeA,Mayotte
64Yc8JPsG0yy1vwH6aw9rQ,Mayotte
qns9suTH0qwE6rFKQdU_EA,Mayotte
JHgAzfaEXAvSGWwsJMxIjA,Mayotte
Cw4M9efuAF97Ze0es8HUkw,Mayotte
6VBgiaxYv6UUPVck4EB8Mg,Mayotte
sQfQFE_pr9EQ3EeZ4jOGGg,Mayotte
eGJC1iT0liWAf0Dq2TD4rA,Mayotte
-3WDfUoxDN6OHNWaoatlIw,Mayotte
J4UIhb1sXhW6ZV1ogLJ11A,Mayotte
mKSPNZGopsXS-H2jw0We1w,Mayotte
w5Th_pIChqtEjRg2R9uhag,Mayotte
3K1E2uUMf11iz-pQfvScLw,Mayotte
3O1nrBzXdU-paD_y1cKWLw,Mayotte
r0qgxwkiztS1Nd8VfbNtjg,Mayotte
XEH7yJbMSLHpKhcmraA8tQ,Mayotte
vaJokoKh7Fzmi9P66ieD0g,Mayotte
jPFRW-R0vavfxq42xwvLCA,Mayotte
dt2rwGgzPSjzBsTfNJBETg,Mayotte
rIag9AYkxpJqQ2QU8vNDww,Mayotte
8syNAbdI4vOxS0Vu_TQfEQ,Mayotte
nAp2wanzDD7NAxABdp0wpg,Mayotte
TTt4nMkZJ4dDwDPloIr6Qg,Mayotte
ia-jFJoGm1BlSTS2rDTFvg,Mayotte
isR8jZkvYwhTQdOxUVMhPQ,Mayotte
8J4soeL6L_lKKqGi-HcYkg,Mayotte
cXp3Qy_4SpOxzDSqSsSlFw,Mayotte
cOHaNaAPCFs8t2i0_MuvCw,Mayotte
3O8S37rglkWy-QckVULsGw,Mayotte
wW3vPFfACc4GQzccQuxVsw,Mayotte
zV7xRj4xVzBsQADuCG7CMw,Mayotte
eGSy_IwlUmny3IuaLrqu7A,Mayotte
HUKbBfEqkE7irT1bHGs6Rw,Mayotte
ZibaXbpg7Gl_OW6DfMOyxA,French Guiana
r3zE4HasTo3QkA9wla59TA,French Guiana
yGmxRdYHhZ8rrRN0qTkkXw,French Guiana
5xmGi5ESqqNnQbRkYhPReQ,French Guiana
4eVyfNLezFenrVtFhWq-iA,French Guiana
fBhlvPAQhsuLByExzrZBXg,French Guiana
2dcA_6Kt7T-Qz2hljuNTuA,French Guiana
c84nkm0oAkeZk-4v6mOevA,French Guiana
2c99YzsZ4CSSpMBIUWKTMA,French Guiana
hdjstSIiUXWk-ARGZIo8mg,French Guiana
yyFYp9vCUaolRgRpQvYuuA,French Guiana
IBqDvmSTHGpPSZiI_XXmOQ,French Guiana
6jXxYRaHYiOGRbX_ce3WJg,French Guiana
eGeFwWZ16i99oKKYUuAoHA,French Guiana
hhGEoGC9F5qKoVuoz_mfFA,French Guiana
cueg-bqvQ7BKYA8BdUH8kQ,French Guiana
nA22SSiqj7rToMCZuKHIAg,French Guiana
5ZawCra9TTg0Fowe0F09IA,French Guiana
CyZMgDgM7f4aaVYFQntDeA,French Guiana
smC-eRPnYJ8ZkdaFuv_Mbg,French Guiana
5pC54uTlDdIPmdEvzrCBEA,French Guiana
dBBnt-qm2Vw3jxLuzfXVdA,French Guiana
zT_GzBdMmwyOohzhSUdldg,French Guiana
IX4aemuPxc2c9POfr-crQQ,French Guiana
EbjjlpoT5qkMkQJHUblBDg,French Guiana
o9yZNFGn-2Cvt-iDyrhk7g,French Guiana
iy7Vo_l3p5tFljEiY75I4A,French Guiana
-NcKbyubAp_UiGVqMQ5n1w,French Guiana
4RMIIBU7VNV_c4g2sqdV6g,French Guiana
VEFRYoYrB5TisnNlEa5YGA,French Guiana
7uOqwD-552aGvbR8Kq6GRQ,French Guiana
YeGJ8lkrF72T5dK7oGcySA,French Guiana
wwyaQhfGAMge0j6UvCG8BA,French Guiana
ihzGhGgGh4cEHpf_uei5rQ,French Guiana
sMBupqvq0YJuJa2KIl_W1Q,French Guiana
bOehIG25MeDnWwaUTqMzAw,French Guiana
e3yjxwswOQT0IrwiKLCB7A,French Guiana
5qwZUtG3-mi1gOhYtbQcHg,French Guiana
9bY01qPcJpEGPrg2EH7iTQ,French Guiana
3wA5kGWBBvm_URwDvXrm7A,French Guiana
iC83LUXaQRGIVVy4V5ckHw,French Guiana
AKWsFgLSRTtklGqMfeSkzQ,French Guiana
vfPErVH77qj99uPa7KXAHg,French Guiana
6IdX9c6EX_ZuYUl4meCN7w,French Guiana
hVb2AI6Bxh2yh9XViOzXwg,French Guiana
6bQdEVxgZXHhRW7ZvcBVbQ,French Guiana
Agn5eqiss8xCJdwJzd6gMQ,French Guiana
W61f4JTbZkFEim4T2R8SJA,French Guiana
EHBhjk3zEFv2dhMmOW2pDg,French Guiana
cfXFESXtne-c6DbXkg4akw,French Guiana
W-XW3li2Z4pLO1rEyqoGZg,French Guiana
vIky1pJKWCy47ku0L0D0kQ,French Guiana
9w4kl8T5HYaI8SGkrDAyZg,French Guiana
xiRrxUubjm3PBaCaXBY3FA,French Guiana
DLDR9QMyLKJeUwrMfZAMTw,French Guiana
BLhyfsEvukV4_3n6HL-pOg,French Guiana
2W_9PILUFAXqEzcedTa1lg,French Guiana
dKL1MNX2NcxiU_2412T8VA,French Guiana
3I3V1_stGLxoE4NXrTsccg,French Guiana
fumdRo94kvTvKkGmYxFfDg,French Guiana
1-9yWgoiqTWnvr6mArHUGA,French Guiana
AIp-BvLLad72fVISyoxdkg,French Guiana
3Zme9cDlUikBKotsMugsiA,French Guiana
xdri8l86cYTPned17_zjtg,French Guiana
yp5hVH98045GATWDqIJLsw,French Guiana
r8q0GGOzg5UK8DvAsBjxCg,French Guiana
39QJPdkRLf-EwexLVfvNUw,French Guiana
8oA2jopAzXsRZ4bZJF4NWw,French Guiana
l1TRshqp9LQkpB-OO45pNA,French Guiana
ZzrLT4TqU7AMeXGdTSfObg,French Guiana
rc2nB9CRCgTg0_hmDSmzTQ,French Guiana
EJh6H966kyph60G_zj3qhA,French Guiana
X5_QfASaGU41SPEhcTUctg,French Guiana
bGAVwVDaZQwadqBcoNZ1gg,French Guiana
ydwqKQ3wYeZToI_jmWJrtw,French Guiana
4yAD1l9Prk16QdJ8Gp0dhg,French Guiana
AwczjaIl4S5C1uvLzbceuA,French Guiana
jdxxL8SYqqInIifrxIJv1A,French Guiana
7DNP_vIq88Qs4TCVhQhqiw,French Guiana
yjP_Skz5N5GopM7_3xPBpw,French Guiana
dxvjk4RNst5EqRrQ_orCsQ,French Guiana
kFqs4YiGmWyL8NbOaqGfuA,French Guiana
YhBU1uCIKPF9fxWjpZgd7w,French Guiana
VK2-4xL-WsO6W_sI2zAv6Q,French Guiana
U5C-GSgtOCwkAXM1kcdgiA,French Guiana
ZwZis2nbamHvGhxHm2a-Jg,French Guiana
xkVNljqVnp3ExNjIHdJCuw,French Guiana
ed27YBnM9kXoaxpUMyZ-ag,French Guiana
srofbYHp5Fte_666OH2krQ,French Guiana
6hSXmZE4JCd2BWb4_sGlfw,French Guiana
E-rZeRk5kA9xFOAtmugnOQ,French Guiana
CJhnjLCPV7sxM6hc8bpoBg,French Guiana
vSJKul_GapMOutEazvc3rA,French Guiana
foXJbZO-3BfDJ67MrDqYmg,French Guiana
T50MZKe49wjYKVdaQZO9vw,French Guiana
yqR68U1IldYr9r2X42lXwQ,French Guiana
aYrDQxFfrHvRgE6HPxfYRA,French Guiana
4dFbfXnSQQpZr0ioUhYwIQ,French Guiana
TooysIw4iK8EgVSAPoWj5g,French Guiana
yegjgX3dKnyJZ_bwIDpcGQ,French Guiana
7T9A6I1LF5IaOahcJ6-V7g,Bourgogne-Franche-Comté
C7DKNn89F4vp0NL5ouKRQw,Bourgogne-Franche-Comté
6fyvMCUeF2fuVhtFo98vEw,Bourgogne-Franche-Comté
_VGCMUDRIIK0oOkCoNAUTQ,Bourgogne-Franche-Comté
UvmBFslOPJo_KPKXHtQWbg,Bourgogne-Franche-Comté
TYb6mRSRsCdkndvG_54qTg,Bourgogne-Franche-Comté
DWqTOQf3DM2S72a7eUceZA,Bourgogne-Franche-Comté
YDrG-uyMjTd0D8DrBkROrQ,Bourgogne-Franche-Comté
a6jk-W7OoWiqGoFNqUJr8w,Bourgogne-Franche-Comté
DKFjJYlNnLMlHPhX8AySkA,Bourgogne-Franche-Comté
5AVW7LPRPgXOS3L5BaL5HQ,Bourgogne-Franche-Comté
EYwJsbMkpiTr3aBFyjF--A,Bourgogne-Franche-Comté
jd7V5dvmpjAylPIDtQzqrg,Bourgogne-Franche-Comté
qnkG4WBkTuuXfMTkP3W3pQ,Bourgogne-Franche-Comté
WOQy1S_zBeW_AYkNKkht0w,Bourgogne-Franche-Comté
xrawNVRHfz37NEuk4Y0wSA,Bourgogne-Franche-Comté
-sN9tce23HTBFPug87U18A,Bourgogne-Franche-Comté
yYCHziXX7Wa2MJcKlO5fkQ,Bourgogne-Franche-Comté
Sbmz4e3G2OegSY8Egy6hVg,Bourgogne-Franche-Comté
-FGAq_0_1WqP6Ru0eF8uZA,Bourgogne-Franche-Comté
WQnG4AP2iqMVLaA3CtN6tA,Bourgogne-Franche-Comté
0afEokr5x1t8INsZlZYkvg,Bourgogne-Franche-Comté
XZt-XY-HC10PI6TFzCcHUg,Bourgogne-Franche-Comté
zH81CvYZb-IlNNNIplAnKg,Bourgogne-Franche-Comté
6_D0xhzoe-TRgehG1hGtJA,Bourgogne-Franche-Comté
jFNqsQIrHEA41RghDNFpbA,Bourgogne-Franche-Comté
frkOzE2VCeZWL2RvgYWDzA,Bourgogne-Franche-Comté
h1CHNVTfC052PjK31n7P2w,Bourgogne-Franche-Comté
DZ1wbxF3GT4WhMNK8DAuig,Bourgogne-Franche-Comté
mgZrp-1MwhboMTHdIuhxCQ,Bourgogne-Franche-Comté
IoXR3O_-VoWxtFDA3MTDgg,Bourgogne-Franche-Comté
o3Hs9mAqS-dMtQ_o2yfh9A,Bourgogne-Franche-Comté
CZtz51U7Le1yz9Yn8Y3_JA,Bourgogne-Franche-Comté
HbWPNslXzw9Zw0XqJNUN3Q,Bourgogne-Franche-Comté
0JDCsAFD0WK7OOYPw_6FJg,Bourgogne-Franche-Comté
8_906L3UCmpQWOGp0tPjHw,Bourgogne-Franche-Comté
ISwg_4O12Ws9RWE4eL-FXQ,Bourgogne-Franche-Comté
X8Gq5yHhi4JWsT4zkRmNCQ,Bourgogne-Franche-Comté
BmRrzcQsNpRho0pkaN78pw,Bourgogne-Franche-Comté
yaV_aA0s2G0kZj5ZFkO4wA,Bourgogne-Franche-Comté
66_wHd16NFdw794VijDi4w,Bourgogne-Franche-Comté
noRYQ3_-ekhRgtc1WUo4yw,Bourgogne-Franche-Comté
UAnKpj7cgLMrkwyKOLWoqA,Bourgogne-Franche-Comté
fcjHj6BlOTRpkaNBA0Q6sg,Bourgogne-Franche-Comté
4IAF9yAK0K5gNWwhbz3zrQ,Bourgogne-Franche-Comté
jBud-jSkMsy6oY-zT-GLvw,Bourgogne-Franche-Comté
iOI1KhRQUanxUfwMpY6gHw,Bourgogne-Franche-Comté
suFAtLrkTkW50NnVpUUDEA,Bourgogne-Franche-Comté
mg-LrdUZv99mzq9pWEkT6A,Bourgogne-Franche-Comté
8wATgIBzHFJeql2S0GqgeA,Bourgogne-Franche-Comté
xf8vxBFDHFjYhWYnI4cWuQ,Bourgogne-Franche-Comté
JRgbaKf0A17j6A7yOOe0sw,Bourgogne-Franche-Comté
iSFpccVX_iM2us_6j8QLQg,Bourgogne-Franche-Comté
Ze7EUF36VQvYDsjkEXBk5g,Bourgogne-Franche-Comté
vJCdJ1n7Y2RfgWi6GGn3gw,Bourgogne-Franche-Comté
-0F-diVLWRQ8tSDn8S7VbA,Bourgogne-Franche-Comté
5SB6oyZbQzFRojnDpcZUkw,Bourgogne-Franche-Comté
Ek-sqW6_aMUYvVzHryT1Aw,Bourgogne-Franche-Comté
sgK1kwgtWRI8lNlZNzziOA,Bourgogne-Franche-Comté
1MVXziurTsbKGG0RBOlDYA,Bourgogne-Franche-Comté
wvKw2PAFBkVVI8uooljfDg,Bourgogne-Franche-Comté
6JmyV5tvroSkymyz83HWVQ,Bourgogne-Franche-Comté
_QzDiMsZyEiuXBXw7hwCkQ,Bourgogne-Franche-Comté
VA_piWDlReyrjDb-vVoWMw,Bourgogne-Franche-Comté
i6_vTymU4KgLU1tOyiEBig,Bourgogne-Franche-Comté
U-V9F3XDPKTNXPdSGJOL8A,Bourgogne-Franche-Comté
rdHgCIriQWCej1oJXxfbVw,Bourgogne-Franche-Comté
xuF1TKChjMU_LkDaNi9cIA,Bourgogne-Franche-Comté
VMHy-gocjU4nAyqV_p_Oxg,Bourgogne-Franche-Comté
fHD9eMMS1rY3WoErfMsvJQ,Bourgogne-Franche-Comté
lhHLU3h8UqfNK_98QvCTHQ,Bourgogne-Franche-Comté
Y5pHmTSopRMHDdaGqeCZNQ,Bourgogne-Franche-Comté
ghMlby2Y-98GGhqz9G3blA,Bourgogne-Franche-Comté
7G-L5L2dPWrSe9geCmunPQ,Bourgogne-Franche-Comté
V0PXL7Wfco5wGRJ5WkjVNQ,Bourgogne-Franche-Comté
JKBThi61rrLjo_4-ExLt9Q,Bourgogne-Franche-Comté
a8zOvZotuKMRD5HZJWBljA,Bourgogne-Franche-Comté
y4jovE31kxigEWRC3UV3tA,Bourgogne-Franche-Comté
s0teW25qwo1kc-uVvfmyBQ,Bourgogne-Franche-Comté
9X1Qqx4j3IdA9jdDUwvp7g,Bourgogne-Franche-Comté
cTrsM6qvP840-U269LjHuA,Bourgogne-Franche-Comté
_BnUiyhNor6Y8Fv4bvj6XQ,Bourgogne-Franche-Comté
rwYAvuceuysk246GzLnd9A,Bourgogne-Franche-Comté
rkMbHldyKnGzbqUiOJSjMg,Bourgogne-Franche-Comté
W2n3pKGPLTDH3qCn6ZjVCw,Bourgogne-Franche-Comté
g-IhJtBSrgzxLgNjTzydSA,Bourgogne-Franche-Comté
1Rt4Xoffk4MMWBh-OC4INA,Bourgogne-Franche-Comté
BCILlD74_p4jDNQO7fdqNw,Bourgogne-Franche-Comté
6K0QIKaxXuEbanYRi74EQQ,Bourgogne-Franche-Comté
w_vR9ObDscosNjshN8-5Yg,Bourgogne-Franche-Comté
6YTdijxyyKEpXuOEXp0Kdw,Bourgogne-Franche-Comté
yw4TUVcujt6ChysuZukZOA,Bourgogne-Franche-Comté
7Kz_84FycBWbEtew95Kbiw,Bourgogne-Franche-Comté
kHAb2qFBXUDkUnauyWZ_Bg,Bourgogne-Franche-Comté
yCov4w8dtAI36YbH9_bJPg,Bourgogne-Franche-Comté
e1qlaGs8O0Qg6fl0Xv3d1A,Bourgogne-Franche-Comté
rhdm89cszfdbeMQkWkGSVw,Bourgogne-Franche-Comté
U3Z9II4dEpnd3FNeFcs5Sg,Bourgogne-Franche-Comté
Ie_FredlR0wtqALjwaPpDg,Bourgogne-Franche-Comté
aQWGgj4HCL5Mx5uavcdqkw,Bourgogne-Franche-Comté
_MWvZNaA3mwp6BC8YJDf7g,Pays de la Loire
Zj9XJcvsxhnTUC2AjL_zWQ,Pays de la Loire
X716K_f5gTc5LWJO6wgJ5A,Pays de la Loire
m4jwZSxt6SzcNdTxU6AGJg,Pays de la Loire
hdLtZnr2d7frKf6eG1ZGqw,Pays de la Loire
vuz7l_ybwrJgbkNOQ3Jprw,Pays de la Loire
8yoehbahJtF-4nvrjCww7Q,Pays de la Loire
DRDDpVvah_uYRKQlxw0GIw,Pays de la Loire
4w0l3H83HNDWQUlputyTIQ,Pays de la Loire
VF5o8xV8dWBBvTm7opvT_A,Pays de la Loire
xu1VGW4jtyDiKRmvypcipw,Pays de la Loire
0btmMQIJMMWXB548CP0-gA,Pays de la Loire
WSvZZy-46kfWoKwfSDEEnw,Pays de la Loire
gLWPiDMDwk7Y2pEoMVmy3A,Pays de la Loire
69bohKc-wSOUbSPx5nMGLQ,Pays de la Loire
AjJiXff6jxrXhoDdLnGRuw,Pays de la Loire
_8Eddp_pP-kKRDy6DymSbA,Pays de la Loire
B5P63Pg3g-0wW-zax1-9Rg,Pays de la Loire
wSymCW2dyM8ote5MLKqOsg,Pays de la Loire
en9maGlP6thVgZ0UNXIt5Q,Pays de la Loire
JCtv236BDk6yR8OxZovK6w,Pays de la Loire
em3myNGa5MOR623E5jiRwg,Pays de la Loire
7Cd04noFw2DAeDUB85M9wg,Pays de la Loire
xssWVVHYmvHGurH6GKZkVQ,Pays de la Loire
1TRys8VqpbHS4HZX9pKHeA,Pays de la Loire
oQYO8orShCbV4wklWLjVNw,Pays de la Loire
7HLCH7gdxdbwVWy-5oLq5Q,Pays de la Loire
aBjrhy4uaqRZUakyLX1o8w,Pays de la Loire
fFvwjc9y0n68H3YhWxfInw,Pays de la Loire
ka0_tEVq0h42x2EV1CTRDQ,Pays de la Loire
Z5MQMjhi_N1JZPXNMqKL6Q,Pays de la Loire
9gAXnGuSi2g__eLyKu-_9w,Pays de la Loire
EEWnULCjAOaaHtp2CNs8Fw,Pays de la Loire
nggF2ZzsJQFUHZrWXF9Aig,Pays de la Loire
rYdnOpnegJE8hxhCDzpUPg,Pays de la Loire
wdT88NiuT8S9wCww5pbYrg,Pays de la Loire
sLskbCw1BJPItnL2dLrs1w,Pays de la Loire
I6ReCnh7kXfRZl6vTPEyyQ,Pays de la Loire
92eo-DSh2PpZ47na9YI4Sw,Pays de la Loire
auOs53gsnVxWdJMZ3Xq6Ng,Pays de la Loire
Hjq-YqO6COjPj_J1rtClyg,Pays de la Loire
gRA3lHz8wxQQ6Lc_dO07CA,Pays de la Loire
VEFc-KcAuVrTuBdl1dvtYg,Pays de la Loire
74wZcCxh4T8rf5rVYBJAQg,Pays de la Loire
Hh_GRdBo0Lj-8CaKJxF5BQ,Pays de la Loire
1PIZyylhEXVSTrGJEF2eYw,Pays de la Loire
fwecyQTu8lVTaTmrXkgG1A,Pays de la Loire
2FAGZNzU5GZr6EnE2agzXw,Pays de la Loire
bC0vMyO7g6ucsKdbqPb9SQ,Pays de la Loire
mxDOMYW3qXMuv2mcepGMeA,Pays de la Loire
DPqdnOnD4lJhAncxyZp_jw,Pays de la Loire
dJLp6r1Txk5I6ee3kAUQYw,Pays de la Loire
hEQrcDSsUX2iLsmBiez8Hg,Pays de la Loire
mZB0y6AuTsEPMvaLr7g7tg,Pays de la Loire
s4ONY_i9KHloYdjdC3A5BQ,Pays de la Loire
kN66T4GkbqeBu4XPC8VZPg,Pays de la Loire
_uaBL_AZxD8XZnVBgr4Zhg,Pays de la Loire
xGlJ9ZkyeK1RamJ8SsSYtw,Pays de la Loire
d0uEhE_49RJooVL4x0gfww,Pays de la Loire
4LMPJlFd0hjrqoa2HMqhHQ,Pays de la Loire
vnJzOCBTEpOi-9GYEY3k4A,Pays de la Loire
TO44zFz7GwsrX2YJxV5W6w,Pays de la Loire
k-b09zaZy_QndpHEwzhm8g,Pays de la Loire
DA-vnsa-bVVLdm1o7Ua1xQ,Pays de la Loire
ruXVcRNPtXzurRfgzcUA3A,Pays de la Loire
WkCcDHLRT7Hbe4xqPH-NaA,Pays de la Loire
3yMfNDuYH3SoS0sd603UvQ,Pays de la Loire
SlqVQalOy63UILnnt6qyuQ,Pays de la Loire
4WWVSxYfFp3gadnST1Ef3w,Pays de la Loire
kWhsAApPwZKhUnupya7tag,Pays de la Loire
brzWycB3fm4pNKR3XeZygg,Pays de la Loire
qiLlgvHA5Nv2lDVfjKS8GQ,Pays de la Loire
WM7UGs7HkF0ArQDVSTEDcA,Pays de la Loire
bnKWijhkOiiHiTJQ3YthIw,Pays de la Loire
BOeHG3hyeCoMqZjbTbJmZQ,Pays de la Loire
BHBktQKkO1hV-qkll2EKcQ,Pays de la Loire
YVzzGcUxNwS3G6ez9eb-fg,Pays de la Loire
9qHKD9lpm9IsM7tEQh29wg,Pays de la Loire
cFGQLnG310Pv4aNEgEI38g,Pays de la Loire
Ak8P_Zseni-_GsjLQXST0w,Pays de la Loire
43FqBDNOaNo0tHSBekZBOg,Pays de la Loire
qmA1R8gybbCaE6P3ogt64w,Pays de la Loire
iu0_ROgSAgLT3Np2TpE06w,Pays de la Loire
-tJTkLcgVHDb-qXMnhxuxQ,Pays de la Loire
sNC95dGo7xzwu1KB46dyiA,Pays de la Loire
23tRQc_e0LszrEKLOoyYQQ,Pays de la Loire
s0XCY4gXZNpYL4jmuRJSNg,Pays de la Loire
ZZxhhvIc3HTdY6MmxGsQJA,Pays de la Loire
fd2k_6gvP3-wDfBg_AJ8uw,Pays de la Loire
1A6Eay7AdT4eRvzvMPrlCg,Pays de la Loire
2ENivvMHXJsmtTldwEK-5g,Pays de la Loire
7yqkiqTR3529X3SRCNka8w,Pays de la Loire
hyqu0OEzBaBPj4gORu2fIQ,Pays de la Loire
w9LdkC69ZbMG9LLwdS6yyw,Pays de la Loire
5JUGZl605sWngSlztMHgDA,Pays de la Loire
600Hr8VFtCmQaoAaE41cyQ,Pays de la Loire
-RN0zbe2-bThEc5aQ3emMg,Pays de la Loire
DQIw8WuLQzpl4K2oG13wtA,Pays de la Loire
iHchqiS83N7yBeXVQLXRHA,Pays de la Loire
ecKuzcL6Z0hG2Jzn1jpvjg,Pays de la Loire
8FN5DLGFJo92GKEJpKVtIA,Ile-de-France
1kLB7oJWNAFWiDFx0nM6Uw,Ile-de-France
0hQntU_PezVHPlsmEP3Zng,Ile-de-France
46oezFL-exWVYaka5gP4Fw,Ile-de-France
0w9bFNCJTkAXUGYt5q0cHg,Ile-de-France
iyqiuEwCx0haWzY-obbAvA,Ile-de-France
87HAEIVhZBjr2MsXKdXjWg,Ile-de-France
TCC7OCFSll3z36pTOTeKuA,Ile-de-France
5bqawp67fiGNCNOe2uxS1g,Ile-de-France
DbH0WGCD4UCf_-_AE9TY5g,Ile-de-France
A23zX7zT8-nCgE_ov5OI3Q,Ile-de-France
m81RdrtlltVm8YTUnyhn6Q,Ile-de-France
U8wHj_3XaKxLrTmTGnimuQ,Ile-de-France
D76WqUzL2ldaa73x8kfC0A,Ile-de-France
BAzlf-YtfPCV6BXTTbSeYw,Ile-de-France
bguRYNw9aaQLx1w3gfw5bw,Ile-de-France
J3IWJRm7ghmwAvhkzrIbiA,Ile-de-France
fUoGY8kGfcbFTKFeFSl6-w,Ile-de-France
siWVy7LK14VEEBwTpSVLNw,Ile-de-France
IMqvaIJkwtTyse--qXJDoQ,Ile-de-France
gODo4cEJTnDH0lglM9GxMQ,Ile-de-France
nytnXFfWLV4sggipWGGSGA,Ile-de-France
59gQj_jL1Wzb-nA9NMyBdg,Ile-de-France
vxRaKEmNvydCY10No2rEmg,Ile-de-France
w1mS3dkeyLE_1UqZCKCYjg,Ile-de-France
64TXzP5eO7RFDBS1W521uQ,Ile-de-France
mwq41d9qx3zgzAdH_uaXmg,Ile-de-France
mfZYamNrdQMym4T2xXOwuw,Ile-de-France
r0SD6n3VJzqtj54vpY2R6A,Ile-de-France
SrJ327GL-glAapCCngyXhg,Ile-de-France
w5xYUiKjrbUX3Kk_rvCHRw,Ile-de-France
Dov8L65i-7L5ceRKUaPpIA,Ile-de-France
UtmfRM_rVpv_wS8qBh4g3A,Ile-de-France
8eReAV8eXoCRXp8iWnRDBA,Ile-de-France
eo4dXTQHiKF_v5E0og_HBg,Ile-de-France
IQ1I1jkw2rPHW_TGQVXBAw,Ile-de-France
C1ZkTeY3J5tuc13CiYx4pA,Ile-de-France
0CrbqFVAqoUVFgzT5lsnQg,Ile-de-France
6pVbRMVjR_o1pYscWKIIaw,Ile-de-France
eKTZgUlQ6EFsEonvYUuVsw,Ile-de-France
WgceLBWukeRqeBJo11b_kA,Ile-de-France
VfMfPdSvPMhtacJcnBNmkA,Ile-de-France
Sh0JCWNM5mzC5YcyYb42WA,Ile-de-France
CaOjCS64Kg3sEsYg1fD54g,Ile-de-France
mqsR_9p8d1WadAc57zAvGQ,Ile-de-France
vMC5AdNVEocOpVs2nQv4JQ,Ile-de-France
75cO1WsVXqWEeR23NJmsqQ,Ile-de-France
UP8nbe4rgqK084zz4XNlSA,Ile-de-France
shDRqQkNf6J04cuuI_f6Mg,Ile-de-France
ab8Y03_tKkjYFiFWmL5xNA,Ile-de-France
qjS8fvML_yEPu5MimcXEXg,Ile-de-France
gS9RcBqaZeV6DQlmJV7xPw,Ile-de-France
ebjsu6ZEzICOjGLaDnmDlg,Ile-de-France
46oYrHDdVO03B5-acg-dyw,Ile-de-France
ACxGn577sw4r0_aJMjcrDg,Ile-de-France
CIXjwrsBAayR30KjDyFHTg,Ile-de-France
1cYcjqFp0opDsRY08OAG1g,Ile-de-France
ca53YHkggb_HNNpUKnE4cQ,Ile-de-France
8nP3UzdiYxdy0KGYccA4pQ,Ile-de-France
HtUpHcJqZl6GFTiRTmF3eA,Ile-de-France
m68StvWj1-PW5TYYGStQXQ,Ile-de-France
bYLvdsgrq28fUi_2zwQIAA,Ile-de-France
_F32-5euSzfE--EwRy8VJw,Ile-de-France
vfdMwlwuGB51L6OM3-b1WQ,Ile-de-France
dq9EtpjoDhnjyDeR5NVd4w,Ile-de-France
YiCdjcKbCndCl6QBxwJUYw,Ile-de-France
9xbc9sSbtzQyozwybYKGDw,Ile-de-France
lrA9Zqs5a2-cj2LMlnPmtg,Ile-de-France
67_K1Zy5p-rthacg1iPMRg,Ile-de-France
bpLuyuBCUPu46BMotEOV2g,Ile-de-France
SpG4QbfWE4nwEs_4w1eGKA,Ile-de-France
kAMDfAsZ057PUv2AVPlNHg,Ile-de-France
-GAVgLfa8a6sjmQbGCIspg,Ile-de-France
kdFk67Gp0irCrQ0t3ajGxQ,Ile-de-France
9DO7mtT3WDoGngqkhuAPnw,Ile-de-France
2A0EFlM9y_LFp4KcMGb0CA,Ile-de-France
XiMKYKrIyBKt3v-t9vQklA,Ile-de-France
9yeAp-y0SHjW9GV1zXcbsg,Ile-de-France
k6WA1Dwxsekg8KH8_gX-_w,Ile-de-France
IrEfEUGt6ArRA3mvG0vImg,Ile-de-France
lXzJXNfCFsVLI4VjtA7j6Q,Ile-de-France
Ar7R0gBpGthJpZ3eL1zFYw,Ile-de-France
6KDlUmpgl5-WOWFqSJyH8g,Ile-de-France
2N0fe1jFxs6f4g2tzaHK_g,Ile-de-France
WaZpI2AlDbdPbRgyxy4CYg,Ile-de-France
kuB2naakdEk-oQEQqHR_rw,Ile-de-France
wIjxhJ9dAoX6HALTjkEjeQ,Ile-de-France
5u7HCrplEe3m1CFzudgU2A,Ile-de-France
ize2aLaXH8cM-maq87DFIg,Ile-de-France
03wyYlW2q2YKWl0vCTTY-g,Ile-de-France
BUbr53sCUJj_U_MV-JCPig,Ile-de-France
kfd3ntjwOXySwy_oXLROHg,Ile-de-France
9_gDwaMrmKIuw9KlzcqBMw,Ile-de-France
eU_WaRVLUDMnaj2_xzO4dg,Ile-de-France
mf8S-hBOKKVnew9VxjExsQ,Ile-de-France
AqZRomV8t5m_amlWDQFp7A,Ile-de-France
-Tf98bX2oSAHCEsFz0HFNg,Ile-de-France
8SPgMeZDRK9F2e4oMMAjmQ,Ile-de-France
cOkAgRK7zqKK_XLgz03sdg,Ile-de-France
C4HBL2Dh22E33bnG8Q8QBA,Ile-de-France
eQSk7NvWZdLLIsAFz42ubg,Guadeloupe
c3bTEICpHXI7qQ-l15NqBA,Guadeloupe
_kvnoyluJqHm2nd1eW_pLA,Guadeloupe
senxNHRFhQ6_OrWLK1_9Dg,Guadeloupe
mZ5K-fz3cb5jXffAGGycVA,Guadeloupe
zNXXQv8LmaLUAQ8U4KMtCA,Guadeloupe
vTtemYi_aQ6eYMFWj-C6PQ,Guadeloupe
YD2xD6ON2osVRscxmYF0-A,Guadeloupe
ewxvVIz7r1ZCKHA5GmTYxg,Guadeloupe
whGleHR-hNdbg6Yo5qCI9A,Guadeloupe
a7NJnoOztTBmLM0ik_op2Q,Guadeloupe
6dRC8Rtfeq4QE1FuggjaMQ,Guadeloupe
1h4jjUrgpLg_E-mdopMs_g,Guadeloupe
YhiKd514TIk-b9QYv9yWvw,Guadeloupe
84K96Pl14lRGQp2URv7lzQ,Guadeloupe
huu0y4y6DTGs7hNsx0Pc6w,Guadeloupe
3nRJLfh3SYVURzFXrReF4Q,Guadeloupe
vdPkOeMVR8ur5t3ixZ4D3Q,Guadeloupe
It-5P-KdVe92u9152zXOZQ,Guadeloupe
jps-C2CjMDq48__Y3jEpuQ,Guadeloupe
c8qQnwj4NS6IiEC1tRJLzQ,Guadeloupe
7yb_74FUS_F1BJdiygsTVQ,Guadeloupe
ZwzEDAtTQ39pQUG2RowVPA,Guadeloupe
gVRxKNFCVJBMmpzRRc-uFw,Guadeloupe
rmicd1OjBKoZ2TlV7Bltbw,Guadeloupe
jkYWQQOuz2dhvp3MfQPkEA,Guadeloupe
w3a_UalyEhN8-go3kYJxqg,Guadeloupe
wNYr6WvYLYZb-NZAmvI_Zg,Guadeloupe
63cc7qJ9nsv_xqottkSfQw,Guadeloupe
j7BxUdqNGl7OWgb2ZYppAw,Guadeloupe
ASyrH-E-_U6uzEKfOm9igg,Guadeloupe
I72Zt8yVLl_S6u6I2C07Ag,Guadeloupe
9Jgec7FbsnRPLZLfjhjg4g,Guadeloupe
Ta3sc34E9Zr76fGDO3oi0w,Guadeloupe
bPS0akoTjEFXmQTl0jTPeQ,Guadeloupe
nTQdYOv5sNkKI6Us1wGEew,Guadeloupe
8W5NOHpU_kicbQ-nogxhxQ,Guadeloupe
9Zev4dunKlzCDHocHOwQmQ,Guadeloupe
smJQMryAs3BRmKwoOb5TRQ,Guadeloupe
1-kDZXRNFRp4TzSLKStI6Q,Guadeloupe
eSwRLvihozw9h8FsSlfjKA,Guadeloupe
9n_w9evhhyEOtBUWn4H1zw,Guadeloupe
9pO1FMoEJ-44gb9oraUDLg,Guadeloupe
V2jWb0uPt-_nlzY_SXcj5A,Guadeloupe
o-3V5A11P2K9RXVApQA7CA,Guadeloupe
3PeR2mSoFpFfmlCTb2cKbg,Guadeloupe
BKcmC-XsavYqPqGUtePqKA,Guadeloupe
CTTc8tVXPVnDY2QKHhGrqg,Guadeloupe
wHYvXu-73oNoCffHmPT2bw,Guadeloupe
n9XnyPFNizXo32QvEjUndA,Guadeloupe
dZ2QfmpuqkGexWuV6f7pHg,Guadeloupe
_S5fYTwmbjlyw5hcyMFoIw,Guadeloupe
xXZjAaI8cLO6lmbuRdbg9Q,Guadeloupe
rVvoN31db9U0GYeTlWQilQ,Guadeloupe
fSYKvRe5RVOrhiBNzWFZAg,Guadeloupe
aVIRW7BRkY0laGubsZq_Ew,Guadeloupe
lDIgq73c23mpdFHybPWnNw,Guadeloupe
9MQfpEbfCqxNhHhXL5qn3Q,Guadeloupe
0PnBHRtrDu0u_XPog2hxiw,Guadeloupe
hwKoJbtHhsoZ4qrwIlisSA,Guadeloupe
YacaNwi2J-PzL1fNLUBVXg,Guadeloupe
ldyL7eQwxAik_ZdZLhBTvg,Guadeloupe
kEWNEcie_D1shGxzs8MZ1Q,Guadeloupe
hCTT9xkW6Bv0KVlYFybswA,Guadeloupe
fOB9aR0csA7sFSRDVx4cYw,Guadeloupe
nfhBOn1FHdqvv-2ac30ttg,Guadeloupe
_xXdKA5TM0HTQwNErKqYQA,Guadeloupe
_YKh8zhuJpNu9vYgk91Fjw,Guadeloupe
eIRUpcN-SBbT7kYvTmiXAw,Guadeloupe
yq67tOhbEjy2Upx0EgrMjg,Guadeloupe
h19OY6TAXy6DF7QJAWS4bQ,Guadeloupe
Ytq0WIafax9E0EvU_ElV0A,Guadeloupe
Uo3sUwKi95O-WwthaQHavg,Guadeloupe
dhELZMQUNQxOOUK0jXtSmA,Guadeloupe
Z-YVMx1GMtRnbkDXgPgj2g,Guadeloupe
ZxKB_fLzPi9uoII2tDc3ag,Guadeloupe
UHYbbYrixmn7oE-bC9nQvg,Guadeloupe
7s0JvW2scaRIvjW9yu4RpA,Guadeloupe
jwVfH1O576cgsoJgBIRMcg,Guadeloupe
dgxqNpr20HblUY5PBF8KUQ,Guadeloupe
BiI9oxubmL6l6DFI1tOeEg,Guadeloupe
SsBlLBgW46N8OIE8SSCpHQ,Guadeloupe
5YQINYXslDhAIwqsKId-EA,Guadeloupe
UtZ1R-M4TFJHa0zGHxFIaQ,Guadeloupe
C4fcVaPWggu8CJ_eXTYcQQ,Guadeloupe
eCS01RIM4g1mWrnJ1Dh69A,Guadeloupe
s6mzBVTXqqFPpK5Miz9Ezg,Guadeloupe
iGc9ThNAxHMzXXlTylsIuw,Guadeloupe
Ags261T6JdFlrK9BM1bLxQ,Guadeloupe
g4p5ivVpLuAPZh7bbu7sNg,Guadeloupe
-10eB_4L4nPkOm3RtlxGig,Guadeloupe
s_0SHSZ80xck1xA3ztVvQw,Guadeloupe
1gjKReIAjMeVMfI_JamaIQ,Guadeloupe
4cMzsYDOmditCStiv1reQA,Guadeloupe
bvOTHMtPcoL2IwbJYuU7sQ,Guadeloupe
HgzL8BEVIZjkOxhK6fPJEw,Guadeloupe
WD9O0emVezrP_TscluuVGQ,Guadeloupe
v_h9h59hG5CRz5BHYSsbEg,Guadeloupe
H_h2vfX9Fh8q6bTksiMaQQ,Guadeloupe
BmKnuFtrZAfyUz-l8mQkQQ,Guadeloupe
66nvwOaOsUKjvifs4CXJ6w,Centre-Loire Valley
28Mz79tx4lD9m73UKXDfcA,Centre-Loire Valley
luRb043u93H0lUbtHUxEmw,Centre-Loire Valley
-f6sWT4vfyEe9L_but3aIg,Centre-Loire Valley
hrP3mdGJg041-9cC91ELJA,Centre-Loire Valley
88xeC1RFD-JkcvxK4yQlvg,Centre-Loire Valley
eEZKaYDQpqQwf44BYx74yA,Centre-Loire Valley
4_8uSQhjMuCsiv4yE0hqsQ,Centre-Loire Valley
U7Hh9CC14GwIOmKSgj8FYQ,Centre-Loire Valley
5jXB8X3CLyt-I7Zd7BviyA,Centre-Loire Valley
1v6rJkdyFPURR-y-AnOIJA,Centre-Loire Valley
UK-E_XMivpmhVikSsioVfg,Centre-Loire Valley
EfmxHBe06Mu-iUPpHnft3g,Centre-Loire Valley
5Na7KgMJCuZxuj9cAUN5Lg,Centre-Loire Valley
sRxZwVJisB5K7FrzJM1GRQ,Centre-Loire Valley
hlHtBbL4WfcwHDppKD5R-Q,Centre-Loire Valley
sTHTK49ZXiFVwLKrPqiKaw,Centre-Loire Valley
6_20VmBNxqWlVGEqKMHlzA,Centre-Loire Valley
f__JHo7A5udyuyj4R0aB7w,Centre-Loire Valley
IHkkbYEu2hyKxQPKUwTxpA,Centre-Loire Valley
nLtzUZuoiTie_qJCZa5ekA,Centre-Loire Valley
V8wFgZuNKDtiXYixgq10gg,Centre-Loire Valley
IcpjUzivL9Lwx3k1D_U96A,Centre-Loire Valley
ji-aqi0e4IYdTkPv8PpwHA,Centre-Loire Valley
nLCJSbctluY49c_334QjNw,Centre-Loire Valley
r7yw9svJX8QqayZFFYdWUg,Centre-Loire Valley
6mbSYA4qT-5olaAZ7qRqzA,Centre-Loire Valley
8fRqycbqS22gtJOvpJBZvg,Centre-Loire Valley
DdNUibirNwvjTx9yRb57BQ,Centre-Loire Valley
I26iOtyw2RLUWWaFmOuDgg,Centre-Loire Valley
lr_oErM036e2Ok3mT0mJ1w,Centre-Loire Valley
l2l4lhQaPv5DcYTNkUi0Pw,Centre-Loire Valley
A26PgzODhAgZJnmlFIZP8Q,Centre-Loire Valley
1aQa4m1xovHn447SElnAzg,Centre-Loire Valley
dFcZ5BmkMdk52nOpXmWl1w,Centre-Loire Valley
BSdFeOR3SWxhKxp2jUNcjQ,Centre-Loire Valley
HxbkwsqcfMyQjyTmH3xCGg,Centre-Loire Valley
c2l13VDEIyT8UG-6FgbFMA,Centre-Loire Valley
E3Lw7jGlnNgZGdSRbtVQXg,Centre-Loire Valley
cbwasL_2IH9-aXnT1e0rFg,Centre-Loire Valley
axQUY9mBlFinIgOKYNeM7Q,Centre-Loire Valley
h0-boVwBykkggEFUsXudqA,Centre-Loire Valley
wWW6dOLZ512nMT8TLwYneQ,Centre-Loire Valley
DERIt6DARyANqaGBLAKHog,Centre-Loire Valley
rhJ2cxIuwvRlVz6dSqpU1g,Centre-Loire Valley
x3Rg18Vu52TqKsDMLFwEhA,Centre-Loire Valley
e1ecaApW7tjYcNfkgEfUiw,Centre-Loire Valley
jpR8oMy4i-uDOYeOySmT1g,Centre-Loire Valley
9vh6aQTel5xZOxDsoY4oLg,Centre-Loire Valley
U0ApKu_KZh4Pa8ThxOo6vg,Centre-Loire Valley
DmFeAyqP9f9qnb4mB6Xf7w,Centre-Loire Valley
oPwqkQoWYTrsTbD7YGUnyA,Centre-Loire Valley
ydGgrYWTMmqPiFiiQ60jrw,Centre-Loire Valley
4UxUR3BZy0O4q151YfrvSQ,Centre-Loire Valley
D7BJt_h-1vJQx72kEM38HQ,Centre-Loire Valley
f_qVAvsTQeZNKRJCB5_CGw,Centre-Loire Valley
b5XLOcL2RnrpeRw9HUUuiA,Centre-Loire Valley
vq8guqLfqaRdZeJzhpqrTA,Centre-Loire Valley
BYnYkVdOu-A3M7bOGh_zCA,Centre-Loire Valley
vpQg4V6BfY3s1U0yzf6-gQ,Centre-Loire Valley
9G1rT4YqX1Br9khVlT61QQ,Centre-Loire Valley
dR_BlvAf6T2zch6Oi1zmKg,Centre-Loire Valley
j_DrCVqUvlsMz0Hetl0KlA,Centre-Loire Valley
Tqi9165ypvjgnuGNNWHzrg,Centre-Loire Valley
0-UJSdGKm3oPFc2_CVrjxw,Centre-Loire Valley
vYb1KWP7cjBNCvwYSHPVAQ,Centre-Loire Valley
Yf7B7nPuLDGCc-vsr8U8Rg,Centre-Loire Valley
6K63y76Nkqr3b3n-vyfPEw,Centre-Loire Valley
BhdUw5Ji8_clbm674wZg4g,Centre-Loire Valley
4OB3215pebLdmtQRkxodkg,Centre-Loire Valley
Yy77sWtRBZu8RwBnMAwmvw,Centre-Loire Valley
1XdwCZAnEiBm4wyBhMLwXg,Centre-Loire Valley
jgVtMQz9kvuGlzqPf8NASg,Centre-Loire Valley
svm8gldq_qDzEhYDHIM45g,Centre-Loire Valley
AnUK1c7QukOEYeMvspOokw,Centre-Loire Valley
iX3Qm6Vg0K7zNfJDdL0T8g,Centre-Loire Valley
s3EULANpcvXKdexPlMaBdw,Centre-Loire Valley
8FI29xX-D09b5RA-j8bMuw,Centre-Loire Valley
oQBh5lMl9e9w_QF1Y-3CyA,Centre-Loire Valley
izEEKLZLSu_engPJLnl8BA,Centre-Loire Valley
JGELlp6upZTBppMDEpT76A,Centre-Loire Valley
xesKuYXbm_ZNRd3hI5y-CA,Centre-Loire Valley
hgxbj2um47RS0iuY8K9PCw,Centre-Loire Valley
3pYKE81RtawAFpU4IeCDDQ,Centre-Loire Valley
Sv5KOY9E4Dt96hMaXh9jvw,Centre-Loire Valley
7u6WkhmTpifdaVgG6gwmAQ,Centre-Loire Valley
wUfx7u40Vs585kvytG_YAA,Centre-Loire Valley
_jZShgdoT1sJLxl4_vZynw,Centre-Loire Valley
inQnyMFWx7SQr-2bTY_M9w,Centre-Loire Valley
3VWt8DUVWYOad0Ymy9_noA,Centre-Loire Valley
s-4-OdcLNRdfbNWXhphtWA,Centre-Loire Valley
VsUy7updsB9iLvUtX5VwbA,Centre-Loire Valley
8XSuw5PUEgIu6byxBQ7OHg,Centre-Loire Valley
2vSOLpqyhvo2eg4uVdMMpw,Centre-Loire Valley
a0vphELOUJ13htXcJNBv8w,Centre-Loire Valley
1vVEubQGwNQ0FEGYgNhHyw,Centre-Loire Valley
ZGMW0mVdwWPJS7TR_1Fmaw,Centre-Loire Valley
9lUsbN2XzfzAfuK19u5esQ,Centre-Loire Valley
zONxo7r4fRM86LypTrMuKw,Centre-Loire Valley
2T8p2WKxfi6ShcepEsn82A,Centre-Loire Valley
HWDpbHuzYOhcCr0QHycgKA,Martinique
h2u7Wfbeu3fXgLqbyKHFBQ,Martinique
9qGZ6bm0w6jIjxWS1hYBag,Martinique
z2rrJtQBjprIt7vHWeRxXQ,Martinique
-WZAXlYPqvrIUQr7I0f3uA,Martinique
yPFoVeqt9e9ymPrFr2z-QQ,Martinique
_AENRZXehta8nfCrvlvatg,Martinique
h8DjUONMI4ctHvVhScieAw,Martinique
hxUdJxx05_4vrx37t3XuHQ,Martinique
eAIottjFDmWuN3uIK4mBnw,Martinique
4ztpl1kzrPWin7bK6XQtYg,Martinique
Xonu0Ze0fHY5IofcHdjK7g,Martinique
BaM86TUOVB0m5Hx2sFL19w,Martinique
YYCAg7ORRH0xJm-X0WI_Jw,Martinique
6oMPEGSAka9eqRqv0fiKOA,Martinique
4WyBHsu5qHjHhGNmmWHCJg,Martinique
nK-I7do4heBFisS4D0MljA,Martinique
TT113ojPijsORoZ2jtaLXw,Martinique
zGKuOGTbx-U281aUBjWYww,Martinique
4YoMuE-LIIz6hvqBwOf2oA,Martinique
Ciu5P14ykuAQItdS2Ye_Hg,Martinique
zTeT7c-8m90Q9-M0O3H6-Q,Martinique
5W86dtLyBjoOil0RT5k1IQ,Martinique
fy-fltMlEM7lLNTlau7kDQ,Martinique
xe7InriWzOD2kDE1qClRmw,Martinique
jEKRSJ1Lf7NHA_RpFCBN_w,Martinique
4SeivvJp7TY0WOcMM_1iwg,Martinique
vT1QGuTkYSgv5M8dZoS58Q,Martinique
apcp0VkSYQ9zy4eGOX68IQ,Martinique
_E9XHhpDDXDG-IHCIlCdYA,Martinique
ltMz39QBs1okko2J14JfWg,Martinique
kwGKLkJBjvASOVPddKIx9g,Martinique
HpG2u546VxQcsRscPLoWqA,Martinique
xDTR4hziHH0slqK02SmhsA,Martinique
CKrCNiEb_XhQV2D1a52gOw,Martinique
CBAwHvZ09aRrSZ8H7RmgMA,Martinique
E9GS6CS_imD0njmfmQJ78g,Martinique
mmDBbNlYEDEls8Prbhoorg,Martinique
_4UrHpOUubbU0shadi_bdQ,Martinique
TFSxUiDzvflOSY8Iz-giSA,Martinique
mJMuRiV-rSD-EfkIkxETbA,Martinique
3__DJ5rhiZ8uqsVeJzNSkA,Martinique
cawG4GjfEHT7DtJXCE3FCg,Martinique
bte2ZxhROjG9CtOjkoMMvg,Martinique
HQO7R7_aJQGpcCD2iHYz9w,Martinique
wARzUuOp06xLfQzlYAit5g,Martinique
idCEgiLbBTO3tRP1VcwXwA,Martinique
jz46GAJGuhVUMGqrK8Pv_Q,Martinique
aFXumqLK13lHyzArtiNZLA,Martinique
stF-JByzO1EqQ1jFA4C97Q,Martinique
210pMYJDFddi_bajvh3vgg,Martinique
fXreBVK39WK00F0Md1hT_g,Martinique
eNR-B0GrHtLY_JdV9NAi5g,Martinique
hkZ1AZ3awfH71HHJvlhyjQ,Martinique
__7wWUps3aS3e-Ntbqs2Uw,Martinique
zG9Yg7ep7TmeEJvOgEm3Ig,Martinique
Ix_P9m5-rk1bvxiLlQ1sAA,Martinique
HpVe5KUiENQFXAZnBe9V8A,Martinique
xJz9KwhvJR8WwSoVBYmiDw,Martinique
bm8B_faAnklCioXO4NWH_w,Martinique
Y81_LjTG_CvNqm4zDaKbWQ,Martinique
rwukrYRqnpNn1N8XmyELig,Martinique
nW8qaRCa9Inu3oxOoEWO-A,Martinique
86YAtab9SpM4Zy89klIpoA,Martinique
ziXtKyVKL9pCqA3gHtivKQ,Martinique
3f55v82R3ABABJVH89AHiw,Martinique
fgcmKsutHsd3rWfYMvXG3g,Martinique
-n27MU6miQPXr-b1Hbem9A,Martinique
BLao1lsNlCq4Q4wZdOLVig,Martinique
5nMyHKhZw-46uDuYI6M4gQ,Martinique
vzFi3PIqtzHxubfHW4APFg,Martinique
stTNF3bfA1jEaPOztucrlQ,Martinique
7t6xQ-5yPDHbEvsHtGAb6g,Martinique
akDwy1_iIcEs4WDsJLsEUw,Martinique
cOAdCtuxKtF7f8Eu6DBcJA,Martinique
mNth2S71UmMo2utnsiIP_g,Martinique
Hv4db3wv8pilBeb3QnrG0Q,Martinique
CdcP7VpoKC72uCq2zpWpaA,Martinique
4Yx71-ddHoooxl1gShKZNw,Martinique
W1rNw8RIyidALJCEWnobMA,Martinique
3SoYS5J9EtzDU-TaIT8qAQ,Martinique
SynvcfJvxdu_CMxziTcFJw,Martinique
4x2KEvo8rio6zaODTLbZuw,Martinique
1myxvE88DMNXcGYJcMg7QA,Martinique
lKhYcoGPMCK1G0Ekg0rw0A,Martinique
rYm711dIuYxV43AiH6jYQw,Martinique
vGjKT-jS3EPNFJz4amdsmg,Martinique
mCUsvbyjJFi1Hpi3YcFLzQ,Martinique
USmzvFVPK0hfBx3JtH39MQ,Martinique
ZozSExjZXQwdhlxbVr8vXA,Martinique
878uXLWinrcYLF0ds0oiUw,Martinique
-NHIRToBtIQQtmU-kAnujg,Martinique
2iQBzYjShd0A8BSpay7oLQ,Martinique
ALDQnrpTISBCjQRWVf3g7A,Martinique
EOA0LdTcB_SAR8_4lEoegw,Martinique
nL0k4F4gvqsDFXb6VFh9sA,Martinique
TUKfMer8_8vul7GAwpx2lA,Martinique
hmd8e41TGnNBHqh6qlRlnw,Martinique
Xl5N1g5j5vCVd9uQ1THSzw,Martinique
X6OYKTlXgfd68VGYF7OyZg,Martinique
-o0zO_D7bq7DgVRzB2pW5Q,Corsica
-SHQQp6pOe4IVplEL2orUA,Corsica
12fXJI1fRGShiy0cXWr2HQ,Corsica
0NEfBhB8s_VSqlm6HK0nKQ,Corsica
054CqdTlZWmDq7OFYDwyuA,Corsica
Spbp0SQ5TT49PqqYf7QVZg,Corsica
WS_V7IX7TH1MxEQVJWEj7A,Corsica
WO13-Om2PghnARXT1AjVlw,Corsica
VpuIU0Jao6NL7tkjWQqUSQ,Corsica
X6Qhsu2mYuNJZn7elevMkA,Corsica
WkbfRRsLdAYs2rTa13TNGA,Corsica
XJfDHUEyLjZ8xeXiyNcZdg,Corsica
XE9IqpkD5Qh-yWQ-FBqKrw,Corsica
ZHU-4XYEVi-U2Mxw-QOaFQ,Corsica
YSkYU0aNxBwRsAZXzolvsw,Corsica
ZYCLSxrFYmpYEqa8KUvNXg,Corsica
acdCiy1Va29_szBPgbRVHw,Corsica
_nckmSCsbyRtAKiF76bFhg,Corsica
cqXHUi7qDT2TLZxgEbM4Uw,Corsica
bOAakQQAFK8YTFqccmBukA,Corsica
bsYjy6CGDL-9g16vTbHyuA,Corsica
bW2FUtGqhA0MZDZGrXYi0Q,Corsica
bwN15p9OFwU-l0LPi9zZBA,Corsica
bttC36QuKxOCMXlqr4Bb1g,Corsica
ek0zu7r_cUHedUnPyMBBpw,Corsica
1HGpl1RTyJIef3uWMrqagQ,Corsica
2vptu6TOTy-6NW1XBSpD7w,Corsica
39Wvuftab5LHZydgyvc1Uw,Corsica
1jklluf37La_6n4dy5jE9A,Corsica
2bCiwAA7pSU4hIg17Uv-jw,Corsica
2Bi4oXZJSrcpTxEp18WYDg,Corsica
1Z3WsqOmhqYaCF67_SLVyA,Corsica
gFYugJWDNLs0A7-AkwQ-rw,Corsica
gW1d4xTEr2-mWf2EaoKYjw,Corsica
iKfB8nER89B0uVUxy4ZEUg,Corsica
iCnD7ESo71A4X6pRt4J5Ug,Corsica
htR3EZFKkhnMXweDcmRS3Q,Corsica
iRiy9gIYoUn7moCmAC2_cQ,Corsica
iP9q_UyDyo0Wgem7-JDSJw,Corsica
jxpgIlPLYKx4OAmr1swUHA,Corsica
kk3rAp2Wc8zeMwQ-gk1Djg,Corsica
lQtWHdcgzvNFfkcKVBOLbA,Corsica
l7CzTRDyTJHISASfs0DYng,Corsica
jxyNrLTBGUrGzpVK9MlfHw,Corsica
o2ylK9hA9Wq7xBkFV_5EOQ,Corsica
nJFGDWYWvTyEJVbm3HMXgw,Corsica
mKGbF5IXotxa8MpO8w5tqA,Corsica
nIlthlhvDNxHzdYwqmDLkg,Corsica
o3kSjawwPbHcOkeo2OvebA,Corsica
n8pgph89U4R0TXWsL6rthQ,Corsica
rpDDjf7hokXeyDhmuLisfQ,Corsica
s2tIpelfNVFEP_rgYIqJpg,Corsica
suLJc5bPI8Csy0blAfXhEA,Corsica
wubBOnIMBUP2fUw1s7y4Ng,Corsica
wAk4ySi5rl6svweOQCEh2Q,Corsica
yyIDHOV986PNPf76bota1g,Corsica
z-o6NcR5TMHw-PS6GjBMfg,Corsica
zQTOlC57E13v5APfesBfKg,Corsica
ybhqglBnZ3PmOPZQPJz68g,Corsica
yf9vDUCJvIdSx1o6piCNdQ,Corsica
z8BfN2dycDzyuV8Z7sxRQQ,Corsica
y-16NiPlXn8NnIJGMAU7PQ,Corsica
4nlQcBIwcp0YPU-5VrhdaQ,Corsica
3hAH5MA9Akwsjexuo9HwuA,Corsica
5oxiJ6SudydKNgjTxAjUKA,Corsica
6yeRxyZ7jPgX0u9PfFeA8g,Corsica
7exzYwnNq0cSnqeLOEoeyg,Corsica
7eDQmlHT_UDUhymHOYcTWQ,Corsica
5tRDRrJOBqelm5O_7E6D8Q,Corsica
8Fo3no3EqLOJWu1B_e1fIw,Corsica
9UmyEBnheDUTXyF8FkUUaw,Corsica
8aGBx6PZ6o6hqeLuNqGKIA,Corsica
Ao6kMsnFO9P5FcUYUQSLiQ,Corsica
DqHmgzhni8HOsYForTgjIQ,Corsica
ECwtqQ_hwTFN6XJrnJ8FVg,Corsica
E5eb1ZNRdISDYdj_tHrX6g,Corsica
DCv1COcmPZmKI5BYxY0S3A,Corsica
HDlAv5BUbq_rl6kT76eEmQ,Corsica
